[debug] [2026-10-03T04:12:38.369Z] [Firebase Plugin] Activating Firebase extension.
[debug] [2026-10-03T04:12:39.829Z] [Firebase Plugin] requireAuthWrapper
[debug] [2026-10-03T04:12:39.830Z] > command requires scopes: ["email","openid","https://www.googleapis.com/auth/cloudplatformprojects.readonly","https://www.googleapis.com/auth/firebase","https://www.googleapis.com/auth/cloud-platform"]
[debug] [2026-10-03T04:12:39.831Z] > authorizing via signed-in user (nigerainprince@gmail.com)
[debug] [2026-10-03T04:12:39.833Z] Checked if tokens are valid: true, expires at: 1791002803013
[debug] [2026-10-03T04:12:39.834Z] Checked if tokens are valid: true, expires at: 1791002803013
[debug] [2026-10-03T04:12:39.834Z] [Firebase Plugin] User found:  nigerainprince@gmail.com
[info] [Firebase Plugin] (Core:Project) New user detected, fetching projects
[debug] [2026-10-03T04:12:39.835Z] Checked if tokens are valid: true, expires at: 1791002803013
[debug] [2026-10-03T04:12:39.837Z] >>> [apiv2][query] GET https://firebase.googleapis.com/v1beta1/projects pageSize=1000
[debug] [2026-10-03T04:12:39.851Z] [Firebase Plugin] VSCode notification server listening on port 40001
[debug] [2026-10-03T04:12:39.952Z] *** [apiv2] error from fetch(https://firebase.googleapis.com/v1beta1/projects?pageSize=1000, {"headers":{},"method":"GET","signal":{}}): AggregateError
[debug] [2026-10-03T04:12:39.952Z] Failed to make request to https://firebase.googleapis.com/v1beta1/projects?pageSize=1000
[info] [Firebase Plugin] Starting SQL Connect toolkit (version 3.4.16) on port 50001
[debug] [2026-10-03T04:12:40.158Z] 'fdc build' failed with error: Unable to build your SQL Connect schema and connectors (exit code 1): E1003 00:12:40.155682   10441 cmd.go:43] Error loading data connect config: could not find dataconnect.yaml in `/home/cs/Capstone/Capstone-layout/dataconnect`
 {"metadata":{"emulator":{"name":"dataconnect"},"message":"'fdc build' failed with error: Unable to build your SQL Connect schema and connectors (exit code 1): E1003 00:12:40.155682   10441 cmd.go:43] Error loading data connect config: could not find dataconnect.yaml in `/home/cs/Capstone/Capstone-layout/dataconnect`\n"}}
[debug] [2026-10-03T04:12:40.159Z] Ignoring unsupported arg: auto_download {"metadata":{"emulator":{"name":"dataconnect"},"message":"Ignoring unsupported arg: auto_download"}}
[debug] [2026-10-03T04:12:40.159Z] Ignoring unsupported arg: port {"metadata":{"emulator":{"name":"dataconnect"},"message":"Ignoring unsupported arg: port"}}
[debug] [2026-10-03T04:12:40.159Z] Starting SQL Connect Emulator with command {"binary":"/home/cs/.cache/firebase/emulators/dataconnect-emulator-3.4.16","args":["--logtostderr","-v=2","dev","--listen=localhost:50001","--config_dir=/home/cs/Capstone/Capstone-layout/dataconnect","--enable_output_schema_extensions=true","--enable_output_generated_sdk=true"],"optionalArgs":["listen","config_dir","enable_output_schema_extensions","enable_output_generated_sdk"],"joinArgs":true,"shell":false,"port":9399} {"metadata":{"emulator":{"name":"dataconnect"},"message":"Starting SQL Connect Emulator with command {\"binary\":\"/home/cs/.cache/firebase/emulators/dataconnect-emulator-3.4.16\",\"args\":[\"--logtostderr\",\"-v=2\",\"dev\",\"--listen=localhost:50001\",\"--config_dir=/home/cs/Capstone/Capstone-layout/dataconnect\",\"--enable_output_schema_extensions=true\",\"--enable_output_generated_sdk=true\"],\"optionalArgs\":[\"listen\",\"config_dir\",\"enable_output_schema_extensions\",\"enable_output_generated_sdk\"],\"joinArgs\":true,\"shell\":false,\"port\":9399}"}}
[info] i  dataconnect: SQL Connect Emulator logging to dataconnect-debug.log {"metadata":{"emulator":{"name":"dataconnect"},"message":"SQL Connect Emulator logging to dataconnect-debug.log"}}
[debug] [2026-10-03T04:12:40.209Z] E1003 00:12:40.188714   10452 dev.go:80] Failed to load initial config from "/home/cs/Capstone/Capstone-layout/dataconnect": could not find dataconnect.yaml in `/home/cs/Capstone/Capstone-layout/dataconnect`
E1003 00:12:40.189131   10452 watch.go:116] watchAllDir unable to walk dir `/home/cs/Capstone/Capstone-layout/dataconnect`: lstat /home/cs/Capstone/Capstone-layout/dataconnect: no such file or directory
I1003 00:12:40.189236   10452 dev.go:101] Listening on address (HTTP + gRPC): 127.0.0.1:50001
 {"metadata":{"emulator":{"name":"dataconnect"},"message":"E1003 00:12:40.188714   10452 dev.go:80] Failed to load initial config from \"/home/cs/Capstone/Capstone-layout/dataconnect\": could not find dataconnect.yaml in `/home/cs/Capstone/Capstone-layout/dataconnect`\nE1003 00:12:40.189131   10452 watch.go:116] watchAllDir unable to walk dir `/home/cs/Capstone/Capstone-layout/dataconnect`: lstat /home/cs/Capstone/Capstone-layout/dataconnect: no such file or directory\nI1003 00:12:40.189236   10452 dev.go:101] Listening on address (HTTP + gRPC): 127.0.0.1:50001\n"}}
[error] [Firebase Plugin] error:  {}
[debug] [2026-10-03T04:12:50.205Z] E1003 00:12:50.204877   10452 watch.go:40] Failed to load config from "/home/cs/Capstone/Capstone-layout/dataconnect": could not find dataconnect.yaml in `/home/cs/Capstone/Capstone-layout/dataconnect`
 {"metadata":{"emulator":{"name":"dataconnect"},"message":"E1003 00:12:50.204877   10452 watch.go:40] Failed to load config from \"/home/cs/Capstone/Capstone-layout/dataconnect\": could not find dataconnect.yaml in `/home/cs/Capstone/Capstone-layout/dataconnect`\n"}}
[debug] [2026-10-03T04:13:00.294Z] E1003 00:13:00.294171   10452 watch.go:40] Failed to load config from "/home/cs/Capstone/Capstone-layout/dataconnect": could not find dataconnect.yaml in `/home/cs/Capstone/Capstone-layout/dataconnect`
 {"metadata":{"emulator":{"name":"dataconnect"},"message":"E1003 00:13:00.294171   10452 watch.go:40] Failed to load config from \"/home/cs/Capstone/Capstone-layout/dataconnect\": could not find dataconnect.yaml in `/home/cs/Capstone/Capstone-layout/dataconnect`\n"}}
[debug] [2026-10-03T04:13:10.248Z] E1003 00:13:10.247991   10452 watch.go:40] Failed to load config from "/home/cs/Capstone/Capstone-layout/dataconnect": could not find dataconnect.yaml in `/home/cs/Capstone/Capstone-layout/dataconnect`
 {"metadata":{"emulator":{"name":"dataconnect"},"message":"E1003 00:13:10.247991   10452 watch.go:40] Failed to load config from \"/home/cs/Capstone/Capstone-layout/dataconnect\": could not find dataconnect.yaml in `/home/cs/Capstone/Capstone-layout/dataconnect`\n"}}
[debug] [2026-10-03T04:13:20.226Z] E1003 00:13:20.226188   10452 watch.go:40] Failed to load config from "/home/cs/Capstone/Capstone-layout/dataconnect": could not find dataconnect.yaml in `/home/cs/Capstone/Capstone-layout/dataconnect`
 {"metadata":{"emulator":{"name":"dataconnect"},"message":"E1003 00:13:20.226188   10452 watch.go:40] Failed to load config from \"/home/cs/Capstone/Capstone-layout/dataconnect\": could not find dataconnect.yaml in `/home/cs/Capstone/Capstone-layout/dataconnect`\n"}}
[debug] [2026-10-03T04:13:30.210Z] E1003 00:13:30.209407   10452 watch.go:40] Failed to load config from "/home/cs/Capstone/Capstone-layout/dataconnect": could not find dataconnect.yaml in `/home/cs/Capstone/Capstone-layout/dataconnect`
 {"metadata":{"emulator":{"name":"dataconnect"},"message":"E1003 00:13:30.209407   10452 watch.go:40] Failed to load config from \"/home/cs/Capstone/Capstone-layout/dataconnect\": could not find dataconnect.yaml in `/home/cs/Capstone/Capstone-layout/dataconnect`\n"}}
[debug] [2026-10-03T04:13:40.189Z] E1003 00:13:40.189273   10452 watch.go:40] Failed to load config from "/home/cs/Capstone/Capstone-layout/dataconnect": could not find dataconnect.yaml in `/home/cs/Capstone/Capstone-layout/dataconnect`
E1003 00:13:40.189252   10452 watch.go:116] watchAllDir unable to walk dir `/home/cs/Capstone/Capstone-layout/dataconnect`: lstat /home/cs/Capstone/Capstone-layout/dataconnect: no such file or directory
 {"metadata":{"emulator":{"name":"dataconnect"},"message":"E1003 00:13:40.189273   10452 watch.go:40] Failed to load config from \"/home/cs/Capstone/Capstone-layout/dataconnect\": could not find dataconnect.yaml in `/home/cs/Capstone/Capstone-layout/dataconnect`\nE1003 00:13:40.189252   10452 watch.go:116] watchAllDir unable to walk dir `/home/cs/Capstone/Capstone-layout/dataconnect`: lstat /home/cs/Capstone/Capstone-layout/dataconnect: no such file or directory\n"}}
[debug] [2026-10-03T04:13:50.198Z] E1003 00:13:50.197906   10452 watch.go:40] Failed to load config from "/home/cs/Capstone/Capstone-layout/dataconnect": could not find dataconnect.yaml in `/home/cs/Capstone/Capstone-layout/dataconnect`
 {"metadata":{"emulator":{"name":"dataconnect"},"message":"E1003 00:13:50.197906   10452 watch.go:40] Failed to load config from \"/home/cs/Capstone/Capstone-layout/dataconnect\": could not find dataconnect.yaml in `/home/cs/Capstone/Capstone-layout/dataconnect`\n"}}
[debug] [2026-10-03T04:14:00.207Z] E1003 00:14:00.206856   10452 watch.go:40] Failed to load config from "/home/cs/Capstone/Capstone-layout/dataconnect": could not find dataconnect.yaml in `/home/cs/Capstone/Capstone-layout/dataconnect`
 {"metadata":{"emulator":{"name":"dataconnect"},"message":"E1003 00:14:00.206856   10452 watch.go:40] Failed to load config from \"/home/cs/Capstone/Capstone-layout/dataconnect\": could not find dataconnect.yaml in `/home/cs/Capstone/Capstone-layout/dataconnect`\n"}}
[debug] [2026-10-03T04:14:10.192Z] E1003 00:14:10.192684   10452 watch.go:40] Failed to load config from "/home/cs/Capstone/Capstone-layout/dataconnect": could not find dataconnect.yaml in `/home/cs/Capstone/Capstone-layout/dataconnect`
 {"metadata":{"emulator":{"name":"dataconnect"},"message":"E1003 00:14:10.192684   10452 watch.go:40] Failed to load config from \"/home/cs/Capstone/Capstone-layout/dataconnect\": could not find dataconnect.yaml in `/home/cs/Capstone/Capstone-layout/dataconnect`\n"}}
[debug] [2026-10-03T04:14:20.199Z] E1003 00:14:20.199053   10452 watch.go:40] Failed to load config from "/home/cs/Capstone/Capstone-layout/dataconnect": could not find dataconnect.yaml in `/home/cs/Capstone/Capstone-layout/dataconnect`
 {"metadata":{"emulator":{"name":"dataconnect"},"message":"E1003 00:14:20.199053   10452 watch.go:40] Failed to load config from \"/home/cs/Capstone/Capstone-layout/dataconnect\": could not find dataconnect.yaml in `/home/cs/Capstone/Capstone-layout/dataconnect`\n"}}
[debug] [2026-10-03T04:14:30.199Z] E1003 00:14:30.199624   10452 watch.go:40] Failed to load config from "/home/cs/Capstone/Capstone-layout/dataconnect": could not find dataconnect.yaml in `/home/cs/Capstone/Capstone-layout/dataconnect`
 {"metadata":{"emulator":{"name":"dataconnect"},"message":"E1003 00:14:30.199624   10452 watch.go:40] Failed to load config from \"/home/cs/Capstone/Capstone-layout/dataconnect\": could not find dataconnect.yaml in `/home/cs/Capstone/Capstone-layout/dataconnect`\n"}}
[debug] [2026-10-03T04:14:40.190Z] E1003 00:14:40.190191   10452 watch.go:116] watchAllDir unable to walk dir `/home/cs/Capstone/Capstone-layout/dataconnect`: lstat /home/cs/Capstone/Capstone-layout/dataconnect: no such file or directory
E1003 00:14:40.190243   10452 watch.go:40] Failed to load config from "/home/cs/Capstone/Capstone-layout/dataconnect": could not find dataconnect.yaml in `/home/cs/Capstone/Capstone-layout/dataconnect`
 {"metadata":{"emulator":{"name":"dataconnect"},"message":"E1003 00:14:40.190191   10452 watch.go:116] watchAllDir unable to walk dir `/home/cs/Capstone/Capstone-layout/dataconnect`: lstat /home/cs/Capstone/Capstone-layout/dataconnect: no such file or directory\nE1003 00:14:40.190243   10452 watch.go:40] Failed to load config from \"/home/cs/Capstone/Capstone-layout/dataconnect\": could not find dataconnect.yaml in `/home/cs/Capstone/Capstone-layout/dataconnect`\n"}}
[debug] [2026-10-03T04:14:50.192Z] E1003 00:14:50.192164   10452 watch.go:40] Failed to load config from "/home/cs/Capstone/Capstone-layout/dataconnect": could not find dataconnect.yaml in `/home/cs/Capstone/Capstone-layout/dataconnect`
 {"metadata":{"emulator":{"name":"dataconnect"},"message":"E1003 00:14:50.192164   10452 watch.go:40] Failed to load config from \"/home/cs/Capstone/Capstone-layout/dataconnect\": could not find dataconnect.yaml in `/home/cs/Capstone/Capstone-layout/dataconnect`\n"}}
[debug] [2026-10-03T04:15:00.191Z] E1003 00:15:00.191263   10452 watch.go:40] Failed to load config from "/home/cs/Capstone/Capstone-layout/dataconnect": could not find dataconnect.yaml in `/home/cs/Capstone/Capstone-layout/dataconnect`
 {"metadata":{"emulator":{"name":"dataconnect"},"message":"E1003 00:15:00.191263   10452 watch.go:40] Failed to load config from \"/home/cs/Capstone/Capstone-layout/dataconnect\": could not find dataconnect.yaml in `/home/cs/Capstone/Capstone-layout/dataconnect`\n"}}
[debug] [2026-10-03T04:15:10.189Z] E1003 00:15:10.189516   10452 watch.go:40] Failed to load config from "/home/cs/Capstone/Capstone-layout/dataconnect": could not find dataconnect.yaml in `/home/cs/Capstone/Capstone-layout/dataconnect`
 {"metadata":{"emulator":{"name":"dataconnect"},"message":"E1003 00:15:10.189516   10452 watch.go:40] Failed to load config from \"/home/cs/Capstone/Capstone-layout/dataconnect\": could not find dataconnect.yaml in `/home/cs/Capstone/Capstone-layout/dataconnect`\n"}}
[debug] [2026-10-03T04:15:20.201Z] E1003 00:15:20.200621   10452 watch.go:40] Failed to load config from "/home/cs/Capstone/Capstone-layout/dataconnect": could not find dataconnect.yaml in `/home/cs/Capstone/Capstone-layout/dataconnect`
 {"metadata":{"emulator":{"name":"dataconnect"},"message":"E1003 00:15:20.200621   10452 watch.go:40] Failed to load config from \"/home/cs/Capstone/Capstone-layout/dataconnect\": could not find dataconnect.yaml in `/home/cs/Capstone/Capstone-layout/dataconnect`\n"}}
[debug] [2026-10-03T04:15:30.192Z] E1003 00:15:30.192010   10452 watch.go:40] Failed to load config from "/home/cs/Capstone/Capstone-layout/dataconnect": could not find dataconnect.yaml in `/home/cs/Capstone/Capstone-layout/dataconnect`
 {"metadata":{"emulator":{"name":"dataconnect"},"message":"E1003 00:15:30.192010   10452 watch.go:40] Failed to load config from \"/home/cs/Capstone/Capstone-layout/dataconnect\": could not find dataconnect.yaml in `/home/cs/Capstone/Capstone-layout/dataconnect`\n"}}
[debug] [2026-10-03T04:15:40.189Z] E1003 00:15:40.189403   10452 watch.go:116] watchAllDir unable to walk dir `/home/cs/Capstone/Capstone-layout/dataconnect`: lstat /home/cs/Capstone/Capstone-layout/dataconnect: no such file or directory
E1003 00:15:40.189511   10452 watch.go:40] Failed to load config from "/home/cs/Capstone/Capstone-layout/dataconnect": could not find dataconnect.yaml in `/home/cs/Capstone/Capstone-layout/dataconnect`
 {"metadata":{"emulator":{"name":"dataconnect"},"message":"E1003 00:15:40.189403   10452 watch.go:116] watchAllDir unable to walk dir `/home/cs/Capstone/Capstone-layout/dataconnect`: lstat /home/cs/Capstone/Capstone-layout/dataconnect: no such file or directory\nE1003 00:15:40.189511   10452 watch.go:40] Failed to load config from \"/home/cs/Capstone/Capstone-layout/dataconnect\": could not find dataconnect.yaml in `/home/cs/Capstone/Capstone-layout/dataconnect`\n"}}
[debug] [2026-10-03T04:15:50.195Z] E1003 00:15:50.194540   10452 watch.go:40] Failed to load config from "/home/cs/Capstone/Capstone-layout/dataconnect": could not find dataconnect.yaml in `/home/cs/Capstone/Capstone-layout/dataconnect`
 {"metadata":{"emulator":{"name":"dataconnect"},"message":"E1003 00:15:50.194540   10452 watch.go:40] Failed to load config from \"/home/cs/Capstone/Capstone-layout/dataconnect\": could not find dataconnect.yaml in `/home/cs/Capstone/Capstone-layout/dataconnect`\n"}}
[debug] [2026-10-03T04:16:00.205Z] E1003 00:16:00.205549   10452 watch.go:40] Failed to load config from "/home/cs/Capstone/Capstone-layout/dataconnect": could not find dataconnect.yaml in `/home/cs/Capstone/Capstone-layout/dataconnect`
 {"metadata":{"emulator":{"name":"dataconnect"},"message":"E1003 00:16:00.205549   10452 watch.go:40] Failed to load config from \"/home/cs/Capstone/Capstone-layout/dataconnect\": could not find dataconnect.yaml in `/home/cs/Capstone/Capstone-layout/dataconnect`\n"}}
[debug] [2026-10-03T04:16:10.198Z] E1003 00:16:10.198282   10452 watch.go:40] Failed to load config from "/home/cs/Capstone/Capstone-layout/dataconnect": could not find dataconnect.yaml in `/home/cs/Capstone/Capstone-layout/dataconnect`
 {"metadata":{"emulator":{"name":"dataconnect"},"message":"E1003 00:16:10.198282   10452 watch.go:40] Failed to load config from \"/home/cs/Capstone/Capstone-layout/dataconnect\": could not find dataconnect.yaml in `/home/cs/Capstone/Capstone-layout/dataconnect`\n"}}
[debug] [2026-10-03T04:16:20.207Z] E1003 00:16:20.206665   10452 watch.go:40] Failed to load config from "/home/cs/Capstone/Capstone-layout/dataconnect": could not find dataconnect.yaml in `/home/cs/Capstone/Capstone-layout/dataconnect`
 {"metadata":{"emulator":{"name":"dataconnect"},"message":"E1003 00:16:20.206665   10452 watch.go:40] Failed to load config from \"/home/cs/Capstone/Capstone-layout/dataconnect\": could not find dataconnect.yaml in `/home/cs/Capstone/Capstone-layout/dataconnect`\n"}}
[debug] [2026-10-03T04:16:30.663Z] E1003 00:16:30.662481   10452 watch.go:40] Failed to load config from "/home/cs/Capstone/Capstone-layout/dataconnect": could not find dataconnect.yaml in `/home/cs/Capstone/Capstone-layout/dataconnect`
 {"metadata":{"emulator":{"name":"dataconnect"},"message":"E1003 00:16:30.662481   10452 watch.go:40] Failed to load config from \"/home/cs/Capstone/Capstone-layout/dataconnect\": could not find dataconnect.yaml in `/home/cs/Capstone/Capstone-layout/dataconnect`\n"}}
[debug] [2026-10-03T04:16:40.203Z] E1003 00:16:40.203039   10452 watch.go:116] watchAllDir unable to walk dir `/home/cs/Capstone/Capstone-layout/dataconnect`: lstat /home/cs/Capstone/Capstone-layout/dataconnect: no such file or directory
E1003 00:16:40.203127   10452 watch.go:40] Failed to load config from "/home/cs/Capstone/Capstone-layout/dataconnect": could not find dataconnect.yaml in `/home/cs/Capstone/Capstone-layout/dataconnect`
 {"metadata":{"emulator":{"name":"dataconnect"},"message":"E1003 00:16:40.203039   10452 watch.go:116] watchAllDir unable to walk dir `/home/cs/Capstone/Capstone-layout/dataconnect`: lstat /home/cs/Capstone/Capstone-layout/dataconnect: no such file or directory\nE1003 00:16:40.203127   10452 watch.go:40] Failed to load config from \"/home/cs/Capstone/Capstone-layout/dataconnect\": could not find dataconnect.yaml in `/home/cs/Capstone/Capstone-layout/dataconnect`\n"}}
[debug] [2026-10-03T04:16:50.199Z] E1003 00:16:50.199035   10452 watch.go:40] Failed to load config from "/home/cs/Capstone/Capstone-layout/dataconnect": could not find dataconnect.yaml in `/home/cs/Capstone/Capstone-layout/dataconnect`
 {"metadata":{"emulator":{"name":"dataconnect"},"message":"E1003 00:16:50.199035   10452 watch.go:40] Failed to load config from \"/home/cs/Capstone/Capstone-layout/dataconnect\": could not find dataconnect.yaml in `/home/cs/Capstone/Capstone-layout/dataconnect`\n"}}
[debug] [2026-10-03T04:17:00.252Z] E1003 00:17:00.251512   10452 watch.go:40] Failed to load config from "/home/cs/Capstone/Capstone-layout/dataconnect": could not find dataconnect.yaml in `/home/cs/Capstone/Capstone-layout/dataconnect`
 {"metadata":{"emulator":{"name":"dataconnect"},"message":"E1003 00:17:00.251512   10452 watch.go:40] Failed to load config from \"/home/cs/Capstone/Capstone-layout/dataconnect\": could not find dataconnect.yaml in `/home/cs/Capstone/Capstone-layout/dataconnect`\n"}}
[debug] [2026-10-03T04:17:10.704Z] E1003 00:17:10.703702   10452 watch.go:40] Failed to load config from "/home/cs/Capstone/Capstone-layout/dataconnect": could not find dataconnect.yaml in `/home/cs/Capstone/Capstone-layout/dataconnect`
 {"metadata":{"emulator":{"name":"dataconnect"},"message":"E1003 00:17:10.703702   10452 watch.go:40] Failed to load config from \"/home/cs/Capstone/Capstone-layout/dataconnect\": could not find dataconnect.yaml in `/home/cs/Capstone/Capstone-layout/dataconnect`\n"}}
[debug] [2026-10-03T04:17:20.191Z] E1003 00:17:20.191385   10452 watch.go:40] Failed to load config from "/home/cs/Capstone/Capstone-layout/dataconnect": could not find dataconnect.yaml in `/home/cs/Capstone/Capstone-layout/dataconnect`
 {"metadata":{"emulator":{"name":"dataconnect"},"message":"E1003 00:17:20.191385   10452 watch.go:40] Failed to load config from \"/home/cs/Capstone/Capstone-layout/dataconnect\": could not find dataconnect.yaml in `/home/cs/Capstone/Capstone-layout/dataconnect`\n"}}
[debug] [2026-10-03T04:17:30.190Z] E1003 00:17:30.190018   10452 watch.go:40] Failed to load config from "/home/cs/Capstone/Capstone-layout/dataconnect": could not find dataconnect.yaml in `/home/cs/Capstone/Capstone-layout/dataconnect`
 {"metadata":{"emulator":{"name":"dataconnect"},"message":"E1003 00:17:30.190018   10452 watch.go:40] Failed to load config from \"/home/cs/Capstone/Capstone-layout/dataconnect\": could not find dataconnect.yaml in `/home/cs/Capstone/Capstone-layout/dataconnect`\n"}}
[debug] [2026-10-03T04:17:40.192Z] E1003 00:17:40.192120   10452 watch.go:116] watchAllDir unable to walk dir `/home/cs/Capstone/Capstone-layout/dataconnect`: lstat /home/cs/Capstone/Capstone-layout/dataconnect: no such file or directory
E1003 00:17:40.192179   10452 watch.go:40] Failed to load config from "/home/cs/Capstone/Capstone-layout/dataconnect": could not find dataconnect.yaml in `/home/cs/Capstone/Capstone-layout/dataconnect`
 {"metadata":{"emulator":{"name":"dataconnect"},"message":"E1003 00:17:40.192120   10452 watch.go:116] watchAllDir unable to walk dir `/home/cs/Capstone/Capstone-layout/dataconnect`: lstat /home/cs/Capstone/Capstone-layout/dataconnect: no such file or directory\nE1003 00:17:40.192179   10452 watch.go:40] Failed to load config from \"/home/cs/Capstone/Capstone-layout/dataconnect\": could not find dataconnect.yaml in `/home/cs/Capstone/Capstone-layout/dataconnect`\n"}}
[debug] [2026-10-03T04:17:50.201Z] E1003 00:17:50.201690   10452 watch.go:40] Failed to load config from "/home/cs/Capstone/Capstone-layout/dataconnect": could not find dataconnect.yaml in `/home/cs/Capstone/Capstone-layout/dataconnect`
 {"metadata":{"emulator":{"name":"dataconnect"},"message":"E1003 00:17:50.201690   10452 watch.go:40] Failed to load config from \"/home/cs/Capstone/Capstone-layout/dataconnect\": could not find dataconnect.yaml in `/home/cs/Capstone/Capstone-layout/dataconnect`\n"}}
[debug] [2026-10-03T04:18:00.552Z] E1003 00:18:00.552371   10452 watch.go:40] Failed to load config from "/home/cs/Capstone/Capstone-layout/dataconnect": could not find dataconnect.yaml in `/home/cs/Capstone/Capstone-layout/dataconnect`
 {"metadata":{"emulator":{"name":"dataconnect"},"message":"E1003 00:18:00.552371   10452 watch.go:40] Failed to load config from \"/home/cs/Capstone/Capstone-layout/dataconnect\": could not find dataconnect.yaml in `/home/cs/Capstone/Capstone-layout/dataconnect`\n"}}
[debug] [2026-10-03T04:18:10.195Z] E1003 00:18:10.195214   10452 watch.go:40] Failed to load config from "/home/cs/Capstone/Capstone-layout/dataconnect": could not find dataconnect.yaml in `/home/cs/Capstone/Capstone-layout/dataconnect`
 {"metadata":{"emulator":{"name":"dataconnect"},"message":"E1003 00:18:10.195214   10452 watch.go:40] Failed to load config from \"/home/cs/Capstone/Capstone-layout/dataconnect\": could not find dataconnect.yaml in `/home/cs/Capstone/Capstone-layout/dataconnect`\n"}}
[debug] [2026-10-03T04:18:20.228Z] E1003 00:18:20.227846   10452 watch.go:40] Failed to load config from "/home/cs/Capstone/Capstone-layout/dataconnect": could not find dataconnect.yaml in `/home/cs/Capstone/Capstone-layout/dataconnect`
 {"metadata":{"emulator":{"name":"dataconnect"},"message":"E1003 00:18:20.227846   10452 watch.go:40] Failed to load config from \"/home/cs/Capstone/Capstone-layout/dataconnect\": could not find dataconnect.yaml in `/home/cs/Capstone/Capstone-layout/dataconnect`\n"}}
[debug] [2026-10-03T04:18:30.189Z] E1003 00:18:30.189604   10452 watch.go:40] Failed to load config from "/home/cs/Capstone/Capstone-layout/dataconnect": could not find dataconnect.yaml in `/home/cs/Capstone/Capstone-layout/dataconnect`
 {"metadata":{"emulator":{"name":"dataconnect"},"message":"E1003 00:18:30.189604   10452 watch.go:40] Failed to load config from \"/home/cs/Capstone/Capstone-layout/dataconnect\": could not find dataconnect.yaml in `/home/cs/Capstone/Capstone-layout/dataconnect`\n"}}
[debug] [2026-10-03T04:18:40.190Z] E1003 00:18:40.190466   10452 watch.go:116] watchAllDir unable to walk dir `/home/cs/Capstone/Capstone-layout/dataconnect`: lstat /home/cs/Capstone/Capstone-layout/dataconnect: no such file or directory
E1003 00:18:40.190493   10452 watch.go:40] Failed to load config from "/home/cs/Capstone/Capstone-layout/dataconnect": could not find dataconnect.yaml in `/home/cs/Capstone/Capstone-layout/dataconnect`
 {"metadata":{"emulator":{"name":"dataconnect"},"message":"E1003 00:18:40.190466   10452 watch.go:116] watchAllDir unable to walk dir `/home/cs/Capstone/Capstone-layout/dataconnect`: lstat /home/cs/Capstone/Capstone-layout/dataconnect: no such file or directory\nE1003 00:18:40.190493   10452 watch.go:40] Failed to load config from \"/home/cs/Capstone/Capstone-layout/dataconnect\": could not find dataconnect.yaml in `/home/cs/Capstone/Capstone-layout/dataconnect`\n"}}
[debug] [2026-10-03T04:18:50.199Z] E1003 00:18:50.198935   10452 watch.go:40] Failed to load config from "/home/cs/Capstone/Capstone-layout/dataconnect": could not find dataconnect.yaml in `/home/cs/Capstone/Capstone-layout/dataconnect`
 {"metadata":{"emulator":{"name":"dataconnect"},"message":"E1003 00:18:50.198935   10452 watch.go:40] Failed to load config from \"/home/cs/Capstone/Capstone-layout/dataconnect\": could not find dataconnect.yaml in `/home/cs/Capstone/Capstone-layout/dataconnect`\n"}}
[debug] [2026-10-03T04:19:00.195Z] E1003 00:19:00.194842   10452 watch.go:40] Failed to load config from "/home/cs/Capstone/Capstone-layout/dataconnect": could not find dataconnect.yaml in `/home/cs/Capstone/Capstone-layout/dataconnect`
 {"metadata":{"emulator":{"name":"dataconnect"},"message":"E1003 00:19:00.194842   10452 watch.go:40] Failed to load config from \"/home/cs/Capstone/Capstone-layout/dataconnect\": could not find dataconnect.yaml in `/home/cs/Capstone/Capstone-layout/dataconnect`\n"}}
[debug] [2026-10-03T04:19:10.895Z] E1003 00:19:10.894860   10452 watch.go:40] Failed to load config from "/home/cs/Capstone/Capstone-layout/dataconnect": could not find dataconnect.yaml in `/home/cs/Capstone/Capstone-layout/dataconnect`
 {"metadata":{"emulator":{"name":"dataconnect"},"message":"E1003 00:19:10.894860   10452 watch.go:40] Failed to load config from \"/home/cs/Capstone/Capstone-layout/dataconnect\": could not find dataconnect.yaml in `/home/cs/Capstone/Capstone-layout/dataconnect`\n"}}
[debug] [2026-10-03T04:19:20.206Z] E1003 00:19:20.206061   10452 watch.go:40] Failed to load config from "/home/cs/Capstone/Capstone-layout/dataconnect": could not find dataconnect.yaml in `/home/cs/Capstone/Capstone-layout/dataconnect`
 {"metadata":{"emulator":{"name":"dataconnect"},"message":"E1003 00:19:20.206061   10452 watch.go:40] Failed to load config from \"/home/cs/Capstone/Capstone-layout/dataconnect\": could not find dataconnect.yaml in `/home/cs/Capstone/Capstone-layout/dataconnect`\n"}}
[debug] [2026-10-03T04:19:30.208Z] E1003 00:19:30.208643   10452 watch.go:40] Failed to load config from "/home/cs/Capstone/Capstone-layout/dataconnect": could not find dataconnect.yaml in `/home/cs/Capstone/Capstone-layout/dataconnect`
 {"metadata":{"emulator":{"name":"dataconnect"},"message":"E1003 00:19:30.208643   10452 watch.go:40] Failed to load config from \"/home/cs/Capstone/Capstone-layout/dataconnect\": could not find dataconnect.yaml in `/home/cs/Capstone/Capstone-layout/dataconnect`\n"}}
[debug] [2026-10-03T04:19:40.189Z] E1003 00:19:40.189440   10452 watch.go:40] Failed to load config from "/home/cs/Capstone/Capstone-layout/dataconnect": could not find dataconnect.yaml in `/home/cs/Capstone/Capstone-layout/dataconnect`
E1003 00:19:40.189547   10452 watch.go:116] watchAllDir unable to walk dir `/home/cs/Capstone/Capstone-layout/dataconnect`: lstat /home/cs/Capstone/Capstone-layout/dataconnect: no such file or directory
 {"metadata":{"emulator":{"name":"dataconnect"},"message":"E1003 00:19:40.189440   10452 watch.go:40] Failed to load config from \"/home/cs/Capstone/Capstone-layout/dataconnect\": could not find dataconnect.yaml in `/home/cs/Capstone/Capstone-layout/dataconnect`\nE1003 00:19:40.189547   10452 watch.go:116] watchAllDir unable to walk dir `/home/cs/Capstone/Capstone-layout/dataconnect`: lstat /home/cs/Capstone/Capstone-layout/dataconnect: no such file or directory\n"}}
[debug] [2026-10-03T04:19:50.216Z] E1003 00:19:50.215536   10452 watch.go:40] Failed to load config from "/home/cs/Capstone/Capstone-layout/dataconnect": could not find dataconnect.yaml in `/home/cs/Capstone/Capstone-layout/dataconnect`
 {"metadata":{"emulator":{"name":"dataconnect"},"message":"E1003 00:19:50.215536   10452 watch.go:40] Failed to load config from \"/home/cs/Capstone/Capstone-layout/dataconnect\": could not find dataconnect.yaml in `/home/cs/Capstone/Capstone-layout/dataconnect`\n"}}
[debug] [2026-10-03T04:20:00.195Z] E1003 00:20:00.195604   10452 watch.go:40] Failed to load config from "/home/cs/Capstone/Capstone-layout/dataconnect": could not find dataconnect.yaml in `/home/cs/Capstone/Capstone-layout/dataconnect`
 {"metadata":{"emulator":{"name":"dataconnect"},"message":"E1003 00:20:00.195604   10452 watch.go:40] Failed to load config from \"/home/cs/Capstone/Capstone-layout/dataconnect\": could not find dataconnect.yaml in `/home/cs/Capstone/Capstone-layout/dataconnect`\n"}}
[debug] [2026-10-03T04:20:10.215Z] E1003 00:20:10.214573   10452 watch.go:40] Failed to load config from "/home/cs/Capstone/Capstone-layout/dataconnect": could not find dataconnect.yaml in `/home/cs/Capstone/Capstone-layout/dataconnect`
 {"metadata":{"emulator":{"name":"dataconnect"},"message":"E1003 00:20:10.214573   10452 watch.go:40] Failed to load config from \"/home/cs/Capstone/Capstone-layout/dataconnect\": could not find dataconnect.yaml in `/home/cs/Capstone/Capstone-layout/dataconnect`\n"}}
[debug] [2026-10-03T04:20:20.221Z] E1003 00:20:20.221207   10452 watch.go:40] Failed to load config from "/home/cs/Capstone/Capstone-layout/dataconnect": could not find dataconnect.yaml in `/home/cs/Capstone/Capstone-layout/dataconnect`
 {"metadata":{"emulator":{"name":"dataconnect"},"message":"E1003 00:20:20.221207   10452 watch.go:40] Failed to load config from \"/home/cs/Capstone/Capstone-layout/dataconnect\": could not find dataconnect.yaml in `/home/cs/Capstone/Capstone-layout/dataconnect`\n"}}
[debug] [2026-10-03T04:20:30.195Z] E1003 00:20:30.195171   10452 watch.go:40] Failed to load config from "/home/cs/Capstone/Capstone-layout/dataconnect": could not find dataconnect.yaml in `/home/cs/Capstone/Capstone-layout/dataconnect`
 {"metadata":{"emulator":{"name":"dataconnect"},"message":"E1003 00:20:30.195171   10452 watch.go:40] Failed to load config from \"/home/cs/Capstone/Capstone-layout/dataconnect\": could not find dataconnect.yaml in `/home/cs/Capstone/Capstone-layout/dataconnect`\n"}}
[debug] [2026-10-03T04:20:40.189Z] E1003 00:20:40.189378   10452 watch.go:116] watchAllDir unable to walk dir `/home/cs/Capstone/Capstone-layout/dataconnect`: lstat /home/cs/Capstone/Capstone-layout/dataconnect: no such file or directory
E1003 00:20:40.189440   10452 watch.go:40] Failed to load config from "/home/cs/Capstone/Capstone-layout/dataconnect": could not find dataconnect.yaml in `/home/cs/Capstone/Capstone-layout/dataconnect`
 {"metadata":{"emulator":{"name":"dataconnect"},"message":"E1003 00:20:40.189378   10452 watch.go:116] watchAllDir unable to walk dir `/home/cs/Capstone/Capstone-layout/dataconnect`: lstat /home/cs/Capstone/Capstone-layout/dataconnect: no such file or directory\nE1003 00:20:40.189440   10452 watch.go:40] Failed to load config from \"/home/cs/Capstone/Capstone-layout/dataconnect\": could not find dataconnect.yaml in `/home/cs/Capstone/Capstone-layout/dataconnect`\n"}}
[debug] [2026-10-03T04:20:50.200Z] E1003 00:20:50.200371   10452 watch.go:40] Failed to load config from "/home/cs/Capstone/Capstone-layout/dataconnect": could not find dataconnect.yaml in `/home/cs/Capstone/Capstone-layout/dataconnect`
 {"metadata":{"emulator":{"name":"dataconnect"},"message":"E1003 00:20:50.200371   10452 watch.go:40] Failed to load config from \"/home/cs/Capstone/Capstone-layout/dataconnect\": could not find dataconnect.yaml in `/home/cs/Capstone/Capstone-layout/dataconnect`\n"}}
[debug] [2026-10-03T04:21:00.199Z] E1003 00:21:00.198995   10452 watch.go:40] Failed to load config from "/home/cs/Capstone/Capstone-layout/dataconnect": could not find dataconnect.yaml in `/home/cs/Capstone/Capstone-layout/dataconnect`
 {"metadata":{"emulator":{"name":"dataconnect"},"message":"E1003 00:21:00.198995   10452 watch.go:40] Failed to load config from \"/home/cs/Capstone/Capstone-layout/dataconnect\": could not find dataconnect.yaml in `/home/cs/Capstone/Capstone-layout/dataconnect`\n"}}
[debug] [2026-10-03T04:21:10.191Z] E1003 00:21:10.190930   10452 watch.go:40] Failed to load config from "/home/cs/Capstone/Capstone-layout/dataconnect": could not find dataconnect.yaml in `/home/cs/Capstone/Capstone-layout/dataconnect`
 {"metadata":{"emulator":{"name":"dataconnect"},"message":"E1003 00:21:10.190930   10452 watch.go:40] Failed to load config from \"/home/cs/Capstone/Capstone-layout/dataconnect\": could not find dataconnect.yaml in `/home/cs/Capstone/Capstone-layout/dataconnect`\n"}}
[debug] [2026-10-03T04:21:20.210Z] E1003 00:21:20.209371   10452 watch.go:40] Failed to load config from "/home/cs/Capstone/Capstone-layout/dataconnect": could not find dataconnect.yaml in `/home/cs/Capstone/Capstone-layout/dataconnect`
 {"metadata":{"emulator":{"name":"dataconnect"},"message":"E1003 00:21:20.209371   10452 watch.go:40] Failed to load config from \"/home/cs/Capstone/Capstone-layout/dataconnect\": could not find dataconnect.yaml in `/home/cs/Capstone/Capstone-layout/dataconnect`\n"}}
[debug] [2026-10-03T04:21:30.193Z] E1003 00:21:30.193113   10452 watch.go:40] Failed to load config from "/home/cs/Capstone/Capstone-layout/dataconnect": could not find dataconnect.yaml in `/home/cs/Capstone/Capstone-layout/dataconnect`
 {"metadata":{"emulator":{"name":"dataconnect"},"message":"E1003 00:21:30.193113   10452 watch.go:40] Failed to load config from \"/home/cs/Capstone/Capstone-layout/dataconnect\": could not find dataconnect.yaml in `/home/cs/Capstone/Capstone-layout/dataconnect`\n"}}
[debug] [2026-10-03T04:21:40.191Z] E1003 00:21:40.191026   10452 watch.go:116] watchAllDir unable to walk dir `/home/cs/Capstone/Capstone-layout/dataconnect`: lstat /home/cs/Capstone/Capstone-layout/dataconnect: no such file or directory
E1003 00:21:40.191082   10452 watch.go:40] Failed to load config from "/home/cs/Capstone/Capstone-layout/dataconnect": could not find dataconnect.yaml in `/home/cs/Capstone/Capstone-layout/dataconnect`
 {"metadata":{"emulator":{"name":"dataconnect"},"message":"E1003 00:21:40.191026   10452 watch.go:116] watchAllDir unable to walk dir `/home/cs/Capstone/Capstone-layout/dataconnect`: lstat /home/cs/Capstone/Capstone-layout/dataconnect: no such file or directory\nE1003 00:21:40.191082   10452 watch.go:40] Failed to load config from \"/home/cs/Capstone/Capstone-layout/dataconnect\": could not find dataconnect.yaml in `/home/cs/Capstone/Capstone-layout/dataconnect`\n"}}
[debug] [2026-10-03T04:21:50.201Z] E1003 00:21:50.200704   10452 watch.go:40] Failed to load config from "/home/cs/Capstone/Capstone-layout/dataconnect": could not find dataconnect.yaml in `/home/cs/Capstone/Capstone-layout/dataconnect`
 {"metadata":{"emulator":{"name":"dataconnect"},"message":"E1003 00:21:50.200704   10452 watch.go:40] Failed to load config from \"/home/cs/Capstone/Capstone-layout/dataconnect\": could not find dataconnect.yaml in `/home/cs/Capstone/Capstone-layout/dataconnect`\n"}}
[debug] [2026-10-03T04:22:00.226Z] E1003 00:22:00.225787   10452 watch.go:40] Failed to load config from "/home/cs/Capstone/Capstone-layout/dataconnect": could not find dataconnect.yaml in `/home/cs/Capstone/Capstone-layout/dataconnect`
 {"metadata":{"emulator":{"name":"dataconnect"},"message":"E1003 00:22:00.225787   10452 watch.go:40] Failed to load config from \"/home/cs/Capstone/Capstone-layout/dataconnect\": could not find dataconnect.yaml in `/home/cs/Capstone/Capstone-layout/dataconnect`\n"}}
[debug] [2026-10-03T04:22:10.190Z] E1003 00:22:10.190347   10452 watch.go:40] Failed to load config from "/home/cs/Capstone/Capstone-layout/dataconnect": could not find dataconnect.yaml in `/home/cs/Capstone/Capstone-layout/dataconnect`
 {"metadata":{"emulator":{"name":"dataconnect"},"message":"E1003 00:22:10.190347   10452 watch.go:40] Failed to load config from \"/home/cs/Capstone/Capstone-layout/dataconnect\": could not find dataconnect.yaml in `/home/cs/Capstone/Capstone-layout/dataconnect`\n"}}
[debug] [2026-10-03T04:22:20.199Z] E1003 00:22:20.198954   10452 watch.go:40] Failed to load config from "/home/cs/Capstone/Capstone-layout/dataconnect": could not find dataconnect.yaml in `/home/cs/Capstone/Capstone-layout/dataconnect`
 {"metadata":{"emulator":{"name":"dataconnect"},"message":"E1003 00:22:20.198954   10452 watch.go:40] Failed to load config from \"/home/cs/Capstone/Capstone-layout/dataconnect\": could not find dataconnect.yaml in `/home/cs/Capstone/Capstone-layout/dataconnect`\n"}}
[debug] [2026-10-03T04:22:30.191Z] E1003 00:22:30.190973   10452 watch.go:40] Failed to load config from "/home/cs/Capstone/Capstone-layout/dataconnect": could not find dataconnect.yaml in `/home/cs/Capstone/Capstone-layout/dataconnect`
 {"metadata":{"emulator":{"name":"dataconnect"},"message":"E1003 00:22:30.190973   10452 watch.go:40] Failed to load config from \"/home/cs/Capstone/Capstone-layout/dataconnect\": could not find dataconnect.yaml in `/home/cs/Capstone/Capstone-layout/dataconnect`\n"}}
[debug] [2026-10-03T04:22:40.194Z] E1003 00:22:40.193220   10452 watch.go:116] watchAllDir unable to walk dir `/home/cs/Capstone/Capstone-layout/dataconnect`: lstat /home/cs/Capstone/Capstone-layout/dataconnect: no such file or directory
E1003 00:22:40.193340   10452 watch.go:40] Failed to load config from "/home/cs/Capstone/Capstone-layout/dataconnect": could not find dataconnect.yaml in `/home/cs/Capstone/Capstone-layout/dataconnect`
 {"metadata":{"emulator":{"name":"dataconnect"},"message":"E1003 00:22:40.193220   10452 watch.go:116] watchAllDir unable to walk dir `/home/cs/Capstone/Capstone-layout/dataconnect`: lstat /home/cs/Capstone/Capstone-layout/dataconnect: no such file or directory\nE1003 00:22:40.193340   10452 watch.go:40] Failed to load config from \"/home/cs/Capstone/Capstone-layout/dataconnect\": could not find dataconnect.yaml in `/home/cs/Capstone/Capstone-layout/dataconnect`\n"}}
[debug] [2026-10-03T04:22:50.366Z] E1003 00:22:50.364534   10452 watch.go:40] Failed to load config from "/home/cs/Capstone/Capstone-layout/dataconnect": could not find dataconnect.yaml in `/home/cs/Capstone/Capstone-layout/dataconnect`
 {"metadata":{"emulator":{"name":"dataconnect"},"message":"E1003 00:22:50.364534   10452 watch.go:40] Failed to load config from \"/home/cs/Capstone/Capstone-layout/dataconnect\": could not find dataconnect.yaml in `/home/cs/Capstone/Capstone-layout/dataconnect`\n"}}
[debug] [2026-10-03T04:23:00.209Z] E1003 00:23:00.208808   10452 watch.go:40] Failed to load config from "/home/cs/Capstone/Capstone-layout/dataconnect": could not find dataconnect.yaml in `/home/cs/Capstone/Capstone-layout/dataconnect`
 {"metadata":{"emulator":{"name":"dataconnect"},"message":"E1003 00:23:00.208808   10452 watch.go:40] Failed to load config from \"/home/cs/Capstone/Capstone-layout/dataconnect\": could not find dataconnect.yaml in `/home/cs/Capstone/Capstone-layout/dataconnect`\n"}}
[debug] [2026-10-03T04:23:10.239Z] E1003 00:23:10.239225   10452 watch.go:40] Failed to load config from "/home/cs/Capstone/Capstone-layout/dataconnect": could not find dataconnect.yaml in `/home/cs/Capstone/Capstone-layout/dataconnect`
 {"metadata":{"emulator":{"name":"dataconnect"},"message":"E1003 00:23:10.239225   10452 watch.go:40] Failed to load config from \"/home/cs/Capstone/Capstone-layout/dataconnect\": could not find dataconnect.yaml in `/home/cs/Capstone/Capstone-layout/dataconnect`\n"}}
[debug] [2026-10-03T04:23:20.287Z] E1003 00:23:20.286022   10452 watch.go:40] Failed to load config from "/home/cs/Capstone/Capstone-layout/dataconnect": could not find dataconnect.yaml in `/home/cs/Capstone/Capstone-layout/dataconnect`
 {"metadata":{"emulator":{"name":"dataconnect"},"message":"E1003 00:23:20.286022   10452 watch.go:40] Failed to load config from \"/home/cs/Capstone/Capstone-layout/dataconnect\": could not find dataconnect.yaml in `/home/cs/Capstone/Capstone-layout/dataconnect`\n"}}
[debug] [2026-10-03T04:23:30.202Z] E1003 00:23:30.202281   10452 watch.go:40] Failed to load config from "/home/cs/Capstone/Capstone-layout/dataconnect": could not find dataconnect.yaml in `/home/cs/Capstone/Capstone-layout/dataconnect`
 {"metadata":{"emulator":{"name":"dataconnect"},"message":"E1003 00:23:30.202281   10452 watch.go:40] Failed to load config from \"/home/cs/Capstone/Capstone-layout/dataconnect\": could not find dataconnect.yaml in `/home/cs/Capstone/Capstone-layout/dataconnect`\n"}}
[debug] [2026-10-03T04:23:40.195Z] E1003 00:23:40.195057   10452 watch.go:116] watchAllDir unable to walk dir `/home/cs/Capstone/Capstone-layout/dataconnect`: lstat /home/cs/Capstone/Capstone-layout/dataconnect: no such file or directory
E1003 00:23:40.195079   10452 watch.go:40] Failed to load config from "/home/cs/Capstone/Capstone-layout/dataconnect": could not find dataconnect.yaml in `/home/cs/Capstone/Capstone-layout/dataconnect`
 {"metadata":{"emulator":{"name":"dataconnect"},"message":"E1003 00:23:40.195057   10452 watch.go:116] watchAllDir unable to walk dir `/home/cs/Capstone/Capstone-layout/dataconnect`: lstat /home/cs/Capstone/Capstone-layout/dataconnect: no such file or directory\nE1003 00:23:40.195079   10452 watch.go:40] Failed to load config from \"/home/cs/Capstone/Capstone-layout/dataconnect\": could not find dataconnect.yaml in `/home/cs/Capstone/Capstone-layout/dataconnect`\n"}}
[debug] [2026-10-03T04:23:50.210Z] E1003 00:23:50.210406   10452 watch.go:40] Failed to load config from "/home/cs/Capstone/Capstone-layout/dataconnect": could not find dataconnect.yaml in `/home/cs/Capstone/Capstone-layout/dataconnect`
 {"metadata":{"emulator":{"name":"dataconnect"},"message":"E1003 00:23:50.210406   10452 watch.go:40] Failed to load config from \"/home/cs/Capstone/Capstone-layout/dataconnect\": could not find dataconnect.yaml in `/home/cs/Capstone/Capstone-layout/dataconnect`\n"}}
[debug] [2026-10-03T04:24:00.229Z] E1003 00:24:00.228712   10452 watch.go:40] Failed to load config from "/home/cs/Capstone/Capstone-layout/dataconnect": could not find dataconnect.yaml in `/home/cs/Capstone/Capstone-layout/dataconnect`
 {"metadata":{"emulator":{"name":"dataconnect"},"message":"E1003 00:24:00.228712   10452 watch.go:40] Failed to load config from \"/home/cs/Capstone/Capstone-layout/dataconnect\": could not find dataconnect.yaml in `/home/cs/Capstone/Capstone-layout/dataconnect`\n"}}
[debug] [2026-10-03T04:24:10.190Z] E1003 00:24:10.190051   10452 watch.go:40] Failed to load config from "/home/cs/Capstone/Capstone-layout/dataconnect": could not find dataconnect.yaml in `/home/cs/Capstone/Capstone-layout/dataconnect`
 {"metadata":{"emulator":{"name":"dataconnect"},"message":"E1003 00:24:10.190051   10452 watch.go:40] Failed to load config from \"/home/cs/Capstone/Capstone-layout/dataconnect\": could not find dataconnect.yaml in `/home/cs/Capstone/Capstone-layout/dataconnect`\n"}}
[debug] [2026-10-03T04:24:20.200Z] E1003 00:24:20.200284   10452 watch.go:40] Failed to load config from "/home/cs/Capstone/Capstone-layout/dataconnect": could not find dataconnect.yaml in `/home/cs/Capstone/Capstone-layout/dataconnect`
 {"metadata":{"emulator":{"name":"dataconnect"},"message":"E1003 00:24:20.200284   10452 watch.go:40] Failed to load config from \"/home/cs/Capstone/Capstone-layout/dataconnect\": could not find dataconnect.yaml in `/home/cs/Capstone/Capstone-layout/dataconnect`\n"}}
[debug] [2026-10-03T04:24:30.330Z] E1003 00:24:30.329962   10452 watch.go:40] Failed to load config from "/home/cs/Capstone/Capstone-layout/dataconnect": could not find dataconnect.yaml in `/home/cs/Capstone/Capstone-layout/dataconnect`
 {"metadata":{"emulator":{"name":"dataconnect"},"message":"E1003 00:24:30.329962   10452 watch.go:40] Failed to load config from \"/home/cs/Capstone/Capstone-layout/dataconnect\": could not find dataconnect.yaml in `/home/cs/Capstone/Capstone-layout/dataconnect`\n"}}
[debug] [2026-10-03T04:24:40.190Z] E1003 00:24:40.189755   10452 watch.go:116] watchAllDir unable to walk dir `/home/cs/Capstone/Capstone-layout/dataconnect`: lstat /home/cs/Capstone/Capstone-layout/dataconnect: no such file or directory
E1003 00:24:40.190047   10452 watch.go:40] Failed to load config from "/home/cs/Capstone/Capstone-layout/dataconnect": could not find dataconnect.yaml in `/home/cs/Capstone/Capstone-layout/dataconnect`
 {"metadata":{"emulator":{"name":"dataconnect"},"message":"E1003 00:24:40.189755   10452 watch.go:116] watchAllDir unable to walk dir `/home/cs/Capstone/Capstone-layout/dataconnect`: lstat /home/cs/Capstone/Capstone-layout/dataconnect: no such file or directory\nE1003 00:24:40.190047   10452 watch.go:40] Failed to load config from \"/home/cs/Capstone/Capstone-layout/dataconnect\": could not find dataconnect.yaml in `/home/cs/Capstone/Capstone-layout/dataconnect`\n"}}
[debug] [2026-10-03T04:24:50.215Z] E1003 00:24:50.215332   10452 watch.go:40] Failed to load config from "/home/cs/Capstone/Capstone-layout/dataconnect": could not find dataconnect.yaml in `/home/cs/Capstone/Capstone-layout/dataconnect`
 {"metadata":{"emulator":{"name":"dataconnect"},"message":"E1003 00:24:50.215332   10452 watch.go:40] Failed to load config from \"/home/cs/Capstone/Capstone-layout/dataconnect\": could not find dataconnect.yaml in `/home/cs/Capstone/Capstone-layout/dataconnect`\n"}}
[debug] [2026-10-03T04:25:00.229Z] E1003 00:25:00.228838   10452 watch.go:40] Failed to load config from "/home/cs/Capstone/Capstone-layout/dataconnect": could not find dataconnect.yaml in `/home/cs/Capstone/Capstone-layout/dataconnect`
 {"metadata":{"emulator":{"name":"dataconnect"},"message":"E1003 00:25:00.228838   10452 watch.go:40] Failed to load config from \"/home/cs/Capstone/Capstone-layout/dataconnect\": could not find dataconnect.yaml in `/home/cs/Capstone/Capstone-layout/dataconnect`\n"}}
[debug] [2026-10-03T04:25:10.190Z] E1003 00:25:10.190363   10452 watch.go:40] Failed to load config from "/home/cs/Capstone/Capstone-layout/dataconnect": could not find dataconnect.yaml in `/home/cs/Capstone/Capstone-layout/dataconnect`
 {"metadata":{"emulator":{"name":"dataconnect"},"message":"E1003 00:25:10.190363   10452 watch.go:40] Failed to load config from \"/home/cs/Capstone/Capstone-layout/dataconnect\": could not find dataconnect.yaml in `/home/cs/Capstone/Capstone-layout/dataconnect`\n"}}
[debug] [2026-10-03T04:25:20.617Z] E1003 00:25:20.616925   10452 watch.go:40] Failed to load config from "/home/cs/Capstone/Capstone-layout/dataconnect": could not find dataconnect.yaml in `/home/cs/Capstone/Capstone-layout/dataconnect`
 {"metadata":{"emulator":{"name":"dataconnect"},"message":"E1003 00:25:20.616925   10452 watch.go:40] Failed to load config from \"/home/cs/Capstone/Capstone-layout/dataconnect\": could not find dataconnect.yaml in `/home/cs/Capstone/Capstone-layout/dataconnect`\n"}}
[debug] [2026-10-03T04:25:30.204Z] E1003 00:25:30.203982   10452 watch.go:40] Failed to load config from "/home/cs/Capstone/Capstone-layout/dataconnect": could not find dataconnect.yaml in `/home/cs/Capstone/Capstone-layout/dataconnect`
 {"metadata":{"emulator":{"name":"dataconnect"},"message":"E1003 00:25:30.203982   10452 watch.go:40] Failed to load config from \"/home/cs/Capstone/Capstone-layout/dataconnect\": could not find dataconnect.yaml in `/home/cs/Capstone/Capstone-layout/dataconnect`\n"}}
[debug] [2026-10-03T04:25:40.191Z] E1003 00:25:40.191291   10452 watch.go:116] watchAllDir unable to walk dir `/home/cs/Capstone/Capstone-layout/dataconnect`: lstat /home/cs/Capstone/Capstone-layout/dataconnect: no such file or directory
E1003 00:25:40.191423   10452 watch.go:40] Failed to load config from "/home/cs/Capstone/Capstone-layout/dataconnect": could not find dataconnect.yaml in `/home/cs/Capstone/Capstone-layout/dataconnect`
 {"metadata":{"emulator":{"name":"dataconnect"},"message":"E1003 00:25:40.191291   10452 watch.go:116] watchAllDir unable to walk dir `/home/cs/Capstone/Capstone-layout/dataconnect`: lstat /home/cs/Capstone/Capstone-layout/dataconnect: no such file or directory\nE1003 00:25:40.191423   10452 watch.go:40] Failed to load config from \"/home/cs/Capstone/Capstone-layout/dataconnect\": could not find dataconnect.yaml in `/home/cs/Capstone/Capstone-layout/dataconnect`\n"}}
[debug] [2026-10-03T04:25:50.214Z] E1003 00:25:50.213848   10452 watch.go:40] Failed to load config from "/home/cs/Capstone/Capstone-layout/dataconnect": could not find dataconnect.yaml in `/home/cs/Capstone/Capstone-layout/dataconnect`
 {"metadata":{"emulator":{"name":"dataconnect"},"message":"E1003 00:25:50.213848   10452 watch.go:40] Failed to load config from \"/home/cs/Capstone/Capstone-layout/dataconnect\": could not find dataconnect.yaml in `/home/cs/Capstone/Capstone-layout/dataconnect`\n"}}
[debug] [2026-10-03T04:26:00.301Z] E1003 00:26:00.301380   10452 watch.go:40] Failed to load config from "/home/cs/Capstone/Capstone-layout/dataconnect": could not find dataconnect.yaml in `/home/cs/Capstone/Capstone-layout/dataconnect`
 {"metadata":{"emulator":{"name":"dataconnect"},"message":"E1003 00:26:00.301380   10452 watch.go:40] Failed to load config from \"/home/cs/Capstone/Capstone-layout/dataconnect\": could not find dataconnect.yaml in `/home/cs/Capstone/Capstone-layout/dataconnect`\n"}}
[debug] [2026-10-03T04:26:10.190Z] E1003 00:26:10.190399   10452 watch.go:40] Failed to load config from "/home/cs/Capstone/Capstone-layout/dataconnect": could not find dataconnect.yaml in `/home/cs/Capstone/Capstone-layout/dataconnect`
 {"metadata":{"emulator":{"name":"dataconnect"},"message":"E1003 00:26:10.190399   10452 watch.go:40] Failed to load config from \"/home/cs/Capstone/Capstone-layout/dataconnect\": could not find dataconnect.yaml in `/home/cs/Capstone/Capstone-layout/dataconnect`\n"}}
[debug] [2026-10-03T04:26:20.201Z] E1003 00:26:20.200985   10452 watch.go:40] Failed to load config from "/home/cs/Capstone/Capstone-layout/dataconnect": could not find dataconnect.yaml in `/home/cs/Capstone/Capstone-layout/dataconnect`
 {"metadata":{"emulator":{"name":"dataconnect"},"message":"E1003 00:26:20.200985   10452 watch.go:40] Failed to load config from \"/home/cs/Capstone/Capstone-layout/dataconnect\": could not find dataconnect.yaml in `/home/cs/Capstone/Capstone-layout/dataconnect`\n"}}
[debug] [2026-10-03T04:26:30.199Z] E1003 00:26:30.199500   10452 watch.go:40] Failed to load config from "/home/cs/Capstone/Capstone-layout/dataconnect": could not find dataconnect.yaml in `/home/cs/Capstone/Capstone-layout/dataconnect`
 {"metadata":{"emulator":{"name":"dataconnect"},"message":"E1003 00:26:30.199500   10452 watch.go:40] Failed to load config from \"/home/cs/Capstone/Capstone-layout/dataconnect\": could not find dataconnect.yaml in `/home/cs/Capstone/Capstone-layout/dataconnect`\n"}}
[debug] [2026-10-03T04:26:40.189Z] E1003 00:26:40.189411   10452 watch.go:116] watchAllDir unable to walk dir `/home/cs/Capstone/Capstone-layout/dataconnect`: lstat /home/cs/Capstone/Capstone-layout/dataconnect: no such file or directory
E1003 00:26:40.189457   10452 watch.go:40] Failed to load config from "/home/cs/Capstone/Capstone-layout/dataconnect": could not find dataconnect.yaml in `/home/cs/Capstone/Capstone-layout/dataconnect`
 {"metadata":{"emulator":{"name":"dataconnect"},"message":"E1003 00:26:40.189411   10452 watch.go:116] watchAllDir unable to walk dir `/home/cs/Capstone/Capstone-layout/dataconnect`: lstat /home/cs/Capstone/Capstone-layout/dataconnect: no such file or directory\nE1003 00:26:40.189457   10452 watch.go:40] Failed to load config from \"/home/cs/Capstone/Capstone-layout/dataconnect\": could not find dataconnect.yaml in `/home/cs/Capstone/Capstone-layout/dataconnect`\n"}}
[debug] [2026-10-03T04:26:50.199Z] E1003 00:26:50.198886   10452 watch.go:40] Failed to load config from "/home/cs/Capstone/Capstone-layout/dataconnect": could not find dataconnect.yaml in `/home/cs/Capstone/Capstone-layout/dataconnect`
 {"metadata":{"emulator":{"name":"dataconnect"},"message":"E1003 00:26:50.198886   10452 watch.go:40] Failed to load config from \"/home/cs/Capstone/Capstone-layout/dataconnect\": could not find dataconnect.yaml in `/home/cs/Capstone/Capstone-layout/dataconnect`\n"}}
[debug] [2026-10-03T04:27:00.201Z] E1003 00:27:00.200985   10452 watch.go:40] Failed to load config from "/home/cs/Capstone/Capstone-layout/dataconnect": could not find dataconnect.yaml in `/home/cs/Capstone/Capstone-layout/dataconnect`
 {"metadata":{"emulator":{"name":"dataconnect"},"message":"E1003 00:27:00.200985   10452 watch.go:40] Failed to load config from \"/home/cs/Capstone/Capstone-layout/dataconnect\": could not find dataconnect.yaml in `/home/cs/Capstone/Capstone-layout/dataconnect`\n"}}
[debug] [2026-10-03T04:27:10.196Z] E1003 00:27:10.196189   10452 watch.go:40] Failed to load config from "/home/cs/Capstone/Capstone-layout/dataconnect": could not find dataconnect.yaml in `/home/cs/Capstone/Capstone-layout/dataconnect`
 {"metadata":{"emulator":{"name":"dataconnect"},"message":"E1003 00:27:10.196189   10452 watch.go:40] Failed to load config from \"/home/cs/Capstone/Capstone-layout/dataconnect\": could not find dataconnect.yaml in `/home/cs/Capstone/Capstone-layout/dataconnect`\n"}}
[debug] [2026-10-03T04:27:20.209Z] E1003 00:27:20.208896   10452 watch.go:40] Failed to load config from "/home/cs/Capstone/Capstone-layout/dataconnect": could not find dataconnect.yaml in `/home/cs/Capstone/Capstone-layout/dataconnect`
 {"metadata":{"emulator":{"name":"dataconnect"},"message":"E1003 00:27:20.208896   10452 watch.go:40] Failed to load config from \"/home/cs/Capstone/Capstone-layout/dataconnect\": could not find dataconnect.yaml in `/home/cs/Capstone/Capstone-layout/dataconnect`\n"}}
[debug] [2026-10-03T04:27:30.199Z] E1003 00:27:30.199598   10452 watch.go:40] Failed to load config from "/home/cs/Capstone/Capstone-layout/dataconnect": could not find dataconnect.yaml in `/home/cs/Capstone/Capstone-layout/dataconnect`
 {"metadata":{"emulator":{"name":"dataconnect"},"message":"E1003 00:27:30.199598   10452 watch.go:40] Failed to load config from \"/home/cs/Capstone/Capstone-layout/dataconnect\": could not find dataconnect.yaml in `/home/cs/Capstone/Capstone-layout/dataconnect`\n"}}
[debug] [2026-10-03T04:27:40.337Z] E1003 00:27:40.336563   10452 watch.go:116] watchAllDir unable to walk dir `/home/cs/Capstone/Capstone-layout/dataconnect`: lstat /home/cs/Capstone/Capstone-layout/dataconnect: no such file or directory
E1003 00:27:40.336586   10452 watch.go:40] Failed to load config from "/home/cs/Capstone/Capstone-layout/dataconnect": could not find dataconnect.yaml in `/home/cs/Capstone/Capstone-layout/dataconnect`
 {"metadata":{"emulator":{"name":"dataconnect"},"message":"E1003 00:27:40.336563   10452 watch.go:116] watchAllDir unable to walk dir `/home/cs/Capstone/Capstone-layout/dataconnect`: lstat /home/cs/Capstone/Capstone-layout/dataconnect: no such file or directory\nE1003 00:27:40.336586   10452 watch.go:40] Failed to load config from \"/home/cs/Capstone/Capstone-layout/dataconnect\": could not find dataconnect.yaml in `/home/cs/Capstone/Capstone-layout/dataconnect`\n"}}
[debug] [2026-10-03T04:27:50.197Z] E1003 00:27:50.197018   10452 watch.go:40] Failed to load config from "/home/cs/Capstone/Capstone-layout/dataconnect": could not find dataconnect.yaml in `/home/cs/Capstone/Capstone-layout/dataconnect`
 {"metadata":{"emulator":{"name":"dataconnect"},"message":"E1003 00:27:50.197018   10452 watch.go:40] Failed to load config from \"/home/cs/Capstone/Capstone-layout/dataconnect\": could not find dataconnect.yaml in `/home/cs/Capstone/Capstone-layout/dataconnect`\n"}}
[debug] [2026-10-03T04:28:00.204Z] E1003 00:28:00.204825   10452 watch.go:40] Failed to load config from "/home/cs/Capstone/Capstone-layout/dataconnect": could not find dataconnect.yaml in `/home/cs/Capstone/Capstone-layout/dataconnect`
 {"metadata":{"emulator":{"name":"dataconnect"},"message":"E1003 00:28:00.204825   10452 watch.go:40] Failed to load config from \"/home/cs/Capstone/Capstone-layout/dataconnect\": could not find dataconnect.yaml in `/home/cs/Capstone/Capstone-layout/dataconnect`\n"}}
[debug] [2026-10-03T04:28:10.208Z] E1003 00:28:10.208153   10452 watch.go:40] Failed to load config from "/home/cs/Capstone/Capstone-layout/dataconnect": could not find dataconnect.yaml in `/home/cs/Capstone/Capstone-layout/dataconnect`
 {"metadata":{"emulator":{"name":"dataconnect"},"message":"E1003 00:28:10.208153   10452 watch.go:40] Failed to load config from \"/home/cs/Capstone/Capstone-layout/dataconnect\": could not find dataconnect.yaml in `/home/cs/Capstone/Capstone-layout/dataconnect`\n"}}
[debug] [2026-10-03T04:28:20.680Z] E1003 00:28:20.679775   10452 watch.go:40] Failed to load config from "/home/cs/Capstone/Capstone-layout/dataconnect": could not find dataconnect.yaml in `/home/cs/Capstone/Capstone-layout/dataconnect`
 {"metadata":{"emulator":{"name":"dataconnect"},"message":"E1003 00:28:20.679775   10452 watch.go:40] Failed to load config from \"/home/cs/Capstone/Capstone-layout/dataconnect\": could not find dataconnect.yaml in `/home/cs/Capstone/Capstone-layout/dataconnect`\n"}}
[debug] [2026-10-03T04:28:30.247Z] E1003 00:28:30.247068   10452 watch.go:40] Failed to load config from "/home/cs/Capstone/Capstone-layout/dataconnect": could not find dataconnect.yaml in `/home/cs/Capstone/Capstone-layout/dataconnect`
 {"metadata":{"emulator":{"name":"dataconnect"},"message":"E1003 00:28:30.247068   10452 watch.go:40] Failed to load config from \"/home/cs/Capstone/Capstone-layout/dataconnect\": could not find dataconnect.yaml in `/home/cs/Capstone/Capstone-layout/dataconnect`\n"}}
[debug] [2026-10-03T04:28:42.457Z] E1003 00:28:42.457031   10452 watch.go:116] watchAllDir unable to walk dir `/home/cs/Capstone/Capstone-layout/dataconnect`: lstat /home/cs/Capstone/Capstone-layout/dataconnect: no such file or directory
E1003 00:28:42.457053   10452 watch.go:40] Failed to load config from "/home/cs/Capstone/Capstone-layout/dataconnect": could not find dataconnect.yaml in `/home/cs/Capstone/Capstone-layout/dataconnect`
 {"metadata":{"emulator":{"name":"dataconnect"},"message":"E1003 00:28:42.457031   10452 watch.go:116] watchAllDir unable to walk dir `/home/cs/Capstone/Capstone-layout/dataconnect`: lstat /home/cs/Capstone/Capstone-layout/dataconnect: no such file or directory\nE1003 00:28:42.457053   10452 watch.go:40] Failed to load config from \"/home/cs/Capstone/Capstone-layout/dataconnect\": could not find dataconnect.yaml in `/home/cs/Capstone/Capstone-layout/dataconnect`\n"}}
[debug] [2026-10-03T04:28:50.201Z] E1003 00:28:50.200838   10452 watch.go:40] Failed to load config from "/home/cs/Capstone/Capstone-layout/dataconnect": could not find dataconnect.yaml in `/home/cs/Capstone/Capstone-layout/dataconnect`
 {"metadata":{"emulator":{"name":"dataconnect"},"message":"E1003 00:28:50.200838   10452 watch.go:40] Failed to load config from \"/home/cs/Capstone/Capstone-layout/dataconnect\": could not find dataconnect.yaml in `/home/cs/Capstone/Capstone-layout/dataconnect`\n"}}
[debug] [2026-10-03T04:29:00.201Z] E1003 00:29:00.201311   10452 watch.go:40] Failed to load config from "/home/cs/Capstone/Capstone-layout/dataconnect": could not find dataconnect.yaml in `/home/cs/Capstone/Capstone-layout/dataconnect`
 {"metadata":{"emulator":{"name":"dataconnect"},"message":"E1003 00:29:00.201311   10452 watch.go:40] Failed to load config from \"/home/cs/Capstone/Capstone-layout/dataconnect\": could not find dataconnect.yaml in `/home/cs/Capstone/Capstone-layout/dataconnect`\n"}}
[debug] [2026-10-03T04:29:10.194Z] E1003 00:29:10.191888   10452 watch.go:40] Failed to load config from "/home/cs/Capstone/Capstone-layout/dataconnect": could not find dataconnect.yaml in `/home/cs/Capstone/Capstone-layout/dataconnect`
 {"metadata":{"emulator":{"name":"dataconnect"},"message":"E1003 00:29:10.191888   10452 watch.go:40] Failed to load config from \"/home/cs/Capstone/Capstone-layout/dataconnect\": could not find dataconnect.yaml in `/home/cs/Capstone/Capstone-layout/dataconnect`\n"}}
[debug] [2026-10-03T04:29:20.191Z] E1003 00:29:20.191029   10452 watch.go:40] Failed to load config from "/home/cs/Capstone/Capstone-layout/dataconnect": could not find dataconnect.yaml in `/home/cs/Capstone/Capstone-layout/dataconnect`
 {"metadata":{"emulator":{"name":"dataconnect"},"message":"E1003 00:29:20.191029   10452 watch.go:40] Failed to load config from \"/home/cs/Capstone/Capstone-layout/dataconnect\": could not find dataconnect.yaml in `/home/cs/Capstone/Capstone-layout/dataconnect`\n"}}
[debug] [2026-10-03T04:29:30.193Z] E1003 00:29:30.192924   10452 watch.go:40] Failed to load config from "/home/cs/Capstone/Capstone-layout/dataconnect": could not find dataconnect.yaml in `/home/cs/Capstone/Capstone-layout/dataconnect`
 {"metadata":{"emulator":{"name":"dataconnect"},"message":"E1003 00:29:30.192924   10452 watch.go:40] Failed to load config from \"/home/cs/Capstone/Capstone-layout/dataconnect\": could not find dataconnect.yaml in `/home/cs/Capstone/Capstone-layout/dataconnect`\n"}}
[debug] [2026-10-03T04:29:40.190Z] E1003 00:29:40.190258   10452 watch.go:116] watchAllDir unable to walk dir `/home/cs/Capstone/Capstone-layout/dataconnect`: lstat /home/cs/Capstone/Capstone-layout/dataconnect: no such file or directory
E1003 00:29:40.190332   10452 watch.go:40] Failed to load config from "/home/cs/Capstone/Capstone-layout/dataconnect": could not find dataconnect.yaml in `/home/cs/Capstone/Capstone-layout/dataconnect`
 {"metadata":{"emulator":{"name":"dataconnect"},"message":"E1003 00:29:40.190258   10452 watch.go:116] watchAllDir unable to walk dir `/home/cs/Capstone/Capstone-layout/dataconnect`: lstat /home/cs/Capstone/Capstone-layout/dataconnect: no such file or directory\nE1003 00:29:40.190332   10452 watch.go:40] Failed to load config from \"/home/cs/Capstone/Capstone-layout/dataconnect\": could not find dataconnect.yaml in `/home/cs/Capstone/Capstone-layout/dataconnect`\n"}}
[debug] [2026-10-03T04:29:50.217Z] E1003 00:29:50.216850   10452 watch.go:40] Failed to load config from "/home/cs/Capstone/Capstone-layout/dataconnect": could not find dataconnect.yaml in `/home/cs/Capstone/Capstone-layout/dataconnect`
 {"metadata":{"emulator":{"name":"dataconnect"},"message":"E1003 00:29:50.216850   10452 watch.go:40] Failed to load config from \"/home/cs/Capstone/Capstone-layout/dataconnect\": could not find dataconnect.yaml in `/home/cs/Capstone/Capstone-layout/dataconnect`\n"}}
[debug] [2026-10-03T04:30:00.200Z] E1003 00:30:00.200743   10452 watch.go:40] Failed to load config from "/home/cs/Capstone/Capstone-layout/dataconnect": could not find dataconnect.yaml in `/home/cs/Capstone/Capstone-layout/dataconnect`
 {"metadata":{"emulator":{"name":"dataconnect"},"message":"E1003 00:30:00.200743   10452 watch.go:40] Failed to load config from \"/home/cs/Capstone/Capstone-layout/dataconnect\": could not find dataconnect.yaml in `/home/cs/Capstone/Capstone-layout/dataconnect`\n"}}
[debug] [2026-10-03T04:30:10.197Z] E1003 00:30:10.197314   10452 watch.go:40] Failed to load config from "/home/cs/Capstone/Capstone-layout/dataconnect": could not find dataconnect.yaml in `/home/cs/Capstone/Capstone-layout/dataconnect`
 {"metadata":{"emulator":{"name":"dataconnect"},"message":"E1003 00:30:10.197314   10452 watch.go:40] Failed to load config from \"/home/cs/Capstone/Capstone-layout/dataconnect\": could not find dataconnect.yaml in `/home/cs/Capstone/Capstone-layout/dataconnect`\n"}}
[debug] [2026-10-03T04:30:20.201Z] E1003 00:30:20.201113   10452 watch.go:40] Failed to load config from "/home/cs/Capstone/Capstone-layout/dataconnect": could not find dataconnect.yaml in `/home/cs/Capstone/Capstone-layout/dataconnect`
 {"metadata":{"emulator":{"name":"dataconnect"},"message":"E1003 00:30:20.201113   10452 watch.go:40] Failed to load config from \"/home/cs/Capstone/Capstone-layout/dataconnect\": could not find dataconnect.yaml in `/home/cs/Capstone/Capstone-layout/dataconnect`\n"}}
[debug] [2026-10-03T04:30:30.194Z] E1003 00:30:30.193910   10452 watch.go:40] Failed to load config from "/home/cs/Capstone/Capstone-layout/dataconnect": could not find dataconnect.yaml in `/home/cs/Capstone/Capstone-layout/dataconnect`
 {"metadata":{"emulator":{"name":"dataconnect"},"message":"E1003 00:30:30.193910   10452 watch.go:40] Failed to load config from \"/home/cs/Capstone/Capstone-layout/dataconnect\": could not find dataconnect.yaml in `/home/cs/Capstone/Capstone-layout/dataconnect`\n"}}
[debug] [2026-10-03T04:30:40.259Z] E1003 00:30:40.259129   10452 watch.go:116] watchAllDir unable to walk dir `/home/cs/Capstone/Capstone-layout/dataconnect`: lstat /home/cs/Capstone/Capstone-layout/dataconnect: no such file or directory
E1003 00:30:40.259317   10452 watch.go:40] Failed to load config from "/home/cs/Capstone/Capstone-layout/dataconnect": could not find dataconnect.yaml in `/home/cs/Capstone/Capstone-layout/dataconnect`
 {"metadata":{"emulator":{"name":"dataconnect"},"message":"E1003 00:30:40.259129   10452 watch.go:116] watchAllDir unable to walk dir `/home/cs/Capstone/Capstone-layout/dataconnect`: lstat /home/cs/Capstone/Capstone-layout/dataconnect: no such file or directory\nE1003 00:30:40.259317   10452 watch.go:40] Failed to load config from \"/home/cs/Capstone/Capstone-layout/dataconnect\": could not find dataconnect.yaml in `/home/cs/Capstone/Capstone-layout/dataconnect`\n"}}
[debug] [2026-10-03T04:30:50.219Z] E1003 00:30:50.219347   10452 watch.go:40] Failed to load config from "/home/cs/Capstone/Capstone-layout/dataconnect": could not find dataconnect.yaml in `/home/cs/Capstone/Capstone-layout/dataconnect`
 {"metadata":{"emulator":{"name":"dataconnect"},"message":"E1003 00:30:50.219347   10452 watch.go:40] Failed to load config from \"/home/cs/Capstone/Capstone-layout/dataconnect\": could not find dataconnect.yaml in `/home/cs/Capstone/Capstone-layout/dataconnect`\n"}}
[debug] [2026-10-03T04:31:00.198Z] E1003 00:31:00.198079   10452 watch.go:40] Failed to load config from "/home/cs/Capstone/Capstone-layout/dataconnect": could not find dataconnect.yaml in `/home/cs/Capstone/Capstone-layout/dataconnect`
 {"metadata":{"emulator":{"name":"dataconnect"},"message":"E1003 00:31:00.198079   10452 watch.go:40] Failed to load config from \"/home/cs/Capstone/Capstone-layout/dataconnect\": could not find dataconnect.yaml in `/home/cs/Capstone/Capstone-layout/dataconnect`\n"}}
[debug] [2026-10-03T04:31:10.190Z] E1003 00:31:10.190317   10452 watch.go:40] Failed to load config from "/home/cs/Capstone/Capstone-layout/dataconnect": could not find dataconnect.yaml in `/home/cs/Capstone/Capstone-layout/dataconnect`
 {"metadata":{"emulator":{"name":"dataconnect"},"message":"E1003 00:31:10.190317   10452 watch.go:40] Failed to load config from \"/home/cs/Capstone/Capstone-layout/dataconnect\": could not find dataconnect.yaml in `/home/cs/Capstone/Capstone-layout/dataconnect`\n"}}
[debug] [2026-10-03T04:31:20.289Z] E1003 00:31:20.288963   10452 watch.go:40] Failed to load config from "/home/cs/Capstone/Capstone-layout/dataconnect": could not find dataconnect.yaml in `/home/cs/Capstone/Capstone-layout/dataconnect`
 {"metadata":{"emulator":{"name":"dataconnect"},"message":"E1003 00:31:20.288963   10452 watch.go:40] Failed to load config from \"/home/cs/Capstone/Capstone-layout/dataconnect\": could not find dataconnect.yaml in `/home/cs/Capstone/Capstone-layout/dataconnect`\n"}}
[debug] [2026-10-03T04:31:30.202Z] E1003 00:31:30.201608   10452 watch.go:40] Failed to load config from "/home/cs/Capstone/Capstone-layout/dataconnect": could not find dataconnect.yaml in `/home/cs/Capstone/Capstone-layout/dataconnect`
 {"metadata":{"emulator":{"name":"dataconnect"},"message":"E1003 00:31:30.201608   10452 watch.go:40] Failed to load config from \"/home/cs/Capstone/Capstone-layout/dataconnect\": could not find dataconnect.yaml in `/home/cs/Capstone/Capstone-layout/dataconnect`\n"}}
[debug] [2026-10-03T04:31:40.206Z] E1003 00:31:40.206093   10452 watch.go:116] watchAllDir unable to walk dir `/home/cs/Capstone/Capstone-layout/dataconnect`: lstat /home/cs/Capstone/Capstone-layout/dataconnect: no such file or directory
E1003 00:31:40.206152   10452 watch.go:40] Failed to load config from "/home/cs/Capstone/Capstone-layout/dataconnect": could not find dataconnect.yaml in `/home/cs/Capstone/Capstone-layout/dataconnect`
 {"metadata":{"emulator":{"name":"dataconnect"},"message":"E1003 00:31:40.206093   10452 watch.go:116] watchAllDir unable to walk dir `/home/cs/Capstone/Capstone-layout/dataconnect`: lstat /home/cs/Capstone/Capstone-layout/dataconnect: no such file or directory\nE1003 00:31:40.206152   10452 watch.go:40] Failed to load config from \"/home/cs/Capstone/Capstone-layout/dataconnect\": could not find dataconnect.yaml in `/home/cs/Capstone/Capstone-layout/dataconnect`\n"}}
[debug] [2026-10-03T04:31:50.837Z] E1003 00:31:50.836981   10452 watch.go:40] Failed to load config from "/home/cs/Capstone/Capstone-layout/dataconnect": could not find dataconnect.yaml in `/home/cs/Capstone/Capstone-layout/dataconnect`
 {"metadata":{"emulator":{"name":"dataconnect"},"message":"E1003 00:31:50.836981   10452 watch.go:40] Failed to load config from \"/home/cs/Capstone/Capstone-layout/dataconnect\": could not find dataconnect.yaml in `/home/cs/Capstone/Capstone-layout/dataconnect`\n"}}
[debug] [2026-10-03T04:32:00.211Z] E1003 00:32:00.210897   10452 watch.go:40] Failed to load config from "/home/cs/Capstone/Capstone-layout/dataconnect": could not find dataconnect.yaml in `/home/cs/Capstone/Capstone-layout/dataconnect`
 {"metadata":{"emulator":{"name":"dataconnect"},"message":"E1003 00:32:00.210897   10452 watch.go:40] Failed to load config from \"/home/cs/Capstone/Capstone-layout/dataconnect\": could not find dataconnect.yaml in `/home/cs/Capstone/Capstone-layout/dataconnect`\n"}}
[debug] [2026-10-03T04:32:10.190Z] E1003 00:32:10.190282   10452 watch.go:40] Failed to load config from "/home/cs/Capstone/Capstone-layout/dataconnect": could not find dataconnect.yaml in `/home/cs/Capstone/Capstone-layout/dataconnect`
 {"metadata":{"emulator":{"name":"dataconnect"},"message":"E1003 00:32:10.190282   10452 watch.go:40] Failed to load config from \"/home/cs/Capstone/Capstone-layout/dataconnect\": could not find dataconnect.yaml in `/home/cs/Capstone/Capstone-layout/dataconnect`\n"}}
[debug] [2026-10-03T04:32:20.200Z] E1003 00:32:20.199739   10452 watch.go:40] Failed to load config from "/home/cs/Capstone/Capstone-layout/dataconnect": could not find dataconnect.yaml in `/home/cs/Capstone/Capstone-layout/dataconnect`
 {"metadata":{"emulator":{"name":"dataconnect"},"message":"E1003 00:32:20.199739   10452 watch.go:40] Failed to load config from \"/home/cs/Capstone/Capstone-layout/dataconnect\": could not find dataconnect.yaml in `/home/cs/Capstone/Capstone-layout/dataconnect`\n"}}
[debug] [2026-10-03T04:32:30.547Z] E1003 00:32:30.547039   10452 watch.go:40] Failed to load config from "/home/cs/Capstone/Capstone-layout/dataconnect": could not find dataconnect.yaml in `/home/cs/Capstone/Capstone-layout/dataconnect`
 {"metadata":{"emulator":{"name":"dataconnect"},"message":"E1003 00:32:30.547039   10452 watch.go:40] Failed to load config from \"/home/cs/Capstone/Capstone-layout/dataconnect\": could not find dataconnect.yaml in `/home/cs/Capstone/Capstone-layout/dataconnect`\n"}}
[debug] [2026-10-03T04:32:40.191Z] E1003 00:32:40.190751   10452 watch.go:116] watchAllDir unable to walk dir `/home/cs/Capstone/Capstone-layout/dataconnect`: lstat /home/cs/Capstone/Capstone-layout/dataconnect: no such file or directory
E1003 00:32:40.190832   10452 watch.go:40] Failed to load config from "/home/cs/Capstone/Capstone-layout/dataconnect": could not find dataconnect.yaml in `/home/cs/Capstone/Capstone-layout/dataconnect`
 {"metadata":{"emulator":{"name":"dataconnect"},"message":"E1003 00:32:40.190751   10452 watch.go:116] watchAllDir unable to walk dir `/home/cs/Capstone/Capstone-layout/dataconnect`: lstat /home/cs/Capstone/Capstone-layout/dataconnect: no such file or directory\nE1003 00:32:40.190832   10452 watch.go:40] Failed to load config from \"/home/cs/Capstone/Capstone-layout/dataconnect\": could not find dataconnect.yaml in `/home/cs/Capstone/Capstone-layout/dataconnect`\n"}}
[debug] [2026-10-03T04:32:50.202Z] E1003 00:32:50.202817   10452 watch.go:40] Failed to load config from "/home/cs/Capstone/Capstone-layout/dataconnect": could not find dataconnect.yaml in `/home/cs/Capstone/Capstone-layout/dataconnect`
 {"metadata":{"emulator":{"name":"dataconnect"},"message":"E1003 00:32:50.202817   10452 watch.go:40] Failed to load config from \"/home/cs/Capstone/Capstone-layout/dataconnect\": could not find dataconnect.yaml in `/home/cs/Capstone/Capstone-layout/dataconnect`\n"}}
[debug] [2026-10-03T04:33:00.206Z] E1003 00:33:00.206277   10452 watch.go:40] Failed to load config from "/home/cs/Capstone/Capstone-layout/dataconnect": could not find dataconnect.yaml in `/home/cs/Capstone/Capstone-layout/dataconnect`
 {"metadata":{"emulator":{"name":"dataconnect"},"message":"E1003 00:33:00.206277   10452 watch.go:40] Failed to load config from \"/home/cs/Capstone/Capstone-layout/dataconnect\": could not find dataconnect.yaml in `/home/cs/Capstone/Capstone-layout/dataconnect`\n"}}
[debug] [2026-10-03T04:33:10.192Z] E1003 00:33:10.191936   10452 watch.go:40] Failed to load config from "/home/cs/Capstone/Capstone-layout/dataconnect": could not find dataconnect.yaml in `/home/cs/Capstone/Capstone-layout/dataconnect`
 {"metadata":{"emulator":{"name":"dataconnect"},"message":"E1003 00:33:10.191936   10452 watch.go:40] Failed to load config from \"/home/cs/Capstone/Capstone-layout/dataconnect\": could not find dataconnect.yaml in `/home/cs/Capstone/Capstone-layout/dataconnect`\n"}}
[debug] [2026-10-03T04:33:20.196Z] E1003 00:33:20.195897   10452 watch.go:40] Failed to load config from "/home/cs/Capstone/Capstone-layout/dataconnect": could not find dataconnect.yaml in `/home/cs/Capstone/Capstone-layout/dataconnect`
 {"metadata":{"emulator":{"name":"dataconnect"},"message":"E1003 00:33:20.195897   10452 watch.go:40] Failed to load config from \"/home/cs/Capstone/Capstone-layout/dataconnect\": could not find dataconnect.yaml in `/home/cs/Capstone/Capstone-layout/dataconnect`\n"}}
[debug] [2026-10-03T04:33:30.458Z] E1003 00:33:30.457811   10452 watch.go:40] Failed to load config from "/home/cs/Capstone/Capstone-layout/dataconnect": could not find dataconnect.yaml in `/home/cs/Capstone/Capstone-layout/dataconnect`
 {"metadata":{"emulator":{"name":"dataconnect"},"message":"E1003 00:33:30.457811   10452 watch.go:40] Failed to load config from \"/home/cs/Capstone/Capstone-layout/dataconnect\": could not find dataconnect.yaml in `/home/cs/Capstone/Capstone-layout/dataconnect`\n"}}
[debug] [2026-10-03T04:33:40.238Z] E1003 00:33:40.237951   10452 watch.go:116] watchAllDir unable to walk dir `/home/cs/Capstone/Capstone-layout/dataconnect`: lstat /home/cs/Capstone/Capstone-layout/dataconnect: no such file or directory
E1003 00:33:40.238159   10452 watch.go:40] Failed to load config from "/home/cs/Capstone/Capstone-layout/dataconnect": could not find dataconnect.yaml in `/home/cs/Capstone/Capstone-layout/dataconnect`
 {"metadata":{"emulator":{"name":"dataconnect"},"message":"E1003 00:33:40.237951   10452 watch.go:116] watchAllDir unable to walk dir `/home/cs/Capstone/Capstone-layout/dataconnect`: lstat /home/cs/Capstone/Capstone-layout/dataconnect: no such file or directory\nE1003 00:33:40.238159   10452 watch.go:40] Failed to load config from \"/home/cs/Capstone/Capstone-layout/dataconnect\": could not find dataconnect.yaml in `/home/cs/Capstone/Capstone-layout/dataconnect`\n"}}
[debug] [2026-10-03T04:33:50.190Z] E1003 00:33:50.190432   10452 watch.go:40] Failed to load config from "/home/cs/Capstone/Capstone-layout/dataconnect": could not find dataconnect.yaml in `/home/cs/Capstone/Capstone-layout/dataconnect`
 {"metadata":{"emulator":{"name":"dataconnect"},"message":"E1003 00:33:50.190432   10452 watch.go:40] Failed to load config from \"/home/cs/Capstone/Capstone-layout/dataconnect\": could not find dataconnect.yaml in `/home/cs/Capstone/Capstone-layout/dataconnect`\n"}}
[debug] [2026-10-03T04:34:00.337Z] E1003 00:34:00.337078   10452 watch.go:40] Failed to load config from "/home/cs/Capstone/Capstone-layout/dataconnect": could not find dataconnect.yaml in `/home/cs/Capstone/Capstone-layout/dataconnect`
 {"metadata":{"emulator":{"name":"dataconnect"},"message":"E1003 00:34:00.337078   10452 watch.go:40] Failed to load config from \"/home/cs/Capstone/Capstone-layout/dataconnect\": could not find dataconnect.yaml in `/home/cs/Capstone/Capstone-layout/dataconnect`\n"}}
[debug] [2026-10-03T04:34:10.484Z] E1003 00:34:10.483992   10452 watch.go:40] Failed to load config from "/home/cs/Capstone/Capstone-layout/dataconnect": could not find dataconnect.yaml in `/home/cs/Capstone/Capstone-layout/dataconnect`
 {"metadata":{"emulator":{"name":"dataconnect"},"message":"E1003 00:34:10.483992   10452 watch.go:40] Failed to load config from \"/home/cs/Capstone/Capstone-layout/dataconnect\": could not find dataconnect.yaml in `/home/cs/Capstone/Capstone-layout/dataconnect`\n"}}
[debug] [2026-10-03T04:34:20.199Z] E1003 00:34:20.197681   10452 watch.go:40] Failed to load config from "/home/cs/Capstone/Capstone-layout/dataconnect": could not find dataconnect.yaml in `/home/cs/Capstone/Capstone-layout/dataconnect`
 {"metadata":{"emulator":{"name":"dataconnect"},"message":"E1003 00:34:20.197681   10452 watch.go:40] Failed to load config from \"/home/cs/Capstone/Capstone-layout/dataconnect\": could not find dataconnect.yaml in `/home/cs/Capstone/Capstone-layout/dataconnect`\n"}}
[debug] [2026-10-03T04:34:30.212Z] E1003 00:34:30.211392   10452 watch.go:40] Failed to load config from "/home/cs/Capstone/Capstone-layout/dataconnect": could not find dataconnect.yaml in `/home/cs/Capstone/Capstone-layout/dataconnect`
 {"metadata":{"emulator":{"name":"dataconnect"},"message":"E1003 00:34:30.211392   10452 watch.go:40] Failed to load config from \"/home/cs/Capstone/Capstone-layout/dataconnect\": could not find dataconnect.yaml in `/home/cs/Capstone/Capstone-layout/dataconnect`\n"}}
[debug] [2026-10-03T04:34:40.189Z] E1003 00:34:40.189826   10452 watch.go:40] Failed to load config from "/home/cs/Capstone/Capstone-layout/dataconnect": could not find dataconnect.yaml in `/home/cs/Capstone/Capstone-layout/dataconnect`
E1003 00:34:40.189696   10452 watch.go:116] watchAllDir unable to walk dir `/home/cs/Capstone/Capstone-layout/dataconnect`: lstat /home/cs/Capstone/Capstone-layout/dataconnect: no such file or directory
 {"metadata":{"emulator":{"name":"dataconnect"},"message":"E1003 00:34:40.189826   10452 watch.go:40] Failed to load config from \"/home/cs/Capstone/Capstone-layout/dataconnect\": could not find dataconnect.yaml in `/home/cs/Capstone/Capstone-layout/dataconnect`\nE1003 00:34:40.189696   10452 watch.go:116] watchAllDir unable to walk dir `/home/cs/Capstone/Capstone-layout/dataconnect`: lstat /home/cs/Capstone/Capstone-layout/dataconnect: no such file or directory\n"}}
[debug] [2026-10-03T04:34:50.205Z] E1003 00:34:50.204134   10452 watch.go:40] Failed to load config from "/home/cs/Capstone/Capstone-layout/dataconnect": could not find dataconnect.yaml in `/home/cs/Capstone/Capstone-layout/dataconnect`
 {"metadata":{"emulator":{"name":"dataconnect"},"message":"E1003 00:34:50.204134   10452 watch.go:40] Failed to load config from \"/home/cs/Capstone/Capstone-layout/dataconnect\": could not find dataconnect.yaml in `/home/cs/Capstone/Capstone-layout/dataconnect`\n"}}
[debug] [2026-10-03T04:35:00.212Z] E1003 00:35:00.211748   10452 watch.go:40] Failed to load config from "/home/cs/Capstone/Capstone-layout/dataconnect": could not find dataconnect.yaml in `/home/cs/Capstone/Capstone-layout/dataconnect`
 {"metadata":{"emulator":{"name":"dataconnect"},"message":"E1003 00:35:00.211748   10452 watch.go:40] Failed to load config from \"/home/cs/Capstone/Capstone-layout/dataconnect\": could not find dataconnect.yaml in `/home/cs/Capstone/Capstone-layout/dataconnect`\n"}}
[debug] [2026-10-03T04:35:10.193Z] E1003 00:35:10.193442   10452 watch.go:40] Failed to load config from "/home/cs/Capstone/Capstone-layout/dataconnect": could not find dataconnect.yaml in `/home/cs/Capstone/Capstone-layout/dataconnect`
 {"metadata":{"emulator":{"name":"dataconnect"},"message":"E1003 00:35:10.193442   10452 watch.go:40] Failed to load config from \"/home/cs/Capstone/Capstone-layout/dataconnect\": could not find dataconnect.yaml in `/home/cs/Capstone/Capstone-layout/dataconnect`\n"}}
[debug] [2026-10-03T04:35:20.199Z] E1003 00:35:20.198895   10452 watch.go:40] Failed to load config from "/home/cs/Capstone/Capstone-layout/dataconnect": could not find dataconnect.yaml in `/home/cs/Capstone/Capstone-layout/dataconnect`
 {"metadata":{"emulator":{"name":"dataconnect"},"message":"E1003 00:35:20.198895   10452 watch.go:40] Failed to load config from \"/home/cs/Capstone/Capstone-layout/dataconnect\": could not find dataconnect.yaml in `/home/cs/Capstone/Capstone-layout/dataconnect`\n"}}
[debug] [2026-10-03T04:35:30.271Z] E1003 00:35:30.270985   10452 watch.go:40] Failed to load config from "/home/cs/Capstone/Capstone-layout/dataconnect": could not find dataconnect.yaml in `/home/cs/Capstone/Capstone-layout/dataconnect`
 {"metadata":{"emulator":{"name":"dataconnect"},"message":"E1003 00:35:30.270985   10452 watch.go:40] Failed to load config from \"/home/cs/Capstone/Capstone-layout/dataconnect\": could not find dataconnect.yaml in `/home/cs/Capstone/Capstone-layout/dataconnect`\n"}}
[debug] [2026-10-03T04:35:40.189Z] E1003 00:35:40.189331   10452 watch.go:116] watchAllDir unable to walk dir `/home/cs/Capstone/Capstone-layout/dataconnect`: lstat /home/cs/Capstone/Capstone-layout/dataconnect: no such file or directory
E1003 00:35:40.189379   10452 watch.go:40] Failed to load config from "/home/cs/Capstone/Capstone-layout/dataconnect": could not find dataconnect.yaml in `/home/cs/Capstone/Capstone-layout/dataconnect`
 {"metadata":{"emulator":{"name":"dataconnect"},"message":"E1003 00:35:40.189331   10452 watch.go:116] watchAllDir unable to walk dir `/home/cs/Capstone/Capstone-layout/dataconnect`: lstat /home/cs/Capstone/Capstone-layout/dataconnect: no such file or directory\nE1003 00:35:40.189379   10452 watch.go:40] Failed to load config from \"/home/cs/Capstone/Capstone-layout/dataconnect\": could not find dataconnect.yaml in `/home/cs/Capstone/Capstone-layout/dataconnect`\n"}}
[debug] [2026-10-03T04:35:50.190Z] E1003 00:35:50.190160   10452 watch.go:40] Failed to load config from "/home/cs/Capstone/Capstone-layout/dataconnect": could not find dataconnect.yaml in `/home/cs/Capstone/Capstone-layout/dataconnect`
 {"metadata":{"emulator":{"name":"dataconnect"},"message":"E1003 00:35:50.190160   10452 watch.go:40] Failed to load config from \"/home/cs/Capstone/Capstone-layout/dataconnect\": could not find dataconnect.yaml in `/home/cs/Capstone/Capstone-layout/dataconnect`\n"}}
[debug] [2026-10-03T04:36:00.206Z] E1003 00:36:00.205233   10452 watch.go:40] Failed to load config from "/home/cs/Capstone/Capstone-layout/dataconnect": could not find dataconnect.yaml in `/home/cs/Capstone/Capstone-layout/dataconnect`
 {"metadata":{"emulator":{"name":"dataconnect"},"message":"E1003 00:36:00.205233   10452 watch.go:40] Failed to load config from \"/home/cs/Capstone/Capstone-layout/dataconnect\": could not find dataconnect.yaml in `/home/cs/Capstone/Capstone-layout/dataconnect`\n"}}
[debug] [2026-10-03T04:36:10.199Z] E1003 00:36:10.199124   10452 watch.go:40] Failed to load config from "/home/cs/Capstone/Capstone-layout/dataconnect": could not find dataconnect.yaml in `/home/cs/Capstone/Capstone-layout/dataconnect`
 {"metadata":{"emulator":{"name":"dataconnect"},"message":"E1003 00:36:10.199124   10452 watch.go:40] Failed to load config from \"/home/cs/Capstone/Capstone-layout/dataconnect\": could not find dataconnect.yaml in `/home/cs/Capstone/Capstone-layout/dataconnect`\n"}}
[debug] [2026-10-03T04:36:20.215Z] E1003 00:36:20.215031   10452 watch.go:40] Failed to load config from "/home/cs/Capstone/Capstone-layout/dataconnect": could not find dataconnect.yaml in `/home/cs/Capstone/Capstone-layout/dataconnect`
 {"metadata":{"emulator":{"name":"dataconnect"},"message":"E1003 00:36:20.215031   10452 watch.go:40] Failed to load config from \"/home/cs/Capstone/Capstone-layout/dataconnect\": could not find dataconnect.yaml in `/home/cs/Capstone/Capstone-layout/dataconnect`\n"}}
[debug] [2026-10-03T04:36:30.201Z] E1003 00:36:30.201246   10452 watch.go:40] Failed to load config from "/home/cs/Capstone/Capstone-layout/dataconnect": could not find dataconnect.yaml in `/home/cs/Capstone/Capstone-layout/dataconnect`
 {"metadata":{"emulator":{"name":"dataconnect"},"message":"E1003 00:36:30.201246   10452 watch.go:40] Failed to load config from \"/home/cs/Capstone/Capstone-layout/dataconnect\": could not find dataconnect.yaml in `/home/cs/Capstone/Capstone-layout/dataconnect`\n"}}
[debug] [2026-10-03T04:36:40.190Z] E1003 00:36:40.190392   10452 watch.go:40] Failed to load config from "/home/cs/Capstone/Capstone-layout/dataconnect": could not find dataconnect.yaml in `/home/cs/Capstone/Capstone-layout/dataconnect`
E1003 00:36:40.190370   10452 watch.go:116] watchAllDir unable to walk dir `/home/cs/Capstone/Capstone-layout/dataconnect`: lstat /home/cs/Capstone/Capstone-layout/dataconnect: no such file or directory
 {"metadata":{"emulator":{"name":"dataconnect"},"message":"E1003 00:36:40.190392   10452 watch.go:40] Failed to load config from \"/home/cs/Capstone/Capstone-layout/dataconnect\": could not find dataconnect.yaml in `/home/cs/Capstone/Capstone-layout/dataconnect`\nE1003 00:36:40.190370   10452 watch.go:116] watchAllDir unable to walk dir `/home/cs/Capstone/Capstone-layout/dataconnect`: lstat /home/cs/Capstone/Capstone-layout/dataconnect: no such file or directory\n"}}
[debug] [2026-10-03T04:36:50.209Z] E1003 00:36:50.208876   10452 watch.go:40] Failed to load config from "/home/cs/Capstone/Capstone-layout/dataconnect": could not find dataconnect.yaml in `/home/cs/Capstone/Capstone-layout/dataconnect`
 {"metadata":{"emulator":{"name":"dataconnect"},"message":"E1003 00:36:50.208876   10452 watch.go:40] Failed to load config from \"/home/cs/Capstone/Capstone-layout/dataconnect\": could not find dataconnect.yaml in `/home/cs/Capstone/Capstone-layout/dataconnect`\n"}}
[debug] [2026-10-03T04:37:00.198Z] E1003 00:37:00.197921   10452 watch.go:40] Failed to load config from "/home/cs/Capstone/Capstone-layout/dataconnect": could not find dataconnect.yaml in `/home/cs/Capstone/Capstone-layout/dataconnect`
 {"metadata":{"emulator":{"name":"dataconnect"},"message":"E1003 00:37:00.197921   10452 watch.go:40] Failed to load config from \"/home/cs/Capstone/Capstone-layout/dataconnect\": could not find dataconnect.yaml in `/home/cs/Capstone/Capstone-layout/dataconnect`\n"}}
[debug] [2026-10-03T04:37:10.208Z] E1003 00:37:10.208136   10452 watch.go:40] Failed to load config from "/home/cs/Capstone/Capstone-layout/dataconnect": could not find dataconnect.yaml in `/home/cs/Capstone/Capstone-layout/dataconnect`
 {"metadata":{"emulator":{"name":"dataconnect"},"message":"E1003 00:37:10.208136   10452 watch.go:40] Failed to load config from \"/home/cs/Capstone/Capstone-layout/dataconnect\": could not find dataconnect.yaml in `/home/cs/Capstone/Capstone-layout/dataconnect`\n"}}
[debug] [2026-10-03T04:37:20.216Z] E1003 00:37:20.215953   10452 watch.go:40] Failed to load config from "/home/cs/Capstone/Capstone-layout/dataconnect": could not find dataconnect.yaml in `/home/cs/Capstone/Capstone-layout/dataconnect`
 {"metadata":{"emulator":{"name":"dataconnect"},"message":"E1003 00:37:20.215953   10452 watch.go:40] Failed to load config from \"/home/cs/Capstone/Capstone-layout/dataconnect\": could not find dataconnect.yaml in `/home/cs/Capstone/Capstone-layout/dataconnect`\n"}}
[debug] [2026-10-03T04:37:30.199Z] E1003 00:37:30.199590   10452 watch.go:40] Failed to load config from "/home/cs/Capstone/Capstone-layout/dataconnect": could not find dataconnect.yaml in `/home/cs/Capstone/Capstone-layout/dataconnect`
 {"metadata":{"emulator":{"name":"dataconnect"},"message":"E1003 00:37:30.199590   10452 watch.go:40] Failed to load config from \"/home/cs/Capstone/Capstone-layout/dataconnect\": could not find dataconnect.yaml in `/home/cs/Capstone/Capstone-layout/dataconnect`\n"}}
[debug] [2026-10-03T04:37:40.191Z] E1003 00:37:40.190467   10452 watch.go:116] watchAllDir unable to walk dir `/home/cs/Capstone/Capstone-layout/dataconnect`: lstat /home/cs/Capstone/Capstone-layout/dataconnect: no such file or directory
 {"metadata":{"emulator":{"name":"dataconnect"},"message":"E1003 00:37:40.190467   10452 watch.go:116] watchAllDir unable to walk dir `/home/cs/Capstone/Capstone-layout/dataconnect`: lstat /home/cs/Capstone/Capstone-layout/dataconnect: no such file or directory\n"}}
[debug] [2026-10-03T04:37:40.191Z] E1003 00:37:40.191039   10452 watch.go:40] Failed to load config from "/home/cs/Capstone/Capstone-layout/dataconnect": could not find dataconnect.yaml in `/home/cs/Capstone/Capstone-layout/dataconnect`
 {"metadata":{"emulator":{"name":"dataconnect"},"message":"E1003 00:37:40.191039   10452 watch.go:40] Failed to load config from \"/home/cs/Capstone/Capstone-layout/dataconnect\": could not find dataconnect.yaml in `/home/cs/Capstone/Capstone-layout/dataconnect`\n"}}
[debug] [2026-10-03T04:37:50.192Z] E1003 00:37:50.191810   10452 watch.go:40] Failed to load config from "/home/cs/Capstone/Capstone-layout/dataconnect": could not find dataconnect.yaml in `/home/cs/Capstone/Capstone-layout/dataconnect`
 {"metadata":{"emulator":{"name":"dataconnect"},"message":"E1003 00:37:50.191810   10452 watch.go:40] Failed to load config from \"/home/cs/Capstone/Capstone-layout/dataconnect\": could not find dataconnect.yaml in `/home/cs/Capstone/Capstone-layout/dataconnect`\n"}}
[debug] [2026-10-03T04:38:00.192Z] E1003 00:38:00.192370   10452 watch.go:40] Failed to load config from "/home/cs/Capstone/Capstone-layout/dataconnect": could not find dataconnect.yaml in `/home/cs/Capstone/Capstone-layout/dataconnect`
 {"metadata":{"emulator":{"name":"dataconnect"},"message":"E1003 00:38:00.192370   10452 watch.go:40] Failed to load config from \"/home/cs/Capstone/Capstone-layout/dataconnect\": could not find dataconnect.yaml in `/home/cs/Capstone/Capstone-layout/dataconnect`\n"}}
[debug] [2026-10-03T04:38:10.233Z] E1003 00:38:10.233182   10452 watch.go:40] Failed to load config from "/home/cs/Capstone/Capstone-layout/dataconnect": could not find dataconnect.yaml in `/home/cs/Capstone/Capstone-layout/dataconnect`
 {"metadata":{"emulator":{"name":"dataconnect"},"message":"E1003 00:38:10.233182   10452 watch.go:40] Failed to load config from \"/home/cs/Capstone/Capstone-layout/dataconnect\": could not find dataconnect.yaml in `/home/cs/Capstone/Capstone-layout/dataconnect`\n"}}
[debug] [2026-10-03T04:38:20.264Z] E1003 00:38:20.264141   10452 watch.go:40] Failed to load config from "/home/cs/Capstone/Capstone-layout/dataconnect": could not find dataconnect.yaml in `/home/cs/Capstone/Capstone-layout/dataconnect`
 {"metadata":{"emulator":{"name":"dataconnect"},"message":"E1003 00:38:20.264141   10452 watch.go:40] Failed to load config from \"/home/cs/Capstone/Capstone-layout/dataconnect\": could not find dataconnect.yaml in `/home/cs/Capstone/Capstone-layout/dataconnect`\n"}}
[debug] [2026-10-03T04:38:30.196Z] E1003 00:38:30.196060   10452 watch.go:40] Failed to load config from "/home/cs/Capstone/Capstone-layout/dataconnect": could not find dataconnect.yaml in `/home/cs/Capstone/Capstone-layout/dataconnect`
 {"metadata":{"emulator":{"name":"dataconnect"},"message":"E1003 00:38:30.196060   10452 watch.go:40] Failed to load config from \"/home/cs/Capstone/Capstone-layout/dataconnect\": could not find dataconnect.yaml in `/home/cs/Capstone/Capstone-layout/dataconnect`\n"}}
[debug] [2026-10-03T04:38:40.204Z] E1003 00:38:40.203284   10452 watch.go:116] watchAllDir unable to walk dir `/home/cs/Capstone/Capstone-layout/dataconnect`: lstat /home/cs/Capstone/Capstone-layout/dataconnect: no such file or directory
 {"metadata":{"emulator":{"name":"dataconnect"},"message":"E1003 00:38:40.203284   10452 watch.go:116] watchAllDir unable to walk dir `/home/cs/Capstone/Capstone-layout/dataconnect`: lstat /home/cs/Capstone/Capstone-layout/dataconnect: no such file or directory\n"}}
[debug] [2026-10-03T04:38:40.205Z] E1003 00:38:40.203437   10452 watch.go:40] Failed to load config from "/home/cs/Capstone/Capstone-layout/dataconnect": could not find dataconnect.yaml in `/home/cs/Capstone/Capstone-layout/dataconnect`
 {"metadata":{"emulator":{"name":"dataconnect"},"message":"E1003 00:38:40.203437   10452 watch.go:40] Failed to load config from \"/home/cs/Capstone/Capstone-layout/dataconnect\": could not find dataconnect.yaml in `/home/cs/Capstone/Capstone-layout/dataconnect`\n"}}
[debug] [2026-10-03T04:38:50.198Z] E1003 00:38:50.197969   10452 watch.go:40] Failed to load config from "/home/cs/Capstone/Capstone-layout/dataconnect": could not find dataconnect.yaml in `/home/cs/Capstone/Capstone-layout/dataconnect`
 {"metadata":{"emulator":{"name":"dataconnect"},"message":"E1003 00:38:50.197969   10452 watch.go:40] Failed to load config from \"/home/cs/Capstone/Capstone-layout/dataconnect\": could not find dataconnect.yaml in `/home/cs/Capstone/Capstone-layout/dataconnect`\n"}}
[debug] [2026-10-03T04:39:00.263Z] E1003 00:39:00.262853   10452 watch.go:40] Failed to load config from "/home/cs/Capstone/Capstone-layout/dataconnect": could not find dataconnect.yaml in `/home/cs/Capstone/Capstone-layout/dataconnect`
 {"metadata":{"emulator":{"name":"dataconnect"},"message":"E1003 00:39:00.262853   10452 watch.go:40] Failed to load config from \"/home/cs/Capstone/Capstone-layout/dataconnect\": could not find dataconnect.yaml in `/home/cs/Capstone/Capstone-layout/dataconnect`\n"}}
[debug] [2026-10-03T04:39:10.211Z] E1003 00:39:10.210929   10452 watch.go:40] Failed to load config from "/home/cs/Capstone/Capstone-layout/dataconnect": could not find dataconnect.yaml in `/home/cs/Capstone/Capstone-layout/dataconnect`
 {"metadata":{"emulator":{"name":"dataconnect"},"message":"E1003 00:39:10.210929   10452 watch.go:40] Failed to load config from \"/home/cs/Capstone/Capstone-layout/dataconnect\": could not find dataconnect.yaml in `/home/cs/Capstone/Capstone-layout/dataconnect`\n"}}
[debug] [2026-10-03T04:39:20.199Z] E1003 00:39:20.199362   10452 watch.go:40] Failed to load config from "/home/cs/Capstone/Capstone-layout/dataconnect": could not find dataconnect.yaml in `/home/cs/Capstone/Capstone-layout/dataconnect`
 {"metadata":{"emulator":{"name":"dataconnect"},"message":"E1003 00:39:20.199362   10452 watch.go:40] Failed to load config from \"/home/cs/Capstone/Capstone-layout/dataconnect\": could not find dataconnect.yaml in `/home/cs/Capstone/Capstone-layout/dataconnect`\n"}}
[debug] [2026-10-03T04:39:30.212Z] E1003 00:39:30.211962   10452 watch.go:40] Failed to load config from "/home/cs/Capstone/Capstone-layout/dataconnect": could not find dataconnect.yaml in `/home/cs/Capstone/Capstone-layout/dataconnect`
 {"metadata":{"emulator":{"name":"dataconnect"},"message":"E1003 00:39:30.211962   10452 watch.go:40] Failed to load config from \"/home/cs/Capstone/Capstone-layout/dataconnect\": could not find dataconnect.yaml in `/home/cs/Capstone/Capstone-layout/dataconnect`\n"}}
[debug] [2026-10-03T04:39:40.193Z] E1003 00:39:40.193267   10452 watch.go:40] Failed to load config from "/home/cs/Capstone/Capstone-layout/dataconnect": could not find dataconnect.yaml in `/home/cs/Capstone/Capstone-layout/dataconnect`
E1003 00:39:40.193329   10452 watch.go:116] watchAllDir unable to walk dir `/home/cs/Capstone/Capstone-layout/dataconnect`: lstat /home/cs/Capstone/Capstone-layout/dataconnect: no such file or directory
 {"metadata":{"emulator":{"name":"dataconnect"},"message":"E1003 00:39:40.193267   10452 watch.go:40] Failed to load config from \"/home/cs/Capstone/Capstone-layout/dataconnect\": could not find dataconnect.yaml in `/home/cs/Capstone/Capstone-layout/dataconnect`\nE1003 00:39:40.193329   10452 watch.go:116] watchAllDir unable to walk dir `/home/cs/Capstone/Capstone-layout/dataconnect`: lstat /home/cs/Capstone/Capstone-layout/dataconnect: no such file or directory\n"}}
[debug] [2026-10-03T04:39:50.189Z] E1003 00:39:50.189440   10452 watch.go:40] Failed to load config from "/home/cs/Capstone/Capstone-layout/dataconnect": could not find dataconnect.yaml in `/home/cs/Capstone/Capstone-layout/dataconnect`
 {"metadata":{"emulator":{"name":"dataconnect"},"message":"E1003 00:39:50.189440   10452 watch.go:40] Failed to load config from \"/home/cs/Capstone/Capstone-layout/dataconnect\": could not find dataconnect.yaml in `/home/cs/Capstone/Capstone-layout/dataconnect`\n"}}
[debug] [2026-10-03T04:40:00.404Z] E1003 00:40:00.403575   10452 watch.go:40] Failed to load config from "/home/cs/Capstone/Capstone-layout/dataconnect": could not find dataconnect.yaml in `/home/cs/Capstone/Capstone-layout/dataconnect`
 {"metadata":{"emulator":{"name":"dataconnect"},"message":"E1003 00:40:00.403575   10452 watch.go:40] Failed to load config from \"/home/cs/Capstone/Capstone-layout/dataconnect\": could not find dataconnect.yaml in `/home/cs/Capstone/Capstone-layout/dataconnect`\n"}}
[debug] [2026-10-03T04:40:10.244Z] E1003 00:40:10.244282   10452 watch.go:40] Failed to load config from "/home/cs/Capstone/Capstone-layout/dataconnect": could not find dataconnect.yaml in `/home/cs/Capstone/Capstone-layout/dataconnect`
 {"metadata":{"emulator":{"name":"dataconnect"},"message":"E1003 00:40:10.244282   10452 watch.go:40] Failed to load config from \"/home/cs/Capstone/Capstone-layout/dataconnect\": could not find dataconnect.yaml in `/home/cs/Capstone/Capstone-layout/dataconnect`\n"}}
[debug] [2026-10-03T04:40:20.200Z] E1003 00:40:20.200320   10452 watch.go:40] Failed to load config from "/home/cs/Capstone/Capstone-layout/dataconnect": could not find dataconnect.yaml in `/home/cs/Capstone/Capstone-layout/dataconnect`
 {"metadata":{"emulator":{"name":"dataconnect"},"message":"E1003 00:40:20.200320   10452 watch.go:40] Failed to load config from \"/home/cs/Capstone/Capstone-layout/dataconnect\": could not find dataconnect.yaml in `/home/cs/Capstone/Capstone-layout/dataconnect`\n"}}
[debug] [2026-10-03T04:40:30.200Z] E1003 00:40:30.199883   10452 watch.go:40] Failed to load config from "/home/cs/Capstone/Capstone-layout/dataconnect": could not find dataconnect.yaml in `/home/cs/Capstone/Capstone-layout/dataconnect`
 {"metadata":{"emulator":{"name":"dataconnect"},"message":"E1003 00:40:30.199883   10452 watch.go:40] Failed to load config from \"/home/cs/Capstone/Capstone-layout/dataconnect\": could not find dataconnect.yaml in `/home/cs/Capstone/Capstone-layout/dataconnect`\n"}}
[debug] [2026-10-03T04:40:40.189Z] E1003 00:40:40.189796   10452 watch.go:40] Failed to load config from "/home/cs/Capstone/Capstone-layout/dataconnect": could not find dataconnect.yaml in `/home/cs/Capstone/Capstone-layout/dataconnect`
E1003 00:40:40.189819   10452 watch.go:116] watchAllDir unable to walk dir `/home/cs/Capstone/Capstone-layout/dataconnect`: lstat /home/cs/Capstone/Capstone-layout/dataconnect: no such file or directory
 {"metadata":{"emulator":{"name":"dataconnect"},"message":"E1003 00:40:40.189796   10452 watch.go:40] Failed to load config from \"/home/cs/Capstone/Capstone-layout/dataconnect\": could not find dataconnect.yaml in `/home/cs/Capstone/Capstone-layout/dataconnect`\nE1003 00:40:40.189819   10452 watch.go:116] watchAllDir unable to walk dir `/home/cs/Capstone/Capstone-layout/dataconnect`: lstat /home/cs/Capstone/Capstone-layout/dataconnect: no such file or directory\n"}}
[debug] [2026-10-03T04:40:50.193Z] E1003 00:40:50.192853   10452 watch.go:40] Failed to load config from "/home/cs/Capstone/Capstone-layout/dataconnect": could not find dataconnect.yaml in `/home/cs/Capstone/Capstone-layout/dataconnect`
 {"metadata":{"emulator":{"name":"dataconnect"},"message":"E1003 00:40:50.192853   10452 watch.go:40] Failed to load config from \"/home/cs/Capstone/Capstone-layout/dataconnect\": could not find dataconnect.yaml in `/home/cs/Capstone/Capstone-layout/dataconnect`\n"}}
[debug] [2026-10-03T04:41:00.248Z] E1003 00:41:00.248347   10452 watch.go:40] Failed to load config from "/home/cs/Capstone/Capstone-layout/dataconnect": could not find dataconnect.yaml in `/home/cs/Capstone/Capstone-layout/dataconnect`
 {"metadata":{"emulator":{"name":"dataconnect"},"message":"E1003 00:41:00.248347   10452 watch.go:40] Failed to load config from \"/home/cs/Capstone/Capstone-layout/dataconnect\": could not find dataconnect.yaml in `/home/cs/Capstone/Capstone-layout/dataconnect`\n"}}
[debug] [2026-10-03T04:41:10.190Z] E1003 00:41:10.189906   10452 watch.go:40] Failed to load config from "/home/cs/Capstone/Capstone-layout/dataconnect": could not find dataconnect.yaml in `/home/cs/Capstone/Capstone-layout/dataconnect`
 {"metadata":{"emulator":{"name":"dataconnect"},"message":"E1003 00:41:10.189906   10452 watch.go:40] Failed to load config from \"/home/cs/Capstone/Capstone-layout/dataconnect\": could not find dataconnect.yaml in `/home/cs/Capstone/Capstone-layout/dataconnect`\n"}}
[debug] [2026-10-03T04:41:20.197Z] E1003 00:41:20.197092   10452 watch.go:40] Failed to load config from "/home/cs/Capstone/Capstone-layout/dataconnect": could not find dataconnect.yaml in `/home/cs/Capstone/Capstone-layout/dataconnect`
 {"metadata":{"emulator":{"name":"dataconnect"},"message":"E1003 00:41:20.197092   10452 watch.go:40] Failed to load config from \"/home/cs/Capstone/Capstone-layout/dataconnect\": could not find dataconnect.yaml in `/home/cs/Capstone/Capstone-layout/dataconnect`\n"}}
[debug] [2026-10-03T04:41:30.624Z] E1003 00:41:30.624394   10452 watch.go:40] Failed to load config from "/home/cs/Capstone/Capstone-layout/dataconnect": could not find dataconnect.yaml in `/home/cs/Capstone/Capstone-layout/dataconnect`
 {"metadata":{"emulator":{"name":"dataconnect"},"message":"E1003 00:41:30.624394   10452 watch.go:40] Failed to load config from \"/home/cs/Capstone/Capstone-layout/dataconnect\": could not find dataconnect.yaml in `/home/cs/Capstone/Capstone-layout/dataconnect`\n"}}
[debug] [2026-10-03T04:41:40.190Z] E1003 00:41:40.190078   10452 watch.go:116] watchAllDir unable to walk dir `/home/cs/Capstone/Capstone-layout/dataconnect`: lstat /home/cs/Capstone/Capstone-layout/dataconnect: no such file or directory
E1003 00:41:40.190117   10452 watch.go:40] Failed to load config from "/home/cs/Capstone/Capstone-layout/dataconnect": could not find dataconnect.yaml in `/home/cs/Capstone/Capstone-layout/dataconnect`
 {"metadata":{"emulator":{"name":"dataconnect"},"message":"E1003 00:41:40.190078   10452 watch.go:116] watchAllDir unable to walk dir `/home/cs/Capstone/Capstone-layout/dataconnect`: lstat /home/cs/Capstone/Capstone-layout/dataconnect: no such file or directory\nE1003 00:41:40.190117   10452 watch.go:40] Failed to load config from \"/home/cs/Capstone/Capstone-layout/dataconnect\": could not find dataconnect.yaml in `/home/cs/Capstone/Capstone-layout/dataconnect`\n"}}
[debug] [2026-10-03T04:41:50.191Z] E1003 00:41:50.191382   10452 watch.go:40] Failed to load config from "/home/cs/Capstone/Capstone-layout/dataconnect": could not find dataconnect.yaml in `/home/cs/Capstone/Capstone-layout/dataconnect`
 {"metadata":{"emulator":{"name":"dataconnect"},"message":"E1003 00:41:50.191382   10452 watch.go:40] Failed to load config from \"/home/cs/Capstone/Capstone-layout/dataconnect\": could not find dataconnect.yaml in `/home/cs/Capstone/Capstone-layout/dataconnect`\n"}}
[debug] [2026-10-03T04:42:00.194Z] E1003 00:42:00.194064   10452 watch.go:40] Failed to load config from "/home/cs/Capstone/Capstone-layout/dataconnect": could not find dataconnect.yaml in `/home/cs/Capstone/Capstone-layout/dataconnect`
 {"metadata":{"emulator":{"name":"dataconnect"},"message":"E1003 00:42:00.194064   10452 watch.go:40] Failed to load config from \"/home/cs/Capstone/Capstone-layout/dataconnect\": could not find dataconnect.yaml in `/home/cs/Capstone/Capstone-layout/dataconnect`\n"}}
[debug] [2026-10-03T04:42:10.193Z] E1003 00:42:10.193127   10452 watch.go:40] Failed to load config from "/home/cs/Capstone/Capstone-layout/dataconnect": could not find dataconnect.yaml in `/home/cs/Capstone/Capstone-layout/dataconnect`
 {"metadata":{"emulator":{"name":"dataconnect"},"message":"E1003 00:42:10.193127   10452 watch.go:40] Failed to load config from \"/home/cs/Capstone/Capstone-layout/dataconnect\": could not find dataconnect.yaml in `/home/cs/Capstone/Capstone-layout/dataconnect`\n"}}
[debug] [2026-10-03T04:42:20.196Z] E1003 00:42:20.196229   10452 watch.go:40] Failed to load config from "/home/cs/Capstone/Capstone-layout/dataconnect": could not find dataconnect.yaml in `/home/cs/Capstone/Capstone-layout/dataconnect`
 {"metadata":{"emulator":{"name":"dataconnect"},"message":"E1003 00:42:20.196229   10452 watch.go:40] Failed to load config from \"/home/cs/Capstone/Capstone-layout/dataconnect\": could not find dataconnect.yaml in `/home/cs/Capstone/Capstone-layout/dataconnect`\n"}}
[debug] [2026-10-03T04:42:30.300Z] E1003 00:42:30.300169   10452 watch.go:40] Failed to load config from "/home/cs/Capstone/Capstone-layout/dataconnect": could not find dataconnect.yaml in `/home/cs/Capstone/Capstone-layout/dataconnect`
 {"metadata":{"emulator":{"name":"dataconnect"},"message":"E1003 00:42:30.300169   10452 watch.go:40] Failed to load config from \"/home/cs/Capstone/Capstone-layout/dataconnect\": could not find dataconnect.yaml in `/home/cs/Capstone/Capstone-layout/dataconnect`\n"}}
[debug] [2026-10-03T04:42:40.201Z] E1003 00:42:40.201065   10452 watch.go:116] watchAllDir unable to walk dir `/home/cs/Capstone/Capstone-layout/dataconnect`: lstat /home/cs/Capstone/Capstone-layout/dataconnect: no such file or directory
E1003 00:42:40.201108   10452 watch.go:40] Failed to load config from "/home/cs/Capstone/Capstone-layout/dataconnect": could not find dataconnect.yaml in `/home/cs/Capstone/Capstone-layout/dataconnect`
 {"metadata":{"emulator":{"name":"dataconnect"},"message":"E1003 00:42:40.201065   10452 watch.go:116] watchAllDir unable to walk dir `/home/cs/Capstone/Capstone-layout/dataconnect`: lstat /home/cs/Capstone/Capstone-layout/dataconnect: no such file or directory\nE1003 00:42:40.201108   10452 watch.go:40] Failed to load config from \"/home/cs/Capstone/Capstone-layout/dataconnect\": could not find dataconnect.yaml in `/home/cs/Capstone/Capstone-layout/dataconnect`\n"}}
[debug] [2026-10-03T04:42:50.194Z] E1003 00:42:50.194366   10452 watch.go:40] Failed to load config from "/home/cs/Capstone/Capstone-layout/dataconnect": could not find dataconnect.yaml in `/home/cs/Capstone/Capstone-layout/dataconnect`
 {"metadata":{"emulator":{"name":"dataconnect"},"message":"E1003 00:42:50.194366   10452 watch.go:40] Failed to load config from \"/home/cs/Capstone/Capstone-layout/dataconnect\": could not find dataconnect.yaml in `/home/cs/Capstone/Capstone-layout/dataconnect`\n"}}
[debug] [2026-10-03T04:43:00.207Z] E1003 00:43:00.207248   10452 watch.go:40] Failed to load config from "/home/cs/Capstone/Capstone-layout/dataconnect": could not find dataconnect.yaml in `/home/cs/Capstone/Capstone-layout/dataconnect`
 {"metadata":{"emulator":{"name":"dataconnect"},"message":"E1003 00:43:00.207248   10452 watch.go:40] Failed to load config from \"/home/cs/Capstone/Capstone-layout/dataconnect\": could not find dataconnect.yaml in `/home/cs/Capstone/Capstone-layout/dataconnect`\n"}}
[debug] [2026-10-03T04:43:10.192Z] E1003 00:43:10.191878   10452 watch.go:40] Failed to load config from "/home/cs/Capstone/Capstone-layout/dataconnect": could not find dataconnect.yaml in `/home/cs/Capstone/Capstone-layout/dataconnect`
 {"metadata":{"emulator":{"name":"dataconnect"},"message":"E1003 00:43:10.191878   10452 watch.go:40] Failed to load config from \"/home/cs/Capstone/Capstone-layout/dataconnect\": could not find dataconnect.yaml in `/home/cs/Capstone/Capstone-layout/dataconnect`\n"}}
[debug] [2026-10-03T04:43:20.192Z] E1003 00:43:20.191960   10452 watch.go:40] Failed to load config from "/home/cs/Capstone/Capstone-layout/dataconnect": could not find dataconnect.yaml in `/home/cs/Capstone/Capstone-layout/dataconnect`
 {"metadata":{"emulator":{"name":"dataconnect"},"message":"E1003 00:43:20.191960   10452 watch.go:40] Failed to load config from \"/home/cs/Capstone/Capstone-layout/dataconnect\": could not find dataconnect.yaml in `/home/cs/Capstone/Capstone-layout/dataconnect`\n"}}
[debug] [2026-10-03T04:43:30.199Z] E1003 00:43:30.198877   10452 watch.go:40] Failed to load config from "/home/cs/Capstone/Capstone-layout/dataconnect": could not find dataconnect.yaml in `/home/cs/Capstone/Capstone-layout/dataconnect`
 {"metadata":{"emulator":{"name":"dataconnect"},"message":"E1003 00:43:30.198877   10452 watch.go:40] Failed to load config from \"/home/cs/Capstone/Capstone-layout/dataconnect\": could not find dataconnect.yaml in `/home/cs/Capstone/Capstone-layout/dataconnect`\n"}}
[debug] [2026-10-03T04:43:40.189Z] E1003 00:43:40.189293   10452 watch.go:116] watchAllDir unable to walk dir `/home/cs/Capstone/Capstone-layout/dataconnect`: lstat /home/cs/Capstone/Capstone-layout/dataconnect: no such file or directory
E1003 00:43:40.189388   10452 watch.go:40] Failed to load config from "/home/cs/Capstone/Capstone-layout/dataconnect": could not find dataconnect.yaml in `/home/cs/Capstone/Capstone-layout/dataconnect`
 {"metadata":{"emulator":{"name":"dataconnect"},"message":"E1003 00:43:40.189293   10452 watch.go:116] watchAllDir unable to walk dir `/home/cs/Capstone/Capstone-layout/dataconnect`: lstat /home/cs/Capstone/Capstone-layout/dataconnect: no such file or directory\nE1003 00:43:40.189388   10452 watch.go:40] Failed to load config from \"/home/cs/Capstone/Capstone-layout/dataconnect\": could not find dataconnect.yaml in `/home/cs/Capstone/Capstone-layout/dataconnect`\n"}}
[debug] [2026-10-03T04:43:50.203Z] E1003 00:43:50.202152   10452 watch.go:40] Failed to load config from "/home/cs/Capstone/Capstone-layout/dataconnect": could not find dataconnect.yaml in `/home/cs/Capstone/Capstone-layout/dataconnect`
 {"metadata":{"emulator":{"name":"dataconnect"},"message":"E1003 00:43:50.202152   10452 watch.go:40] Failed to load config from \"/home/cs/Capstone/Capstone-layout/dataconnect\": could not find dataconnect.yaml in `/home/cs/Capstone/Capstone-layout/dataconnect`\n"}}
[debug] [2026-10-03T04:44:00.190Z] E1003 00:44:00.190268   10452 watch.go:40] Failed to load config from "/home/cs/Capstone/Capstone-layout/dataconnect": could not find dataconnect.yaml in `/home/cs/Capstone/Capstone-layout/dataconnect`
 {"metadata":{"emulator":{"name":"dataconnect"},"message":"E1003 00:44:00.190268   10452 watch.go:40] Failed to load config from \"/home/cs/Capstone/Capstone-layout/dataconnect\": could not find dataconnect.yaml in `/home/cs/Capstone/Capstone-layout/dataconnect`\n"}}
[debug] [2026-10-03T04:44:10.192Z] E1003 00:44:10.191953   10452 watch.go:40] Failed to load config from "/home/cs/Capstone/Capstone-layout/dataconnect": could not find dataconnect.yaml in `/home/cs/Capstone/Capstone-layout/dataconnect`
 {"metadata":{"emulator":{"name":"dataconnect"},"message":"E1003 00:44:10.191953   10452 watch.go:40] Failed to load config from \"/home/cs/Capstone/Capstone-layout/dataconnect\": could not find dataconnect.yaml in `/home/cs/Capstone/Capstone-layout/dataconnect`\n"}}
[debug] [2026-10-03T04:44:20.834Z] E1003 00:44:20.834152   10452 watch.go:40] Failed to load config from "/home/cs/Capstone/Capstone-layout/dataconnect": could not find dataconnect.yaml in `/home/cs/Capstone/Capstone-layout/dataconnect`
 {"metadata":{"emulator":{"name":"dataconnect"},"message":"E1003 00:44:20.834152   10452 watch.go:40] Failed to load config from \"/home/cs/Capstone/Capstone-layout/dataconnect\": could not find dataconnect.yaml in `/home/cs/Capstone/Capstone-layout/dataconnect`\n"}}
[debug] [2026-10-03T04:44:30.232Z] E1003 00:44:30.232245   10452 watch.go:40] Failed to load config from "/home/cs/Capstone/Capstone-layout/dataconnect": could not find dataconnect.yaml in `/home/cs/Capstone/Capstone-layout/dataconnect`
 {"metadata":{"emulator":{"name":"dataconnect"},"message":"E1003 00:44:30.232245   10452 watch.go:40] Failed to load config from \"/home/cs/Capstone/Capstone-layout/dataconnect\": could not find dataconnect.yaml in `/home/cs/Capstone/Capstone-layout/dataconnect`\n"}}
[debug] [2026-10-03T04:44:40.192Z] E1003 00:44:40.192838   10452 watch.go:40] Failed to load config from "/home/cs/Capstone/Capstone-layout/dataconnect": could not find dataconnect.yaml in `/home/cs/Capstone/Capstone-layout/dataconnect`
E1003 00:44:40.192667   10452 watch.go:116] watchAllDir unable to walk dir `/home/cs/Capstone/Capstone-layout/dataconnect`: lstat /home/cs/Capstone/Capstone-layout/dataconnect: no such file or directory
 {"metadata":{"emulator":{"name":"dataconnect"},"message":"E1003 00:44:40.192838   10452 watch.go:40] Failed to load config from \"/home/cs/Capstone/Capstone-layout/dataconnect\": could not find dataconnect.yaml in `/home/cs/Capstone/Capstone-layout/dataconnect`\nE1003 00:44:40.192667   10452 watch.go:116] watchAllDir unable to walk dir `/home/cs/Capstone/Capstone-layout/dataconnect`: lstat /home/cs/Capstone/Capstone-layout/dataconnect: no such file or directory\n"}}
[debug] [2026-10-03T04:44:50.190Z] E1003 00:44:50.190242   10452 watch.go:40] Failed to load config from "/home/cs/Capstone/Capstone-layout/dataconnect": could not find dataconnect.yaml in `/home/cs/Capstone/Capstone-layout/dataconnect`
 {"metadata":{"emulator":{"name":"dataconnect"},"message":"E1003 00:44:50.190242   10452 watch.go:40] Failed to load config from \"/home/cs/Capstone/Capstone-layout/dataconnect\": could not find dataconnect.yaml in `/home/cs/Capstone/Capstone-layout/dataconnect`\n"}}
[debug] [2026-10-03T04:45:00.205Z] E1003 00:45:00.205099   10452 watch.go:40] Failed to load config from "/home/cs/Capstone/Capstone-layout/dataconnect": could not find dataconnect.yaml in `/home/cs/Capstone/Capstone-layout/dataconnect`
 {"metadata":{"emulator":{"name":"dataconnect"},"message":"E1003 00:45:00.205099   10452 watch.go:40] Failed to load config from \"/home/cs/Capstone/Capstone-layout/dataconnect\": could not find dataconnect.yaml in `/home/cs/Capstone/Capstone-layout/dataconnect`\n"}}
[debug] [2026-10-03T04:45:10.190Z] E1003 00:45:10.190163   10452 watch.go:40] Failed to load config from "/home/cs/Capstone/Capstone-layout/dataconnect": could not find dataconnect.yaml in `/home/cs/Capstone/Capstone-layout/dataconnect`
 {"metadata":{"emulator":{"name":"dataconnect"},"message":"E1003 00:45:10.190163   10452 watch.go:40] Failed to load config from \"/home/cs/Capstone/Capstone-layout/dataconnect\": could not find dataconnect.yaml in `/home/cs/Capstone/Capstone-layout/dataconnect`\n"}}
[debug] [2026-10-03T04:45:20.192Z] E1003 00:45:20.192596   10452 watch.go:40] Failed to load config from "/home/cs/Capstone/Capstone-layout/dataconnect": could not find dataconnect.yaml in `/home/cs/Capstone/Capstone-layout/dataconnect`
 {"metadata":{"emulator":{"name":"dataconnect"},"message":"E1003 00:45:20.192596   10452 watch.go:40] Failed to load config from \"/home/cs/Capstone/Capstone-layout/dataconnect\": could not find dataconnect.yaml in `/home/cs/Capstone/Capstone-layout/dataconnect`\n"}}
[debug] [2026-10-03T04:45:30.200Z] E1003 00:45:30.199563   10452 watch.go:40] Failed to load config from "/home/cs/Capstone/Capstone-layout/dataconnect": could not find dataconnect.yaml in `/home/cs/Capstone/Capstone-layout/dataconnect`
 {"metadata":{"emulator":{"name":"dataconnect"},"message":"E1003 00:45:30.199563   10452 watch.go:40] Failed to load config from \"/home/cs/Capstone/Capstone-layout/dataconnect\": could not find dataconnect.yaml in `/home/cs/Capstone/Capstone-layout/dataconnect`\n"}}
[debug] [2026-10-03T04:45:40.232Z] E1003 00:45:40.231501   10452 watch.go:116] watchAllDir unable to walk dir `/home/cs/Capstone/Capstone-layout/dataconnect`: lstat /home/cs/Capstone/Capstone-layout/dataconnect: no such file or directory
E1003 00:45:40.231564   10452 watch.go:40] Failed to load config from "/home/cs/Capstone/Capstone-layout/dataconnect": could not find dataconnect.yaml in `/home/cs/Capstone/Capstone-layout/dataconnect`
 {"metadata":{"emulator":{"name":"dataconnect"},"message":"E1003 00:45:40.231501   10452 watch.go:116] watchAllDir unable to walk dir `/home/cs/Capstone/Capstone-layout/dataconnect`: lstat /home/cs/Capstone/Capstone-layout/dataconnect: no such file or directory\nE1003 00:45:40.231564   10452 watch.go:40] Failed to load config from \"/home/cs/Capstone/Capstone-layout/dataconnect\": could not find dataconnect.yaml in `/home/cs/Capstone/Capstone-layout/dataconnect`\n"}}
[debug] [2026-10-03T04:45:50.205Z] E1003 00:45:50.204734   10452 watch.go:40] Failed to load config from "/home/cs/Capstone/Capstone-layout/dataconnect": could not find dataconnect.yaml in `/home/cs/Capstone/Capstone-layout/dataconnect`
 {"metadata":{"emulator":{"name":"dataconnect"},"message":"E1003 00:45:50.204734   10452 watch.go:40] Failed to load config from \"/home/cs/Capstone/Capstone-layout/dataconnect\": could not find dataconnect.yaml in `/home/cs/Capstone/Capstone-layout/dataconnect`\n"}}
[debug] [2026-10-03T04:46:00.194Z] E1003 00:46:00.194207   10452 watch.go:40] Failed to load config from "/home/cs/Capstone/Capstone-layout/dataconnect": could not find dataconnect.yaml in `/home/cs/Capstone/Capstone-layout/dataconnect`
 {"metadata":{"emulator":{"name":"dataconnect"},"message":"E1003 00:46:00.194207   10452 watch.go:40] Failed to load config from \"/home/cs/Capstone/Capstone-layout/dataconnect\": could not find dataconnect.yaml in `/home/cs/Capstone/Capstone-layout/dataconnect`\n"}}
[debug] [2026-10-03T04:46:10.193Z] E1003 00:46:10.192090   10452 watch.go:40] Failed to load config from "/home/cs/Capstone/Capstone-layout/dataconnect": could not find dataconnect.yaml in `/home/cs/Capstone/Capstone-layout/dataconnect`
 {"metadata":{"emulator":{"name":"dataconnect"},"message":"E1003 00:46:10.192090   10452 watch.go:40] Failed to load config from \"/home/cs/Capstone/Capstone-layout/dataconnect\": could not find dataconnect.yaml in `/home/cs/Capstone/Capstone-layout/dataconnect`\n"}}
[debug] [2026-10-03T04:46:20.196Z] E1003 00:46:20.196368   10452 watch.go:40] Failed to load config from "/home/cs/Capstone/Capstone-layout/dataconnect": could not find dataconnect.yaml in `/home/cs/Capstone/Capstone-layout/dataconnect`
 {"metadata":{"emulator":{"name":"dataconnect"},"message":"E1003 00:46:20.196368   10452 watch.go:40] Failed to load config from \"/home/cs/Capstone/Capstone-layout/dataconnect\": could not find dataconnect.yaml in `/home/cs/Capstone/Capstone-layout/dataconnect`\n"}}
[debug] [2026-10-03T04:46:30.203Z] E1003 00:46:30.203024   10452 watch.go:40] Failed to load config from "/home/cs/Capstone/Capstone-layout/dataconnect": could not find dataconnect.yaml in `/home/cs/Capstone/Capstone-layout/dataconnect`
 {"metadata":{"emulator":{"name":"dataconnect"},"message":"E1003 00:46:30.203024   10452 watch.go:40] Failed to load config from \"/home/cs/Capstone/Capstone-layout/dataconnect\": could not find dataconnect.yaml in `/home/cs/Capstone/Capstone-layout/dataconnect`\n"}}
[debug] [2026-10-03T04:46:40.212Z] E1003 00:46:40.211983   10452 watch.go:116] watchAllDir unable to walk dir `/home/cs/Capstone/Capstone-layout/dataconnect`: lstat /home/cs/Capstone/Capstone-layout/dataconnect: no such file or directory
E1003 00:46:40.212033   10452 watch.go:40] Failed to load config from "/home/cs/Capstone/Capstone-layout/dataconnect": could not find dataconnect.yaml in `/home/cs/Capstone/Capstone-layout/dataconnect`
 {"metadata":{"emulator":{"name":"dataconnect"},"message":"E1003 00:46:40.211983   10452 watch.go:116] watchAllDir unable to walk dir `/home/cs/Capstone/Capstone-layout/dataconnect`: lstat /home/cs/Capstone/Capstone-layout/dataconnect: no such file or directory\nE1003 00:46:40.212033   10452 watch.go:40] Failed to load config from \"/home/cs/Capstone/Capstone-layout/dataconnect\": could not find dataconnect.yaml in `/home/cs/Capstone/Capstone-layout/dataconnect`\n"}}
[debug] [2026-10-03T04:46:50.194Z] E1003 00:46:50.194160   10452 watch.go:40] Failed to load config from "/home/cs/Capstone/Capstone-layout/dataconnect": could not find dataconnect.yaml in `/home/cs/Capstone/Capstone-layout/dataconnect`
 {"metadata":{"emulator":{"name":"dataconnect"},"message":"E1003 00:46:50.194160   10452 watch.go:40] Failed to load config from \"/home/cs/Capstone/Capstone-layout/dataconnect\": could not find dataconnect.yaml in `/home/cs/Capstone/Capstone-layout/dataconnect`\n"}}
[debug] [2026-10-03T04:47:00.201Z] E1003 00:47:00.201115   10452 watch.go:40] Failed to load config from "/home/cs/Capstone/Capstone-layout/dataconnect": could not find dataconnect.yaml in `/home/cs/Capstone/Capstone-layout/dataconnect`
 {"metadata":{"emulator":{"name":"dataconnect"},"message":"E1003 00:47:00.201115   10452 watch.go:40] Failed to load config from \"/home/cs/Capstone/Capstone-layout/dataconnect\": could not find dataconnect.yaml in `/home/cs/Capstone/Capstone-layout/dataconnect`\n"}}
[debug] [2026-10-03T04:47:10.190Z] E1003 00:47:10.189933   10452 watch.go:40] Failed to load config from "/home/cs/Capstone/Capstone-layout/dataconnect": could not find dataconnect.yaml in `/home/cs/Capstone/Capstone-layout/dataconnect`
 {"metadata":{"emulator":{"name":"dataconnect"},"message":"E1003 00:47:10.189933   10452 watch.go:40] Failed to load config from \"/home/cs/Capstone/Capstone-layout/dataconnect\": could not find dataconnect.yaml in `/home/cs/Capstone/Capstone-layout/dataconnect`\n"}}
[debug] [2026-10-03T04:47:20.204Z] E1003 00:47:20.204048   10452 watch.go:40] Failed to load config from "/home/cs/Capstone/Capstone-layout/dataconnect": could not find dataconnect.yaml in `/home/cs/Capstone/Capstone-layout/dataconnect`
 {"metadata":{"emulator":{"name":"dataconnect"},"message":"E1003 00:47:20.204048   10452 watch.go:40] Failed to load config from \"/home/cs/Capstone/Capstone-layout/dataconnect\": could not find dataconnect.yaml in `/home/cs/Capstone/Capstone-layout/dataconnect`\n"}}
[debug] [2026-10-03T04:47:30.209Z] E1003 00:47:30.208924   10452 watch.go:40] Failed to load config from "/home/cs/Capstone/Capstone-layout/dataconnect": could not find dataconnect.yaml in `/home/cs/Capstone/Capstone-layout/dataconnect`
 {"metadata":{"emulator":{"name":"dataconnect"},"message":"E1003 00:47:30.208924   10452 watch.go:40] Failed to load config from \"/home/cs/Capstone/Capstone-layout/dataconnect\": could not find dataconnect.yaml in `/home/cs/Capstone/Capstone-layout/dataconnect`\n"}}
[debug] [2026-10-03T04:47:40.189Z] E1003 00:47:40.189477   10452 watch.go:116] watchAllDir unable to walk dir `/home/cs/Capstone/Capstone-layout/dataconnect`: lstat /home/cs/Capstone/Capstone-layout/dataconnect: no such file or directory
E1003 00:47:40.189533   10452 watch.go:40] Failed to load config from "/home/cs/Capstone/Capstone-layout/dataconnect": could not find dataconnect.yaml in `/home/cs/Capstone/Capstone-layout/dataconnect`
 {"metadata":{"emulator":{"name":"dataconnect"},"message":"E1003 00:47:40.189477   10452 watch.go:116] watchAllDir unable to walk dir `/home/cs/Capstone/Capstone-layout/dataconnect`: lstat /home/cs/Capstone/Capstone-layout/dataconnect: no such file or directory\nE1003 00:47:40.189533   10452 watch.go:40] Failed to load config from \"/home/cs/Capstone/Capstone-layout/dataconnect\": could not find dataconnect.yaml in `/home/cs/Capstone/Capstone-layout/dataconnect`\n"}}
[debug] [2026-10-03T04:47:50.211Z] E1003 00:47:50.210597   10452 watch.go:40] Failed to load config from "/home/cs/Capstone/Capstone-layout/dataconnect": could not find dataconnect.yaml in `/home/cs/Capstone/Capstone-layout/dataconnect`
 {"metadata":{"emulator":{"name":"dataconnect"},"message":"E1003 00:47:50.210597   10452 watch.go:40] Failed to load config from \"/home/cs/Capstone/Capstone-layout/dataconnect\": could not find dataconnect.yaml in `/home/cs/Capstone/Capstone-layout/dataconnect`\n"}}
[debug] [2026-10-03T04:48:00.204Z] E1003 00:48:00.203895   10452 watch.go:40] Failed to load config from "/home/cs/Capstone/Capstone-layout/dataconnect": could not find dataconnect.yaml in `/home/cs/Capstone/Capstone-layout/dataconnect`
 {"metadata":{"emulator":{"name":"dataconnect"},"message":"E1003 00:48:00.203895   10452 watch.go:40] Failed to load config from \"/home/cs/Capstone/Capstone-layout/dataconnect\": could not find dataconnect.yaml in `/home/cs/Capstone/Capstone-layout/dataconnect`\n"}}
[debug] [2026-10-03T04:48:10.191Z] E1003 00:48:10.191213   10452 watch.go:40] Failed to load config from "/home/cs/Capstone/Capstone-layout/dataconnect": could not find dataconnect.yaml in `/home/cs/Capstone/Capstone-layout/dataconnect`
 {"metadata":{"emulator":{"name":"dataconnect"},"message":"E1003 00:48:10.191213   10452 watch.go:40] Failed to load config from \"/home/cs/Capstone/Capstone-layout/dataconnect\": could not find dataconnect.yaml in `/home/cs/Capstone/Capstone-layout/dataconnect`\n"}}
[debug] [2026-10-03T04:48:20.287Z] E1003 00:48:20.287253   10452 watch.go:40] Failed to load config from "/home/cs/Capstone/Capstone-layout/dataconnect": could not find dataconnect.yaml in `/home/cs/Capstone/Capstone-layout/dataconnect`
 {"metadata":{"emulator":{"name":"dataconnect"},"message":"E1003 00:48:20.287253   10452 watch.go:40] Failed to load config from \"/home/cs/Capstone/Capstone-layout/dataconnect\": could not find dataconnect.yaml in `/home/cs/Capstone/Capstone-layout/dataconnect`\n"}}
[debug] [2026-10-03T04:48:30.213Z] E1003 00:48:30.212890   10452 watch.go:40] Failed to load config from "/home/cs/Capstone/Capstone-layout/dataconnect": could not find dataconnect.yaml in `/home/cs/Capstone/Capstone-layout/dataconnect`
 {"metadata":{"emulator":{"name":"dataconnect"},"message":"E1003 00:48:30.212890   10452 watch.go:40] Failed to load config from \"/home/cs/Capstone/Capstone-layout/dataconnect\": could not find dataconnect.yaml in `/home/cs/Capstone/Capstone-layout/dataconnect`\n"}}
[debug] [2026-10-03T04:48:40.189Z] E1003 00:48:40.189332   10452 watch.go:116] watchAllDir unable to walk dir `/home/cs/Capstone/Capstone-layout/dataconnect`: lstat /home/cs/Capstone/Capstone-layout/dataconnect: no such file or directory
E1003 00:48:40.189365   10452 watch.go:40] Failed to load config from "/home/cs/Capstone/Capstone-layout/dataconnect": could not find dataconnect.yaml in `/home/cs/Capstone/Capstone-layout/dataconnect`
 {"metadata":{"emulator":{"name":"dataconnect"},"message":"E1003 00:48:40.189332   10452 watch.go:116] watchAllDir unable to walk dir `/home/cs/Capstone/Capstone-layout/dataconnect`: lstat /home/cs/Capstone/Capstone-layout/dataconnect: no such file or directory\nE1003 00:48:40.189365   10452 watch.go:40] Failed to load config from \"/home/cs/Capstone/Capstone-layout/dataconnect\": could not find dataconnect.yaml in `/home/cs/Capstone/Capstone-layout/dataconnect`\n"}}
[debug] [2026-10-03T04:48:50.249Z] E1003 00:48:50.249236   10452 watch.go:40] Failed to load config from "/home/cs/Capstone/Capstone-layout/dataconnect": could not find dataconnect.yaml in `/home/cs/Capstone/Capstone-layout/dataconnect`
 {"metadata":{"emulator":{"name":"dataconnect"},"message":"E1003 00:48:50.249236   10452 watch.go:40] Failed to load config from \"/home/cs/Capstone/Capstone-layout/dataconnect\": could not find dataconnect.yaml in `/home/cs/Capstone/Capstone-layout/dataconnect`\n"}}
[debug] [2026-10-03T04:49:00.194Z] E1003 00:49:00.194059   10452 watch.go:40] Failed to load config from "/home/cs/Capstone/Capstone-layout/dataconnect": could not find dataconnect.yaml in `/home/cs/Capstone/Capstone-layout/dataconnect`
 {"metadata":{"emulator":{"name":"dataconnect"},"message":"E1003 00:49:00.194059   10452 watch.go:40] Failed to load config from \"/home/cs/Capstone/Capstone-layout/dataconnect\": could not find dataconnect.yaml in `/home/cs/Capstone/Capstone-layout/dataconnect`\n"}}
[debug] [2026-10-03T04:49:10.190Z] E1003 00:49:10.189785   10452 watch.go:40] Failed to load config from "/home/cs/Capstone/Capstone-layout/dataconnect": could not find dataconnect.yaml in `/home/cs/Capstone/Capstone-layout/dataconnect`
 {"metadata":{"emulator":{"name":"dataconnect"},"message":"E1003 00:49:10.189785   10452 watch.go:40] Failed to load config from \"/home/cs/Capstone/Capstone-layout/dataconnect\": could not find dataconnect.yaml in `/home/cs/Capstone/Capstone-layout/dataconnect`\n"}}
[debug] [2026-10-03T04:49:20.208Z] E1003 00:49:20.207745   10452 watch.go:40] Failed to load config from "/home/cs/Capstone/Capstone-layout/dataconnect": could not find dataconnect.yaml in `/home/cs/Capstone/Capstone-layout/dataconnect`
 {"metadata":{"emulator":{"name":"dataconnect"},"message":"E1003 00:49:20.207745   10452 watch.go:40] Failed to load config from \"/home/cs/Capstone/Capstone-layout/dataconnect\": could not find dataconnect.yaml in `/home/cs/Capstone/Capstone-layout/dataconnect`\n"}}
[debug] [2026-10-03T04:49:30.198Z] E1003 00:49:30.197910   10452 watch.go:40] Failed to load config from "/home/cs/Capstone/Capstone-layout/dataconnect": could not find dataconnect.yaml in `/home/cs/Capstone/Capstone-layout/dataconnect`
 {"metadata":{"emulator":{"name":"dataconnect"},"message":"E1003 00:49:30.197910   10452 watch.go:40] Failed to load config from \"/home/cs/Capstone/Capstone-layout/dataconnect\": could not find dataconnect.yaml in `/home/cs/Capstone/Capstone-layout/dataconnect`\n"}}
[debug] [2026-10-03T04:49:40.216Z] E1003 00:49:40.215493   10452 watch.go:116] watchAllDir unable to walk dir `/home/cs/Capstone/Capstone-layout/dataconnect`: lstat /home/cs/Capstone/Capstone-layout/dataconnect: no such file or directory
E1003 00:49:40.215586   10452 watch.go:40] Failed to load config from "/home/cs/Capstone/Capstone-layout/dataconnect": could not find dataconnect.yaml in `/home/cs/Capstone/Capstone-layout/dataconnect`
 {"metadata":{"emulator":{"name":"dataconnect"},"message":"E1003 00:49:40.215493   10452 watch.go:116] watchAllDir unable to walk dir `/home/cs/Capstone/Capstone-layout/dataconnect`: lstat /home/cs/Capstone/Capstone-layout/dataconnect: no such file or directory\nE1003 00:49:40.215586   10452 watch.go:40] Failed to load config from \"/home/cs/Capstone/Capstone-layout/dataconnect\": could not find dataconnect.yaml in `/home/cs/Capstone/Capstone-layout/dataconnect`\n"}}
[debug] [2026-10-03T04:49:50.200Z] E1003 00:49:50.200785   10452 watch.go:40] Failed to load config from "/home/cs/Capstone/Capstone-layout/dataconnect": could not find dataconnect.yaml in `/home/cs/Capstone/Capstone-layout/dataconnect`
 {"metadata":{"emulator":{"name":"dataconnect"},"message":"E1003 00:49:50.200785   10452 watch.go:40] Failed to load config from \"/home/cs/Capstone/Capstone-layout/dataconnect\": could not find dataconnect.yaml in `/home/cs/Capstone/Capstone-layout/dataconnect`\n"}}
[debug] [2026-10-03T04:50:00.202Z] E1003 00:50:00.201555   10452 watch.go:40] Failed to load config from "/home/cs/Capstone/Capstone-layout/dataconnect": could not find dataconnect.yaml in `/home/cs/Capstone/Capstone-layout/dataconnect`
 {"metadata":{"emulator":{"name":"dataconnect"},"message":"E1003 00:50:00.201555   10452 watch.go:40] Failed to load config from \"/home/cs/Capstone/Capstone-layout/dataconnect\": could not find dataconnect.yaml in `/home/cs/Capstone/Capstone-layout/dataconnect`\n"}}
[debug] [2026-10-03T04:50:10.189Z] E1003 00:50:10.189460   10452 watch.go:40] Failed to load config from "/home/cs/Capstone/Capstone-layout/dataconnect": could not find dataconnect.yaml in `/home/cs/Capstone/Capstone-layout/dataconnect`
 {"metadata":{"emulator":{"name":"dataconnect"},"message":"E1003 00:50:10.189460   10452 watch.go:40] Failed to load config from \"/home/cs/Capstone/Capstone-layout/dataconnect\": could not find dataconnect.yaml in `/home/cs/Capstone/Capstone-layout/dataconnect`\n"}}
[debug] [2026-10-03T04:50:20.316Z] E1003 00:50:20.316139   10452 watch.go:40] Failed to load config from "/home/cs/Capstone/Capstone-layout/dataconnect": could not find dataconnect.yaml in `/home/cs/Capstone/Capstone-layout/dataconnect`
 {"metadata":{"emulator":{"name":"dataconnect"},"message":"E1003 00:50:20.316139   10452 watch.go:40] Failed to load config from \"/home/cs/Capstone/Capstone-layout/dataconnect\": could not find dataconnect.yaml in `/home/cs/Capstone/Capstone-layout/dataconnect`\n"}}
[debug] [2026-10-03T04:50:30.214Z] E1003 00:50:30.214350   10452 watch.go:40] Failed to load config from "/home/cs/Capstone/Capstone-layout/dataconnect": could not find dataconnect.yaml in `/home/cs/Capstone/Capstone-layout/dataconnect`
 {"metadata":{"emulator":{"name":"dataconnect"},"message":"E1003 00:50:30.214350   10452 watch.go:40] Failed to load config from \"/home/cs/Capstone/Capstone-layout/dataconnect\": could not find dataconnect.yaml in `/home/cs/Capstone/Capstone-layout/dataconnect`\n"}}
[debug] [2026-10-03T04:50:40.190Z] E1003 00:50:40.190237   10452 watch.go:116] watchAllDir unable to walk dir `/home/cs/Capstone/Capstone-layout/dataconnect`: lstat /home/cs/Capstone/Capstone-layout/dataconnect: no such file or directory
E1003 00:50:40.190311   10452 watch.go:40] Failed to load config from "/home/cs/Capstone/Capstone-layout/dataconnect": could not find dataconnect.yaml in `/home/cs/Capstone/Capstone-layout/dataconnect`
 {"metadata":{"emulator":{"name":"dataconnect"},"message":"E1003 00:50:40.190237   10452 watch.go:116] watchAllDir unable to walk dir `/home/cs/Capstone/Capstone-layout/dataconnect`: lstat /home/cs/Capstone/Capstone-layout/dataconnect: no such file or directory\nE1003 00:50:40.190311   10452 watch.go:40] Failed to load config from \"/home/cs/Capstone/Capstone-layout/dataconnect\": could not find dataconnect.yaml in `/home/cs/Capstone/Capstone-layout/dataconnect`\n"}}
[debug] [2026-10-03T04:50:50.200Z] E1003 00:50:50.199989   10452 watch.go:40] Failed to load config from "/home/cs/Capstone/Capstone-layout/dataconnect": could not find dataconnect.yaml in `/home/cs/Capstone/Capstone-layout/dataconnect`
 {"metadata":{"emulator":{"name":"dataconnect"},"message":"E1003 00:50:50.199989   10452 watch.go:40] Failed to load config from \"/home/cs/Capstone/Capstone-layout/dataconnect\": could not find dataconnect.yaml in `/home/cs/Capstone/Capstone-layout/dataconnect`\n"}}
[debug] [2026-10-03T04:51:00.192Z] E1003 00:51:00.192362   10452 watch.go:40] Failed to load config from "/home/cs/Capstone/Capstone-layout/dataconnect": could not find dataconnect.yaml in `/home/cs/Capstone/Capstone-layout/dataconnect`
 {"metadata":{"emulator":{"name":"dataconnect"},"message":"E1003 00:51:00.192362   10452 watch.go:40] Failed to load config from \"/home/cs/Capstone/Capstone-layout/dataconnect\": could not find dataconnect.yaml in `/home/cs/Capstone/Capstone-layout/dataconnect`\n"}}
[debug] [2026-10-03T04:51:10.210Z] E1003 00:51:10.209898   10452 watch.go:40] Failed to load config from "/home/cs/Capstone/Capstone-layout/dataconnect": could not find dataconnect.yaml in `/home/cs/Capstone/Capstone-layout/dataconnect`
 {"metadata":{"emulator":{"name":"dataconnect"},"message":"E1003 00:51:10.209898   10452 watch.go:40] Failed to load config from \"/home/cs/Capstone/Capstone-layout/dataconnect\": could not find dataconnect.yaml in `/home/cs/Capstone/Capstone-layout/dataconnect`\n"}}
[debug] [2026-10-03T04:51:20.211Z] E1003 00:51:20.211087   10452 watch.go:40] Failed to load config from "/home/cs/Capstone/Capstone-layout/dataconnect": could not find dataconnect.yaml in `/home/cs/Capstone/Capstone-layout/dataconnect`
 {"metadata":{"emulator":{"name":"dataconnect"},"message":"E1003 00:51:20.211087   10452 watch.go:40] Failed to load config from \"/home/cs/Capstone/Capstone-layout/dataconnect\": could not find dataconnect.yaml in `/home/cs/Capstone/Capstone-layout/dataconnect`\n"}}
[debug] [2026-10-03T04:51:30.198Z] E1003 00:51:30.198268   10452 watch.go:40] Failed to load config from "/home/cs/Capstone/Capstone-layout/dataconnect": could not find dataconnect.yaml in `/home/cs/Capstone/Capstone-layout/dataconnect`
 {"metadata":{"emulator":{"name":"dataconnect"},"message":"E1003 00:51:30.198268   10452 watch.go:40] Failed to load config from \"/home/cs/Capstone/Capstone-layout/dataconnect\": could not find dataconnect.yaml in `/home/cs/Capstone/Capstone-layout/dataconnect`\n"}}
[debug] [2026-10-03T04:51:40.189Z] E1003 00:51:40.189324   10452 watch.go:116] watchAllDir unable to walk dir `/home/cs/Capstone/Capstone-layout/dataconnect`: lstat /home/cs/Capstone/Capstone-layout/dataconnect: no such file or directory
E1003 00:51:40.189404   10452 watch.go:40] Failed to load config from "/home/cs/Capstone/Capstone-layout/dataconnect": could not find dataconnect.yaml in `/home/cs/Capstone/Capstone-layout/dataconnect`
 {"metadata":{"emulator":{"name":"dataconnect"},"message":"E1003 00:51:40.189324   10452 watch.go:116] watchAllDir unable to walk dir `/home/cs/Capstone/Capstone-layout/dataconnect`: lstat /home/cs/Capstone/Capstone-layout/dataconnect: no such file or directory\nE1003 00:51:40.189404   10452 watch.go:40] Failed to load config from \"/home/cs/Capstone/Capstone-layout/dataconnect\": could not find dataconnect.yaml in `/home/cs/Capstone/Capstone-layout/dataconnect`\n"}}
[debug] [2026-10-03T04:51:50.190Z] E1003 00:51:50.190251   10452 watch.go:40] Failed to load config from "/home/cs/Capstone/Capstone-layout/dataconnect": could not find dataconnect.yaml in `/home/cs/Capstone/Capstone-layout/dataconnect`
 {"metadata":{"emulator":{"name":"dataconnect"},"message":"E1003 00:51:50.190251   10452 watch.go:40] Failed to load config from \"/home/cs/Capstone/Capstone-layout/dataconnect\": could not find dataconnect.yaml in `/home/cs/Capstone/Capstone-layout/dataconnect`\n"}}
[debug] [2026-10-03T04:52:00.191Z] E1003 00:52:00.191290   10452 watch.go:40] Failed to load config from "/home/cs/Capstone/Capstone-layout/dataconnect": could not find dataconnect.yaml in `/home/cs/Capstone/Capstone-layout/dataconnect`
 {"metadata":{"emulator":{"name":"dataconnect"},"message":"E1003 00:52:00.191290   10452 watch.go:40] Failed to load config from \"/home/cs/Capstone/Capstone-layout/dataconnect\": could not find dataconnect.yaml in `/home/cs/Capstone/Capstone-layout/dataconnect`\n"}}
[debug] [2026-10-03T04:52:10.190Z] E1003 00:52:10.189881   10452 watch.go:40] Failed to load config from "/home/cs/Capstone/Capstone-layout/dataconnect": could not find dataconnect.yaml in `/home/cs/Capstone/Capstone-layout/dataconnect`
 {"metadata":{"emulator":{"name":"dataconnect"},"message":"E1003 00:52:10.189881   10452 watch.go:40] Failed to load config from \"/home/cs/Capstone/Capstone-layout/dataconnect\": could not find dataconnect.yaml in `/home/cs/Capstone/Capstone-layout/dataconnect`\n"}}
[debug] [2026-10-03T04:52:20.198Z] E1003 00:52:20.198784   10452 watch.go:40] Failed to load config from "/home/cs/Capstone/Capstone-layout/dataconnect": could not find dataconnect.yaml in `/home/cs/Capstone/Capstone-layout/dataconnect`
 {"metadata":{"emulator":{"name":"dataconnect"},"message":"E1003 00:52:20.198784   10452 watch.go:40] Failed to load config from \"/home/cs/Capstone/Capstone-layout/dataconnect\": could not find dataconnect.yaml in `/home/cs/Capstone/Capstone-layout/dataconnect`\n"}}
[debug] [2026-10-03T04:52:30.196Z] E1003 00:52:30.195519   10452 watch.go:40] Failed to load config from "/home/cs/Capstone/Capstone-layout/dataconnect": could not find dataconnect.yaml in `/home/cs/Capstone/Capstone-layout/dataconnect`
 {"metadata":{"emulator":{"name":"dataconnect"},"message":"E1003 00:52:30.195519   10452 watch.go:40] Failed to load config from \"/home/cs/Capstone/Capstone-layout/dataconnect\": could not find dataconnect.yaml in `/home/cs/Capstone/Capstone-layout/dataconnect`\n"}}
[debug] [2026-10-03T04:52:40.190Z] E1003 00:52:40.189971   10452 watch.go:116] watchAllDir unable to walk dir `/home/cs/Capstone/Capstone-layout/dataconnect`: lstat /home/cs/Capstone/Capstone-layout/dataconnect: no such file or directory
E1003 00:52:40.190067   10452 watch.go:40] Failed to load config from "/home/cs/Capstone/Capstone-layout/dataconnect": could not find dataconnect.yaml in `/home/cs/Capstone/Capstone-layout/dataconnect`
 {"metadata":{"emulator":{"name":"dataconnect"},"message":"E1003 00:52:40.189971   10452 watch.go:116] watchAllDir unable to walk dir `/home/cs/Capstone/Capstone-layout/dataconnect`: lstat /home/cs/Capstone/Capstone-layout/dataconnect: no such file or directory\nE1003 00:52:40.190067   10452 watch.go:40] Failed to load config from \"/home/cs/Capstone/Capstone-layout/dataconnect\": could not find dataconnect.yaml in `/home/cs/Capstone/Capstone-layout/dataconnect`\n"}}
[debug] [2026-10-03T04:52:50.203Z] E1003 00:52:50.203675   10452 watch.go:40] Failed to load config from "/home/cs/Capstone/Capstone-layout/dataconnect": could not find dataconnect.yaml in `/home/cs/Capstone/Capstone-layout/dataconnect`
 {"metadata":{"emulator":{"name":"dataconnect"},"message":"E1003 00:52:50.203675   10452 watch.go:40] Failed to load config from \"/home/cs/Capstone/Capstone-layout/dataconnect\": could not find dataconnect.yaml in `/home/cs/Capstone/Capstone-layout/dataconnect`\n"}}
[debug] [2026-10-03T04:53:00.214Z] E1003 00:53:00.213873   10452 watch.go:40] Failed to load config from "/home/cs/Capstone/Capstone-layout/dataconnect": could not find dataconnect.yaml in `/home/cs/Capstone/Capstone-layout/dataconnect`
 {"metadata":{"emulator":{"name":"dataconnect"},"message":"E1003 00:53:00.213873   10452 watch.go:40] Failed to load config from \"/home/cs/Capstone/Capstone-layout/dataconnect\": could not find dataconnect.yaml in `/home/cs/Capstone/Capstone-layout/dataconnect`\n"}}
[debug] [2026-10-03T04:53:10.190Z] E1003 00:53:10.190756   10452 watch.go:40] Failed to load config from "/home/cs/Capstone/Capstone-layout/dataconnect": could not find dataconnect.yaml in `/home/cs/Capstone/Capstone-layout/dataconnect`
 {"metadata":{"emulator":{"name":"dataconnect"},"message":"E1003 00:53:10.190756   10452 watch.go:40] Failed to load config from \"/home/cs/Capstone/Capstone-layout/dataconnect\": could not find dataconnect.yaml in `/home/cs/Capstone/Capstone-layout/dataconnect`\n"}}
[debug] [2026-10-03T04:53:20.458Z] E1003 00:53:20.458648   10452 watch.go:40] Failed to load config from "/home/cs/Capstone/Capstone-layout/dataconnect": could not find dataconnect.yaml in `/home/cs/Capstone/Capstone-layout/dataconnect`
 {"metadata":{"emulator":{"name":"dataconnect"},"message":"E1003 00:53:20.458648   10452 watch.go:40] Failed to load config from \"/home/cs/Capstone/Capstone-layout/dataconnect\": could not find dataconnect.yaml in `/home/cs/Capstone/Capstone-layout/dataconnect`\n"}}
[debug] [2026-10-03T04:53:30.190Z] E1003 00:53:30.190196   10452 watch.go:40] Failed to load config from "/home/cs/Capstone/Capstone-layout/dataconnect": could not find dataconnect.yaml in `/home/cs/Capstone/Capstone-layout/dataconnect`
 {"metadata":{"emulator":{"name":"dataconnect"},"message":"E1003 00:53:30.190196   10452 watch.go:40] Failed to load config from \"/home/cs/Capstone/Capstone-layout/dataconnect\": could not find dataconnect.yaml in `/home/cs/Capstone/Capstone-layout/dataconnect`\n"}}
[debug] [2026-10-03T04:53:40.201Z] E1003 00:53:40.201500   10452 watch.go:40] Failed to load config from "/home/cs/Capstone/Capstone-layout/dataconnect": could not find dataconnect.yaml in `/home/cs/Capstone/Capstone-layout/dataconnect`
 {"metadata":{"emulator":{"name":"dataconnect"},"message":"E1003 00:53:40.201500   10452 watch.go:40] Failed to load config from \"/home/cs/Capstone/Capstone-layout/dataconnect\": could not find dataconnect.yaml in `/home/cs/Capstone/Capstone-layout/dataconnect`\n"}}
[debug] [2026-10-03T04:53:40.202Z] E1003 00:53:40.201496   10452 watch.go:116] watchAllDir unable to walk dir `/home/cs/Capstone/Capstone-layout/dataconnect`: lstat /home/cs/Capstone/Capstone-layout/dataconnect: no such file or directory
 {"metadata":{"emulator":{"name":"dataconnect"},"message":"E1003 00:53:40.201496   10452 watch.go:116] watchAllDir unable to walk dir `/home/cs/Capstone/Capstone-layout/dataconnect`: lstat /home/cs/Capstone/Capstone-layout/dataconnect: no such file or directory\n"}}
[debug] [2026-10-03T04:53:50.195Z] E1003 00:53:50.195819   10452 watch.go:40] Failed to load config from "/home/cs/Capstone/Capstone-layout/dataconnect": could not find dataconnect.yaml in `/home/cs/Capstone/Capstone-layout/dataconnect`
 {"metadata":{"emulator":{"name":"dataconnect"},"message":"E1003 00:53:50.195819   10452 watch.go:40] Failed to load config from \"/home/cs/Capstone/Capstone-layout/dataconnect\": could not find dataconnect.yaml in `/home/cs/Capstone/Capstone-layout/dataconnect`\n"}}
[debug] [2026-10-03T04:54:00.198Z] E1003 00:54:00.197866   10452 watch.go:40] Failed to load config from "/home/cs/Capstone/Capstone-layout/dataconnect": could not find dataconnect.yaml in `/home/cs/Capstone/Capstone-layout/dataconnect`
 {"metadata":{"emulator":{"name":"dataconnect"},"message":"E1003 00:54:00.197866   10452 watch.go:40] Failed to load config from \"/home/cs/Capstone/Capstone-layout/dataconnect\": could not find dataconnect.yaml in `/home/cs/Capstone/Capstone-layout/dataconnect`\n"}}
[debug] [2026-10-03T04:54:10.189Z] E1003 00:54:10.189503   10452 watch.go:40] Failed to load config from "/home/cs/Capstone/Capstone-layout/dataconnect": could not find dataconnect.yaml in `/home/cs/Capstone/Capstone-layout/dataconnect`
 {"metadata":{"emulator":{"name":"dataconnect"},"message":"E1003 00:54:10.189503   10452 watch.go:40] Failed to load config from \"/home/cs/Capstone/Capstone-layout/dataconnect\": could not find dataconnect.yaml in `/home/cs/Capstone/Capstone-layout/dataconnect`\n"}}
[debug] [2026-10-03T04:54:20.197Z] E1003 00:54:20.196500   10452 watch.go:40] Failed to load config from "/home/cs/Capstone/Capstone-layout/dataconnect": could not find dataconnect.yaml in `/home/cs/Capstone/Capstone-layout/dataconnect`
 {"metadata":{"emulator":{"name":"dataconnect"},"message":"E1003 00:54:20.196500   10452 watch.go:40] Failed to load config from \"/home/cs/Capstone/Capstone-layout/dataconnect\": could not find dataconnect.yaml in `/home/cs/Capstone/Capstone-layout/dataconnect`\n"}}
[debug] [2026-10-03T04:54:30.201Z] E1003 00:54:30.201150   10452 watch.go:40] Failed to load config from "/home/cs/Capstone/Capstone-layout/dataconnect": could not find dataconnect.yaml in `/home/cs/Capstone/Capstone-layout/dataconnect`
 {"metadata":{"emulator":{"name":"dataconnect"},"message":"E1003 00:54:30.201150   10452 watch.go:40] Failed to load config from \"/home/cs/Capstone/Capstone-layout/dataconnect\": could not find dataconnect.yaml in `/home/cs/Capstone/Capstone-layout/dataconnect`\n"}}
[debug] [2026-10-03T04:54:40.191Z] E1003 00:54:40.191218   10452 watch.go:116] watchAllDir unable to walk dir `/home/cs/Capstone/Capstone-layout/dataconnect`: lstat /home/cs/Capstone/Capstone-layout/dataconnect: no such file or directory
E1003 00:54:40.191323   10452 watch.go:40] Failed to load config from "/home/cs/Capstone/Capstone-layout/dataconnect": could not find dataconnect.yaml in `/home/cs/Capstone/Capstone-layout/dataconnect`
 {"metadata":{"emulator":{"name":"dataconnect"},"message":"E1003 00:54:40.191218   10452 watch.go:116] watchAllDir unable to walk dir `/home/cs/Capstone/Capstone-layout/dataconnect`: lstat /home/cs/Capstone/Capstone-layout/dataconnect: no such file or directory\nE1003 00:54:40.191323   10452 watch.go:40] Failed to load config from \"/home/cs/Capstone/Capstone-layout/dataconnect\": could not find dataconnect.yaml in `/home/cs/Capstone/Capstone-layout/dataconnect`\n"}}
[debug] [2026-10-03T04:54:50.346Z] E1003 00:54:50.344322   10452 watch.go:40] Failed to load config from "/home/cs/Capstone/Capstone-layout/dataconnect": could not find dataconnect.yaml in `/home/cs/Capstone/Capstone-layout/dataconnect`
 {"metadata":{"emulator":{"name":"dataconnect"},"message":"E1003 00:54:50.344322   10452 watch.go:40] Failed to load config from \"/home/cs/Capstone/Capstone-layout/dataconnect\": could not find dataconnect.yaml in `/home/cs/Capstone/Capstone-layout/dataconnect`\n"}}
[debug] [2026-10-03T04:55:00.235Z] E1003 00:55:00.234918   10452 watch.go:40] Failed to load config from "/home/cs/Capstone/Capstone-layout/dataconnect": could not find dataconnect.yaml in `/home/cs/Capstone/Capstone-layout/dataconnect`
 {"metadata":{"emulator":{"name":"dataconnect"},"message":"E1003 00:55:00.234918   10452 watch.go:40] Failed to load config from \"/home/cs/Capstone/Capstone-layout/dataconnect\": could not find dataconnect.yaml in `/home/cs/Capstone/Capstone-layout/dataconnect`\n"}}
[debug] [2026-10-03T04:55:10.221Z] E1003 00:55:10.220418   10452 watch.go:40] Failed to load config from "/home/cs/Capstone/Capstone-layout/dataconnect": could not find dataconnect.yaml in `/home/cs/Capstone/Capstone-layout/dataconnect`
 {"metadata":{"emulator":{"name":"dataconnect"},"message":"E1003 00:55:10.220418   10452 watch.go:40] Failed to load config from \"/home/cs/Capstone/Capstone-layout/dataconnect\": could not find dataconnect.yaml in `/home/cs/Capstone/Capstone-layout/dataconnect`\n"}}
[debug] [2026-10-03T04:55:20.192Z] E1003 00:55:20.192042   10452 watch.go:40] Failed to load config from "/home/cs/Capstone/Capstone-layout/dataconnect": could not find dataconnect.yaml in `/home/cs/Capstone/Capstone-layout/dataconnect`
 {"metadata":{"emulator":{"name":"dataconnect"},"message":"E1003 00:55:20.192042   10452 watch.go:40] Failed to load config from \"/home/cs/Capstone/Capstone-layout/dataconnect\": could not find dataconnect.yaml in `/home/cs/Capstone/Capstone-layout/dataconnect`\n"}}
[debug] [2026-10-03T04:55:30.197Z] E1003 00:55:30.196272   10452 watch.go:40] Failed to load config from "/home/cs/Capstone/Capstone-layout/dataconnect": could not find dataconnect.yaml in `/home/cs/Capstone/Capstone-layout/dataconnect`
 {"metadata":{"emulator":{"name":"dataconnect"},"message":"E1003 00:55:30.196272   10452 watch.go:40] Failed to load config from \"/home/cs/Capstone/Capstone-layout/dataconnect\": could not find dataconnect.yaml in `/home/cs/Capstone/Capstone-layout/dataconnect`\n"}}
[debug] [2026-10-03T04:55:40.331Z] E1003 00:55:40.330534   10452 watch.go:116] watchAllDir unable to walk dir `/home/cs/Capstone/Capstone-layout/dataconnect`: lstat /home/cs/Capstone/Capstone-layout/dataconnect: no such file or directory
E1003 00:55:40.330715   10452 watch.go:40] Failed to load config from "/home/cs/Capstone/Capstone-layout/dataconnect": could not find dataconnect.yaml in `/home/cs/Capstone/Capstone-layout/dataconnect`
 {"metadata":{"emulator":{"name":"dataconnect"},"message":"E1003 00:55:40.330534   10452 watch.go:116] watchAllDir unable to walk dir `/home/cs/Capstone/Capstone-layout/dataconnect`: lstat /home/cs/Capstone/Capstone-layout/dataconnect: no such file or directory\nE1003 00:55:40.330715   10452 watch.go:40] Failed to load config from \"/home/cs/Capstone/Capstone-layout/dataconnect\": could not find dataconnect.yaml in `/home/cs/Capstone/Capstone-layout/dataconnect`\n"}}
[debug] [2026-10-03T04:55:50.194Z] E1003 00:55:50.193846   10452 watch.go:40] Failed to load config from "/home/cs/Capstone/Capstone-layout/dataconnect": could not find dataconnect.yaml in `/home/cs/Capstone/Capstone-layout/dataconnect`
 {"metadata":{"emulator":{"name":"dataconnect"},"message":"E1003 00:55:50.193846   10452 watch.go:40] Failed to load config from \"/home/cs/Capstone/Capstone-layout/dataconnect\": could not find dataconnect.yaml in `/home/cs/Capstone/Capstone-layout/dataconnect`\n"}}
[debug] [2026-10-03T04:56:00.214Z] E1003 00:56:00.213438   10452 watch.go:40] Failed to load config from "/home/cs/Capstone/Capstone-layout/dataconnect": could not find dataconnect.yaml in `/home/cs/Capstone/Capstone-layout/dataconnect`
 {"metadata":{"emulator":{"name":"dataconnect"},"message":"E1003 00:56:00.213438   10452 watch.go:40] Failed to load config from \"/home/cs/Capstone/Capstone-layout/dataconnect\": could not find dataconnect.yaml in `/home/cs/Capstone/Capstone-layout/dataconnect`\n"}}
[debug] [2026-10-03T04:56:10.189Z] E1003 00:56:10.189366   10452 watch.go:40] Failed to load config from "/home/cs/Capstone/Capstone-layout/dataconnect": could not find dataconnect.yaml in `/home/cs/Capstone/Capstone-layout/dataconnect`
 {"metadata":{"emulator":{"name":"dataconnect"},"message":"E1003 00:56:10.189366   10452 watch.go:40] Failed to load config from \"/home/cs/Capstone/Capstone-layout/dataconnect\": could not find dataconnect.yaml in `/home/cs/Capstone/Capstone-layout/dataconnect`\n"}}
[debug] [2026-10-03T04:56:20.198Z] E1003 00:56:20.197989   10452 watch.go:40] Failed to load config from "/home/cs/Capstone/Capstone-layout/dataconnect": could not find dataconnect.yaml in `/home/cs/Capstone/Capstone-layout/dataconnect`
 {"metadata":{"emulator":{"name":"dataconnect"},"message":"E1003 00:56:20.197989   10452 watch.go:40] Failed to load config from \"/home/cs/Capstone/Capstone-layout/dataconnect\": could not find dataconnect.yaml in `/home/cs/Capstone/Capstone-layout/dataconnect`\n"}}
[debug] [2026-10-03T04:56:30.226Z] E1003 00:56:30.225892   10452 watch.go:40] Failed to load config from "/home/cs/Capstone/Capstone-layout/dataconnect": could not find dataconnect.yaml in `/home/cs/Capstone/Capstone-layout/dataconnect`
 {"metadata":{"emulator":{"name":"dataconnect"},"message":"E1003 00:56:30.225892   10452 watch.go:40] Failed to load config from \"/home/cs/Capstone/Capstone-layout/dataconnect\": could not find dataconnect.yaml in `/home/cs/Capstone/Capstone-layout/dataconnect`\n"}}
[debug] [2026-10-03T04:56:40.190Z] E1003 00:56:40.189978   10452 watch.go:116] watchAllDir unable to walk dir `/home/cs/Capstone/Capstone-layout/dataconnect`: lstat /home/cs/Capstone/Capstone-layout/dataconnect: no such file or directory
E1003 00:56:40.190023   10452 watch.go:40] Failed to load config from "/home/cs/Capstone/Capstone-layout/dataconnect": could not find dataconnect.yaml in `/home/cs/Capstone/Capstone-layout/dataconnect`
 {"metadata":{"emulator":{"name":"dataconnect"},"message":"E1003 00:56:40.189978   10452 watch.go:116] watchAllDir unable to walk dir `/home/cs/Capstone/Capstone-layout/dataconnect`: lstat /home/cs/Capstone/Capstone-layout/dataconnect: no such file or directory\nE1003 00:56:40.190023   10452 watch.go:40] Failed to load config from \"/home/cs/Capstone/Capstone-layout/dataconnect\": could not find dataconnect.yaml in `/home/cs/Capstone/Capstone-layout/dataconnect`\n"}}
[debug] [2026-10-03T04:56:50.204Z] E1003 00:56:50.203984   10452 watch.go:40] Failed to load config from "/home/cs/Capstone/Capstone-layout/dataconnect": could not find dataconnect.yaml in `/home/cs/Capstone/Capstone-layout/dataconnect`
 {"metadata":{"emulator":{"name":"dataconnect"},"message":"E1003 00:56:50.203984   10452 watch.go:40] Failed to load config from \"/home/cs/Capstone/Capstone-layout/dataconnect\": could not find dataconnect.yaml in `/home/cs/Capstone/Capstone-layout/dataconnect`\n"}}
[debug] [2026-10-03T04:57:00.189Z] E1003 00:57:00.189347   10452 watch.go:40] Failed to load config from "/home/cs/Capstone/Capstone-layout/dataconnect": could not find dataconnect.yaml in `/home/cs/Capstone/Capstone-layout/dataconnect`
 {"metadata":{"emulator":{"name":"dataconnect"},"message":"E1003 00:57:00.189347   10452 watch.go:40] Failed to load config from \"/home/cs/Capstone/Capstone-layout/dataconnect\": could not find dataconnect.yaml in `/home/cs/Capstone/Capstone-layout/dataconnect`\n"}}
[debug] [2026-10-03T04:57:10.198Z] E1003 00:57:10.198120   10452 watch.go:40] Failed to load config from "/home/cs/Capstone/Capstone-layout/dataconnect": could not find dataconnect.yaml in `/home/cs/Capstone/Capstone-layout/dataconnect`
 {"metadata":{"emulator":{"name":"dataconnect"},"message":"E1003 00:57:10.198120   10452 watch.go:40] Failed to load config from \"/home/cs/Capstone/Capstone-layout/dataconnect\": could not find dataconnect.yaml in `/home/cs/Capstone/Capstone-layout/dataconnect`\n"}}
[debug] [2026-10-03T04:57:20.208Z] E1003 00:57:20.208071   10452 watch.go:40] Failed to load config from "/home/cs/Capstone/Capstone-layout/dataconnect": could not find dataconnect.yaml in `/home/cs/Capstone/Capstone-layout/dataconnect`
 {"metadata":{"emulator":{"name":"dataconnect"},"message":"E1003 00:57:20.208071   10452 watch.go:40] Failed to load config from \"/home/cs/Capstone/Capstone-layout/dataconnect\": could not find dataconnect.yaml in `/home/cs/Capstone/Capstone-layout/dataconnect`\n"}}
[debug] [2026-10-03T04:57:30.284Z] E1003 00:57:30.284016   10452 watch.go:40] Failed to load config from "/home/cs/Capstone/Capstone-layout/dataconnect": could not find dataconnect.yaml in `/home/cs/Capstone/Capstone-layout/dataconnect`
 {"metadata":{"emulator":{"name":"dataconnect"},"message":"E1003 00:57:30.284016   10452 watch.go:40] Failed to load config from \"/home/cs/Capstone/Capstone-layout/dataconnect\": could not find dataconnect.yaml in `/home/cs/Capstone/Capstone-layout/dataconnect`\n"}}
[debug] [2026-10-03T04:57:40.190Z] E1003 00:57:40.190474   10452 watch.go:116] watchAllDir unable to walk dir `/home/cs/Capstone/Capstone-layout/dataconnect`: lstat /home/cs/Capstone/Capstone-layout/dataconnect: no such file or directory
E1003 00:57:40.190576   10452 watch.go:40] Failed to load config from "/home/cs/Capstone/Capstone-layout/dataconnect": could not find dataconnect.yaml in `/home/cs/Capstone/Capstone-layout/dataconnect`
 {"metadata":{"emulator":{"name":"dataconnect"},"message":"E1003 00:57:40.190474   10452 watch.go:116] watchAllDir unable to walk dir `/home/cs/Capstone/Capstone-layout/dataconnect`: lstat /home/cs/Capstone/Capstone-layout/dataconnect: no such file or directory\nE1003 00:57:40.190576   10452 watch.go:40] Failed to load config from \"/home/cs/Capstone/Capstone-layout/dataconnect\": could not find dataconnect.yaml in `/home/cs/Capstone/Capstone-layout/dataconnect`\n"}}
[debug] [2026-10-03T04:57:50.200Z] E1003 00:57:50.200303   10452 watch.go:40] Failed to load config from "/home/cs/Capstone/Capstone-layout/dataconnect": could not find dataconnect.yaml in `/home/cs/Capstone/Capstone-layout/dataconnect`
 {"metadata":{"emulator":{"name":"dataconnect"},"message":"E1003 00:57:50.200303   10452 watch.go:40] Failed to load config from \"/home/cs/Capstone/Capstone-layout/dataconnect\": could not find dataconnect.yaml in `/home/cs/Capstone/Capstone-layout/dataconnect`\n"}}
[debug] [2026-10-03T04:58:00.213Z] E1003 00:58:00.213454   10452 watch.go:40] Failed to load config from "/home/cs/Capstone/Capstone-layout/dataconnect": could not find dataconnect.yaml in `/home/cs/Capstone/Capstone-layout/dataconnect`
 {"metadata":{"emulator":{"name":"dataconnect"},"message":"E1003 00:58:00.213454   10452 watch.go:40] Failed to load config from \"/home/cs/Capstone/Capstone-layout/dataconnect\": could not find dataconnect.yaml in `/home/cs/Capstone/Capstone-layout/dataconnect`\n"}}
[debug] [2026-10-03T04:58:10.190Z] E1003 00:58:10.190442   10452 watch.go:40] Failed to load config from "/home/cs/Capstone/Capstone-layout/dataconnect": could not find dataconnect.yaml in `/home/cs/Capstone/Capstone-layout/dataconnect`
 {"metadata":{"emulator":{"name":"dataconnect"},"message":"E1003 00:58:10.190442   10452 watch.go:40] Failed to load config from \"/home/cs/Capstone/Capstone-layout/dataconnect\": could not find dataconnect.yaml in `/home/cs/Capstone/Capstone-layout/dataconnect`\n"}}
[debug] [2026-10-03T04:58:20.190Z] E1003 00:58:20.190333   10452 watch.go:40] Failed to load config from "/home/cs/Capstone/Capstone-layout/dataconnect": could not find dataconnect.yaml in `/home/cs/Capstone/Capstone-layout/dataconnect`
 {"metadata":{"emulator":{"name":"dataconnect"},"message":"E1003 00:58:20.190333   10452 watch.go:40] Failed to load config from \"/home/cs/Capstone/Capstone-layout/dataconnect\": could not find dataconnect.yaml in `/home/cs/Capstone/Capstone-layout/dataconnect`\n"}}
[debug] [2026-10-03T04:58:30.197Z] E1003 00:58:30.197694   10452 watch.go:40] Failed to load config from "/home/cs/Capstone/Capstone-layout/dataconnect": could not find dataconnect.yaml in `/home/cs/Capstone/Capstone-layout/dataconnect`
 {"metadata":{"emulator":{"name":"dataconnect"},"message":"E1003 00:58:30.197694   10452 watch.go:40] Failed to load config from \"/home/cs/Capstone/Capstone-layout/dataconnect\": could not find dataconnect.yaml in `/home/cs/Capstone/Capstone-layout/dataconnect`\n"}}
[debug] [2026-10-03T04:58:40.211Z] E1003 00:58:40.210616   10452 watch.go:116] watchAllDir unable to walk dir `/home/cs/Capstone/Capstone-layout/dataconnect`: lstat /home/cs/Capstone/Capstone-layout/dataconnect: no such file or directory
E1003 00:58:40.210936   10452 watch.go:40] Failed to load config from "/home/cs/Capstone/Capstone-layout/dataconnect": could not find dataconnect.yaml in `/home/cs/Capstone/Capstone-layout/dataconnect`
 {"metadata":{"emulator":{"name":"dataconnect"},"message":"E1003 00:58:40.210616   10452 watch.go:116] watchAllDir unable to walk dir `/home/cs/Capstone/Capstone-layout/dataconnect`: lstat /home/cs/Capstone/Capstone-layout/dataconnect: no such file or directory\nE1003 00:58:40.210936   10452 watch.go:40] Failed to load config from \"/home/cs/Capstone/Capstone-layout/dataconnect\": could not find dataconnect.yaml in `/home/cs/Capstone/Capstone-layout/dataconnect`\n"}}
[debug] [2026-10-03T04:58:50.294Z] E1003 00:58:50.294201   10452 watch.go:40] Failed to load config from "/home/cs/Capstone/Capstone-layout/dataconnect": could not find dataconnect.yaml in `/home/cs/Capstone/Capstone-layout/dataconnect`
 {"metadata":{"emulator":{"name":"dataconnect"},"message":"E1003 00:58:50.294201   10452 watch.go:40] Failed to load config from \"/home/cs/Capstone/Capstone-layout/dataconnect\": could not find dataconnect.yaml in `/home/cs/Capstone/Capstone-layout/dataconnect`\n"}}
[debug] [2026-10-03T04:59:00.200Z] E1003 00:59:00.200517   10452 watch.go:40] Failed to load config from "/home/cs/Capstone/Capstone-layout/dataconnect": could not find dataconnect.yaml in `/home/cs/Capstone/Capstone-layout/dataconnect`
 {"metadata":{"emulator":{"name":"dataconnect"},"message":"E1003 00:59:00.200517   10452 watch.go:40] Failed to load config from \"/home/cs/Capstone/Capstone-layout/dataconnect\": could not find dataconnect.yaml in `/home/cs/Capstone/Capstone-layout/dataconnect`\n"}}
[debug] [2026-10-03T04:59:10.503Z] E1003 00:59:10.503052   10452 watch.go:40] Failed to load config from "/home/cs/Capstone/Capstone-layout/dataconnect": could not find dataconnect.yaml in `/home/cs/Capstone/Capstone-layout/dataconnect`
 {"metadata":{"emulator":{"name":"dataconnect"},"message":"E1003 00:59:10.503052   10452 watch.go:40] Failed to load config from \"/home/cs/Capstone/Capstone-layout/dataconnect\": could not find dataconnect.yaml in `/home/cs/Capstone/Capstone-layout/dataconnect`\n"}}
[debug] [2026-10-03T04:59:20.193Z] E1003 00:59:20.193013   10452 watch.go:40] Failed to load config from "/home/cs/Capstone/Capstone-layout/dataconnect": could not find dataconnect.yaml in `/home/cs/Capstone/Capstone-layout/dataconnect`
 {"metadata":{"emulator":{"name":"dataconnect"},"message":"E1003 00:59:20.193013   10452 watch.go:40] Failed to load config from \"/home/cs/Capstone/Capstone-layout/dataconnect\": could not find dataconnect.yaml in `/home/cs/Capstone/Capstone-layout/dataconnect`\n"}}
[debug] [2026-10-03T04:59:30.191Z] E1003 00:59:30.191552   10452 watch.go:40] Failed to load config from "/home/cs/Capstone/Capstone-layout/dataconnect": could not find dataconnect.yaml in `/home/cs/Capstone/Capstone-layout/dataconnect`
 {"metadata":{"emulator":{"name":"dataconnect"},"message":"E1003 00:59:30.191552   10452 watch.go:40] Failed to load config from \"/home/cs/Capstone/Capstone-layout/dataconnect\": could not find dataconnect.yaml in `/home/cs/Capstone/Capstone-layout/dataconnect`\n"}}
[debug] [2026-10-03T04:59:40.562Z] E1003 00:59:40.562367   10452 watch.go:116] watchAllDir unable to walk dir `/home/cs/Capstone/Capstone-layout/dataconnect`: lstat /home/cs/Capstone/Capstone-layout/dataconnect: no such file or directory
E1003 00:59:40.562419   10452 watch.go:40] Failed to load config from "/home/cs/Capstone/Capstone-layout/dataconnect": could not find dataconnect.yaml in `/home/cs/Capstone/Capstone-layout/dataconnect`
 {"metadata":{"emulator":{"name":"dataconnect"},"message":"E1003 00:59:40.562367   10452 watch.go:116] watchAllDir unable to walk dir `/home/cs/Capstone/Capstone-layout/dataconnect`: lstat /home/cs/Capstone/Capstone-layout/dataconnect: no such file or directory\nE1003 00:59:40.562419   10452 watch.go:40] Failed to load config from \"/home/cs/Capstone/Capstone-layout/dataconnect\": could not find dataconnect.yaml in `/home/cs/Capstone/Capstone-layout/dataconnect`\n"}}
[debug] [2026-10-03T04:59:50.199Z] E1003 00:59:50.198875   10452 watch.go:40] Failed to load config from "/home/cs/Capstone/Capstone-layout/dataconnect": could not find dataconnect.yaml in `/home/cs/Capstone/Capstone-layout/dataconnect`
 {"metadata":{"emulator":{"name":"dataconnect"},"message":"E1003 00:59:50.198875   10452 watch.go:40] Failed to load config from \"/home/cs/Capstone/Capstone-layout/dataconnect\": could not find dataconnect.yaml in `/home/cs/Capstone/Capstone-layout/dataconnect`\n"}}
[debug] [2026-10-03T05:00:00.207Z] E1003 01:00:00.206824   10452 watch.go:40] Failed to load config from "/home/cs/Capstone/Capstone-layout/dataconnect": could not find dataconnect.yaml in `/home/cs/Capstone/Capstone-layout/dataconnect`
 {"metadata":{"emulator":{"name":"dataconnect"},"message":"E1003 01:00:00.206824   10452 watch.go:40] Failed to load config from \"/home/cs/Capstone/Capstone-layout/dataconnect\": could not find dataconnect.yaml in `/home/cs/Capstone/Capstone-layout/dataconnect`\n"}}
[debug] [2026-10-03T05:00:10.196Z] E1003 01:00:10.196358   10452 watch.go:40] Failed to load config from "/home/cs/Capstone/Capstone-layout/dataconnect": could not find dataconnect.yaml in `/home/cs/Capstone/Capstone-layout/dataconnect`
 {"metadata":{"emulator":{"name":"dataconnect"},"message":"E1003 01:00:10.196358   10452 watch.go:40] Failed to load config from \"/home/cs/Capstone/Capstone-layout/dataconnect\": could not find dataconnect.yaml in `/home/cs/Capstone/Capstone-layout/dataconnect`\n"}}
[debug] [2026-10-03T05:00:20.191Z] E1003 01:00:20.191171   10452 watch.go:40] Failed to load config from "/home/cs/Capstone/Capstone-layout/dataconnect": could not find dataconnect.yaml in `/home/cs/Capstone/Capstone-layout/dataconnect`
 {"metadata":{"emulator":{"name":"dataconnect"},"message":"E1003 01:00:20.191171   10452 watch.go:40] Failed to load config from \"/home/cs/Capstone/Capstone-layout/dataconnect\": could not find dataconnect.yaml in `/home/cs/Capstone/Capstone-layout/dataconnect`\n"}}
[debug] [2026-10-03T05:00:30.277Z] E1003 01:00:30.276916   10452 watch.go:40] Failed to load config from "/home/cs/Capstone/Capstone-layout/dataconnect": could not find dataconnect.yaml in `/home/cs/Capstone/Capstone-layout/dataconnect`
 {"metadata":{"emulator":{"name":"dataconnect"},"message":"E1003 01:00:30.276916   10452 watch.go:40] Failed to load config from \"/home/cs/Capstone/Capstone-layout/dataconnect\": could not find dataconnect.yaml in `/home/cs/Capstone/Capstone-layout/dataconnect`\n"}}
[debug] [2026-10-03T05:00:40.227Z] E1003 01:00:40.227152   10452 watch.go:116] watchAllDir unable to walk dir `/home/cs/Capstone/Capstone-layout/dataconnect`: lstat /home/cs/Capstone/Capstone-layout/dataconnect: no such file or directory
E1003 01:00:40.227371   10452 watch.go:40] Failed to load config from "/home/cs/Capstone/Capstone-layout/dataconnect": could not find dataconnect.yaml in `/home/cs/Capstone/Capstone-layout/dataconnect`
 {"metadata":{"emulator":{"name":"dataconnect"},"message":"E1003 01:00:40.227152   10452 watch.go:116] watchAllDir unable to walk dir `/home/cs/Capstone/Capstone-layout/dataconnect`: lstat /home/cs/Capstone/Capstone-layout/dataconnect: no such file or directory\nE1003 01:00:40.227371   10452 watch.go:40] Failed to load config from \"/home/cs/Capstone/Capstone-layout/dataconnect\": could not find dataconnect.yaml in `/home/cs/Capstone/Capstone-layout/dataconnect`\n"}}
[debug] [2026-10-03T05:00:50.193Z] E1003 01:00:50.193093   10452 watch.go:40] Failed to load config from "/home/cs/Capstone/Capstone-layout/dataconnect": could not find dataconnect.yaml in `/home/cs/Capstone/Capstone-layout/dataconnect`
 {"metadata":{"emulator":{"name":"dataconnect"},"message":"E1003 01:00:50.193093   10452 watch.go:40] Failed to load config from \"/home/cs/Capstone/Capstone-layout/dataconnect\": could not find dataconnect.yaml in `/home/cs/Capstone/Capstone-layout/dataconnect`\n"}}
[debug] [2026-10-03T05:01:00.313Z] E1003 01:01:00.313033   10452 watch.go:40] Failed to load config from "/home/cs/Capstone/Capstone-layout/dataconnect": could not find dataconnect.yaml in `/home/cs/Capstone/Capstone-layout/dataconnect`
 {"metadata":{"emulator":{"name":"dataconnect"},"message":"E1003 01:01:00.313033   10452 watch.go:40] Failed to load config from \"/home/cs/Capstone/Capstone-layout/dataconnect\": could not find dataconnect.yaml in `/home/cs/Capstone/Capstone-layout/dataconnect`\n"}}
[debug] [2026-10-03T05:01:10.274Z] E1003 01:01:10.274523   10452 watch.go:40] Failed to load config from "/home/cs/Capstone/Capstone-layout/dataconnect": could not find dataconnect.yaml in `/home/cs/Capstone/Capstone-layout/dataconnect`
 {"metadata":{"emulator":{"name":"dataconnect"},"message":"E1003 01:01:10.274523   10452 watch.go:40] Failed to load config from \"/home/cs/Capstone/Capstone-layout/dataconnect\": could not find dataconnect.yaml in `/home/cs/Capstone/Capstone-layout/dataconnect`\n"}}
[debug] [2026-10-03T05:01:20.190Z] E1003 01:01:20.190029   10452 watch.go:40] Failed to load config from "/home/cs/Capstone/Capstone-layout/dataconnect": could not find dataconnect.yaml in `/home/cs/Capstone/Capstone-layout/dataconnect`
 {"metadata":{"emulator":{"name":"dataconnect"},"message":"E1003 01:01:20.190029   10452 watch.go:40] Failed to load config from \"/home/cs/Capstone/Capstone-layout/dataconnect\": could not find dataconnect.yaml in `/home/cs/Capstone/Capstone-layout/dataconnect`\n"}}
[debug] [2026-10-03T05:01:30.391Z] E1003 01:01:30.390747   10452 watch.go:40] Failed to load config from "/home/cs/Capstone/Capstone-layout/dataconnect": could not find dataconnect.yaml in `/home/cs/Capstone/Capstone-layout/dataconnect`
 {"metadata":{"emulator":{"name":"dataconnect"},"message":"E1003 01:01:30.390747   10452 watch.go:40] Failed to load config from \"/home/cs/Capstone/Capstone-layout/dataconnect\": could not find dataconnect.yaml in `/home/cs/Capstone/Capstone-layout/dataconnect`\n"}}
[debug] [2026-10-03T05:01:40.210Z] E1003 01:01:40.209330   10452 watch.go:116] watchAllDir unable to walk dir `/home/cs/Capstone/Capstone-layout/dataconnect`: lstat /home/cs/Capstone/Capstone-layout/dataconnect: no such file or directory
E1003 01:01:40.209453   10452 watch.go:40] Failed to load config from "/home/cs/Capstone/Capstone-layout/dataconnect": could not find dataconnect.yaml in `/home/cs/Capstone/Capstone-layout/dataconnect`
 {"metadata":{"emulator":{"name":"dataconnect"},"message":"E1003 01:01:40.209330   10452 watch.go:116] watchAllDir unable to walk dir `/home/cs/Capstone/Capstone-layout/dataconnect`: lstat /home/cs/Capstone/Capstone-layout/dataconnect: no such file or directory\nE1003 01:01:40.209453   10452 watch.go:40] Failed to load config from \"/home/cs/Capstone/Capstone-layout/dataconnect\": could not find dataconnect.yaml in `/home/cs/Capstone/Capstone-layout/dataconnect`\n"}}
[debug] [2026-10-03T05:01:50.193Z] E1003 01:01:50.193007   10452 watch.go:40] Failed to load config from "/home/cs/Capstone/Capstone-layout/dataconnect": could not find dataconnect.yaml in `/home/cs/Capstone/Capstone-layout/dataconnect`
 {"metadata":{"emulator":{"name":"dataconnect"},"message":"E1003 01:01:50.193007   10452 watch.go:40] Failed to load config from \"/home/cs/Capstone/Capstone-layout/dataconnect\": could not find dataconnect.yaml in `/home/cs/Capstone/Capstone-layout/dataconnect`\n"}}
[debug] [2026-10-03T05:02:00.192Z] E1003 01:02:00.191863   10452 watch.go:40] Failed to load config from "/home/cs/Capstone/Capstone-layout/dataconnect": could not find dataconnect.yaml in `/home/cs/Capstone/Capstone-layout/dataconnect`
 {"metadata":{"emulator":{"name":"dataconnect"},"message":"E1003 01:02:00.191863   10452 watch.go:40] Failed to load config from \"/home/cs/Capstone/Capstone-layout/dataconnect\": could not find dataconnect.yaml in `/home/cs/Capstone/Capstone-layout/dataconnect`\n"}}
[debug] [2026-10-03T05:02:10.400Z] E1003 01:02:10.399106   10452 watch.go:40] Failed to load config from "/home/cs/Capstone/Capstone-layout/dataconnect": could not find dataconnect.yaml in `/home/cs/Capstone/Capstone-layout/dataconnect`
 {"metadata":{"emulator":{"name":"dataconnect"},"message":"E1003 01:02:10.399106   10452 watch.go:40] Failed to load config from \"/home/cs/Capstone/Capstone-layout/dataconnect\": could not find dataconnect.yaml in `/home/cs/Capstone/Capstone-layout/dataconnect`\n"}}
[debug] [2026-10-03T05:02:20.189Z] E1003 01:02:20.189392   10452 watch.go:40] Failed to load config from "/home/cs/Capstone/Capstone-layout/dataconnect": could not find dataconnect.yaml in `/home/cs/Capstone/Capstone-layout/dataconnect`
 {"metadata":{"emulator":{"name":"dataconnect"},"message":"E1003 01:02:20.189392   10452 watch.go:40] Failed to load config from \"/home/cs/Capstone/Capstone-layout/dataconnect\": could not find dataconnect.yaml in `/home/cs/Capstone/Capstone-layout/dataconnect`\n"}}
[debug] [2026-10-03T05:02:30.216Z] E1003 01:02:30.216029   10452 watch.go:40] Failed to load config from "/home/cs/Capstone/Capstone-layout/dataconnect": could not find dataconnect.yaml in `/home/cs/Capstone/Capstone-layout/dataconnect`
 {"metadata":{"emulator":{"name":"dataconnect"},"message":"E1003 01:02:30.216029   10452 watch.go:40] Failed to load config from \"/home/cs/Capstone/Capstone-layout/dataconnect\": could not find dataconnect.yaml in `/home/cs/Capstone/Capstone-layout/dataconnect`\n"}}
[debug] [2026-10-03T05:02:40.190Z] E1003 01:02:40.190150   10452 watch.go:40] Failed to load config from "/home/cs/Capstone/Capstone-layout/dataconnect": could not find dataconnect.yaml in `/home/cs/Capstone/Capstone-layout/dataconnect`
E1003 01:02:40.190112   10452 watch.go:116] watchAllDir unable to walk dir `/home/cs/Capstone/Capstone-layout/dataconnect`: lstat /home/cs/Capstone/Capstone-layout/dataconnect: no such file or directory
 {"metadata":{"emulator":{"name":"dataconnect"},"message":"E1003 01:02:40.190150   10452 watch.go:40] Failed to load config from \"/home/cs/Capstone/Capstone-layout/dataconnect\": could not find dataconnect.yaml in `/home/cs/Capstone/Capstone-layout/dataconnect`\nE1003 01:02:40.190112   10452 watch.go:116] watchAllDir unable to walk dir `/home/cs/Capstone/Capstone-layout/dataconnect`: lstat /home/cs/Capstone/Capstone-layout/dataconnect: no such file or directory\n"}}
[debug] [2026-10-03T05:02:50.197Z] E1003 01:02:50.197087   10452 watch.go:40] Failed to load config from "/home/cs/Capstone/Capstone-layout/dataconnect": could not find dataconnect.yaml in `/home/cs/Capstone/Capstone-layout/dataconnect`
 {"metadata":{"emulator":{"name":"dataconnect"},"message":"E1003 01:02:50.197087   10452 watch.go:40] Failed to load config from \"/home/cs/Capstone/Capstone-layout/dataconnect\": could not find dataconnect.yaml in `/home/cs/Capstone/Capstone-layout/dataconnect`\n"}}
[debug] [2026-10-03T05:03:00.197Z] E1003 01:03:00.196731   10452 watch.go:40] Failed to load config from "/home/cs/Capstone/Capstone-layout/dataconnect": could not find dataconnect.yaml in `/home/cs/Capstone/Capstone-layout/dataconnect`
 {"metadata":{"emulator":{"name":"dataconnect"},"message":"E1003 01:03:00.196731   10452 watch.go:40] Failed to load config from \"/home/cs/Capstone/Capstone-layout/dataconnect\": could not find dataconnect.yaml in `/home/cs/Capstone/Capstone-layout/dataconnect`\n"}}
[debug] [2026-10-03T05:03:10.194Z] E1003 01:03:10.193771   10452 watch.go:40] Failed to load config from "/home/cs/Capstone/Capstone-layout/dataconnect": could not find dataconnect.yaml in `/home/cs/Capstone/Capstone-layout/dataconnect`
 {"metadata":{"emulator":{"name":"dataconnect"},"message":"E1003 01:03:10.193771   10452 watch.go:40] Failed to load config from \"/home/cs/Capstone/Capstone-layout/dataconnect\": could not find dataconnect.yaml in `/home/cs/Capstone/Capstone-layout/dataconnect`\n"}}
[debug] [2026-10-03T05:03:20.196Z] E1003 01:03:20.196245   10452 watch.go:40] Failed to load config from "/home/cs/Capstone/Capstone-layout/dataconnect": could not find dataconnect.yaml in `/home/cs/Capstone/Capstone-layout/dataconnect`
 {"metadata":{"emulator":{"name":"dataconnect"},"message":"E1003 01:03:20.196245   10452 watch.go:40] Failed to load config from \"/home/cs/Capstone/Capstone-layout/dataconnect\": could not find dataconnect.yaml in `/home/cs/Capstone/Capstone-layout/dataconnect`\n"}}
[debug] [2026-10-03T05:03:30.219Z] E1003 01:03:30.218617   10452 watch.go:40] Failed to load config from "/home/cs/Capstone/Capstone-layout/dataconnect": could not find dataconnect.yaml in `/home/cs/Capstone/Capstone-layout/dataconnect`
 {"metadata":{"emulator":{"name":"dataconnect"},"message":"E1003 01:03:30.218617   10452 watch.go:40] Failed to load config from \"/home/cs/Capstone/Capstone-layout/dataconnect\": could not find dataconnect.yaml in `/home/cs/Capstone/Capstone-layout/dataconnect`\n"}}
[debug] [2026-10-03T05:03:40.525Z] E1003 01:03:40.524094   10452 watch.go:116] watchAllDir unable to walk dir `/home/cs/Capstone/Capstone-layout/dataconnect`: lstat /home/cs/Capstone/Capstone-layout/dataconnect: no such file or directory
E1003 01:03:40.524185   10452 watch.go:40] Failed to load config from "/home/cs/Capstone/Capstone-layout/dataconnect": could not find dataconnect.yaml in `/home/cs/Capstone/Capstone-layout/dataconnect`
 {"metadata":{"emulator":{"name":"dataconnect"},"message":"E1003 01:03:40.524094   10452 watch.go:116] watchAllDir unable to walk dir `/home/cs/Capstone/Capstone-layout/dataconnect`: lstat /home/cs/Capstone/Capstone-layout/dataconnect: no such file or directory\nE1003 01:03:40.524185   10452 watch.go:40] Failed to load config from \"/home/cs/Capstone/Capstone-layout/dataconnect\": could not find dataconnect.yaml in `/home/cs/Capstone/Capstone-layout/dataconnect`\n"}}
[debug] [2026-10-03T05:03:50.199Z] E1003 01:03:50.198654   10452 watch.go:40] Failed to load config from "/home/cs/Capstone/Capstone-layout/dataconnect": could not find dataconnect.yaml in `/home/cs/Capstone/Capstone-layout/dataconnect`
 {"metadata":{"emulator":{"name":"dataconnect"},"message":"E1003 01:03:50.198654   10452 watch.go:40] Failed to load config from \"/home/cs/Capstone/Capstone-layout/dataconnect\": could not find dataconnect.yaml in `/home/cs/Capstone/Capstone-layout/dataconnect`\n"}}
[debug] [2026-10-03T05:04:00.190Z] E1003 01:04:00.190141   10452 watch.go:40] Failed to load config from "/home/cs/Capstone/Capstone-layout/dataconnect": could not find dataconnect.yaml in `/home/cs/Capstone/Capstone-layout/dataconnect`
 {"metadata":{"emulator":{"name":"dataconnect"},"message":"E1003 01:04:00.190141   10452 watch.go:40] Failed to load config from \"/home/cs/Capstone/Capstone-layout/dataconnect\": could not find dataconnect.yaml in `/home/cs/Capstone/Capstone-layout/dataconnect`\n"}}
[debug] [2026-10-03T05:04:10.195Z] E1003 01:04:10.194905   10452 watch.go:40] Failed to load config from "/home/cs/Capstone/Capstone-layout/dataconnect": could not find dataconnect.yaml in `/home/cs/Capstone/Capstone-layout/dataconnect`
 {"metadata":{"emulator":{"name":"dataconnect"},"message":"E1003 01:04:10.194905   10452 watch.go:40] Failed to load config from \"/home/cs/Capstone/Capstone-layout/dataconnect\": could not find dataconnect.yaml in `/home/cs/Capstone/Capstone-layout/dataconnect`\n"}}
[debug] [2026-10-03T05:04:20.208Z] E1003 01:04:20.207535   10452 watch.go:40] Failed to load config from "/home/cs/Capstone/Capstone-layout/dataconnect": could not find dataconnect.yaml in `/home/cs/Capstone/Capstone-layout/dataconnect`
 {"metadata":{"emulator":{"name":"dataconnect"},"message":"E1003 01:04:20.207535   10452 watch.go:40] Failed to load config from \"/home/cs/Capstone/Capstone-layout/dataconnect\": could not find dataconnect.yaml in `/home/cs/Capstone/Capstone-layout/dataconnect`\n"}}
[debug] [2026-10-03T05:04:30.195Z] E1003 01:04:30.195516   10452 watch.go:40] Failed to load config from "/home/cs/Capstone/Capstone-layout/dataconnect": could not find dataconnect.yaml in `/home/cs/Capstone/Capstone-layout/dataconnect`
 {"metadata":{"emulator":{"name":"dataconnect"},"message":"E1003 01:04:30.195516   10452 watch.go:40] Failed to load config from \"/home/cs/Capstone/Capstone-layout/dataconnect\": could not find dataconnect.yaml in `/home/cs/Capstone/Capstone-layout/dataconnect`\n"}}
[debug] [2026-10-03T05:04:40.235Z] E1003 01:04:40.234428   10452 watch.go:40] Failed to load config from "/home/cs/Capstone/Capstone-layout/dataconnect": could not find dataconnect.yaml in `/home/cs/Capstone/Capstone-layout/dataconnect`
E1003 01:04:40.234306   10452 watch.go:116] watchAllDir unable to walk dir `/home/cs/Capstone/Capstone-layout/dataconnect`: lstat /home/cs/Capstone/Capstone-layout/dataconnect: no such file or directory
 {"metadata":{"emulator":{"name":"dataconnect"},"message":"E1003 01:04:40.234428   10452 watch.go:40] Failed to load config from \"/home/cs/Capstone/Capstone-layout/dataconnect\": could not find dataconnect.yaml in `/home/cs/Capstone/Capstone-layout/dataconnect`\nE1003 01:04:40.234306   10452 watch.go:116] watchAllDir unable to walk dir `/home/cs/Capstone/Capstone-layout/dataconnect`: lstat /home/cs/Capstone/Capstone-layout/dataconnect: no such file or directory\n"}}
[debug] [2026-10-03T05:04:50.204Z] E1003 01:04:50.204127   10452 watch.go:40] Failed to load config from "/home/cs/Capstone/Capstone-layout/dataconnect": could not find dataconnect.yaml in `/home/cs/Capstone/Capstone-layout/dataconnect`
 {"metadata":{"emulator":{"name":"dataconnect"},"message":"E1003 01:04:50.204127   10452 watch.go:40] Failed to load config from \"/home/cs/Capstone/Capstone-layout/dataconnect\": could not find dataconnect.yaml in `/home/cs/Capstone/Capstone-layout/dataconnect`\n"}}
[debug] [2026-10-03T05:05:00.190Z] E1003 01:05:00.190507   10452 watch.go:40] Failed to load config from "/home/cs/Capstone/Capstone-layout/dataconnect": could not find dataconnect.yaml in `/home/cs/Capstone/Capstone-layout/dataconnect`
 {"metadata":{"emulator":{"name":"dataconnect"},"message":"E1003 01:05:00.190507   10452 watch.go:40] Failed to load config from \"/home/cs/Capstone/Capstone-layout/dataconnect\": could not find dataconnect.yaml in `/home/cs/Capstone/Capstone-layout/dataconnect`\n"}}
[debug] [2026-10-03T05:05:10.190Z] E1003 01:05:10.189874   10452 watch.go:40] Failed to load config from "/home/cs/Capstone/Capstone-layout/dataconnect": could not find dataconnect.yaml in `/home/cs/Capstone/Capstone-layout/dataconnect`
 {"metadata":{"emulator":{"name":"dataconnect"},"message":"E1003 01:05:10.189874   10452 watch.go:40] Failed to load config from \"/home/cs/Capstone/Capstone-layout/dataconnect\": could not find dataconnect.yaml in `/home/cs/Capstone/Capstone-layout/dataconnect`\n"}}
[debug] [2026-10-03T05:05:20.206Z] E1003 01:05:20.206158   10452 watch.go:40] Failed to load config from "/home/cs/Capstone/Capstone-layout/dataconnect": could not find dataconnect.yaml in `/home/cs/Capstone/Capstone-layout/dataconnect`
 {"metadata":{"emulator":{"name":"dataconnect"},"message":"E1003 01:05:20.206158   10452 watch.go:40] Failed to load config from \"/home/cs/Capstone/Capstone-layout/dataconnect\": could not find dataconnect.yaml in `/home/cs/Capstone/Capstone-layout/dataconnect`\n"}}
[debug] [2026-10-03T05:05:30.194Z] E1003 01:05:30.193668   10452 watch.go:40] Failed to load config from "/home/cs/Capstone/Capstone-layout/dataconnect": could not find dataconnect.yaml in `/home/cs/Capstone/Capstone-layout/dataconnect`
 {"metadata":{"emulator":{"name":"dataconnect"},"message":"E1003 01:05:30.193668   10452 watch.go:40] Failed to load config from \"/home/cs/Capstone/Capstone-layout/dataconnect\": could not find dataconnect.yaml in `/home/cs/Capstone/Capstone-layout/dataconnect`\n"}}
[debug] [2026-10-03T05:05:40.189Z] E1003 01:05:40.189552   10452 watch.go:40] Failed to load config from "/home/cs/Capstone/Capstone-layout/dataconnect": could not find dataconnect.yaml in `/home/cs/Capstone/Capstone-layout/dataconnect`
E1003 01:05:40.189416   10452 watch.go:116] watchAllDir unable to walk dir `/home/cs/Capstone/Capstone-layout/dataconnect`: lstat /home/cs/Capstone/Capstone-layout/dataconnect: no such file or directory
 {"metadata":{"emulator":{"name":"dataconnect"},"message":"E1003 01:05:40.189552   10452 watch.go:40] Failed to load config from \"/home/cs/Capstone/Capstone-layout/dataconnect\": could not find dataconnect.yaml in `/home/cs/Capstone/Capstone-layout/dataconnect`\nE1003 01:05:40.189416   10452 watch.go:116] watchAllDir unable to walk dir `/home/cs/Capstone/Capstone-layout/dataconnect`: lstat /home/cs/Capstone/Capstone-layout/dataconnect: no such file or directory\n"}}
[debug] [2026-10-03T05:05:50.201Z] E1003 01:05:50.201271   10452 watch.go:40] Failed to load config from "/home/cs/Capstone/Capstone-layout/dataconnect": could not find dataconnect.yaml in `/home/cs/Capstone/Capstone-layout/dataconnect`
 {"metadata":{"emulator":{"name":"dataconnect"},"message":"E1003 01:05:50.201271   10452 watch.go:40] Failed to load config from \"/home/cs/Capstone/Capstone-layout/dataconnect\": could not find dataconnect.yaml in `/home/cs/Capstone/Capstone-layout/dataconnect`\n"}}
[debug] [2026-10-03T05:06:00.217Z] E1003 01:06:00.216517   10452 watch.go:40] Failed to load config from "/home/cs/Capstone/Capstone-layout/dataconnect": could not find dataconnect.yaml in `/home/cs/Capstone/Capstone-layout/dataconnect`
 {"metadata":{"emulator":{"name":"dataconnect"},"message":"E1003 01:06:00.216517   10452 watch.go:40] Failed to load config from \"/home/cs/Capstone/Capstone-layout/dataconnect\": could not find dataconnect.yaml in `/home/cs/Capstone/Capstone-layout/dataconnect`\n"}}
[debug] [2026-10-03T05:06:10.195Z] E1003 01:06:10.194943   10452 watch.go:40] Failed to load config from "/home/cs/Capstone/Capstone-layout/dataconnect": could not find dataconnect.yaml in `/home/cs/Capstone/Capstone-layout/dataconnect`
 {"metadata":{"emulator":{"name":"dataconnect"},"message":"E1003 01:06:10.194943   10452 watch.go:40] Failed to load config from \"/home/cs/Capstone/Capstone-layout/dataconnect\": could not find dataconnect.yaml in `/home/cs/Capstone/Capstone-layout/dataconnect`\n"}}
[debug] [2026-10-03T05:06:20.293Z] E1003 01:06:20.293445   10452 watch.go:40] Failed to load config from "/home/cs/Capstone/Capstone-layout/dataconnect": could not find dataconnect.yaml in `/home/cs/Capstone/Capstone-layout/dataconnect`
 {"metadata":{"emulator":{"name":"dataconnect"},"message":"E1003 01:06:20.293445   10452 watch.go:40] Failed to load config from \"/home/cs/Capstone/Capstone-layout/dataconnect\": could not find dataconnect.yaml in `/home/cs/Capstone/Capstone-layout/dataconnect`\n"}}
[debug] [2026-10-03T05:06:30.192Z] E1003 01:06:30.191945   10452 watch.go:40] Failed to load config from "/home/cs/Capstone/Capstone-layout/dataconnect": could not find dataconnect.yaml in `/home/cs/Capstone/Capstone-layout/dataconnect`
 {"metadata":{"emulator":{"name":"dataconnect"},"message":"E1003 01:06:30.191945   10452 watch.go:40] Failed to load config from \"/home/cs/Capstone/Capstone-layout/dataconnect\": could not find dataconnect.yaml in `/home/cs/Capstone/Capstone-layout/dataconnect`\n"}}
[debug] [2026-10-03T05:06:40.193Z] E1003 01:06:40.193352   10452 watch.go:116] watchAllDir unable to walk dir `/home/cs/Capstone/Capstone-layout/dataconnect`: lstat /home/cs/Capstone/Capstone-layout/dataconnect: no such file or directory
E1003 01:06:40.193494   10452 watch.go:40] Failed to load config from "/home/cs/Capstone/Capstone-layout/dataconnect": could not find dataconnect.yaml in `/home/cs/Capstone/Capstone-layout/dataconnect`
 {"metadata":{"emulator":{"name":"dataconnect"},"message":"E1003 01:06:40.193352   10452 watch.go:116] watchAllDir unable to walk dir `/home/cs/Capstone/Capstone-layout/dataconnect`: lstat /home/cs/Capstone/Capstone-layout/dataconnect: no such file or directory\nE1003 01:06:40.193494   10452 watch.go:40] Failed to load config from \"/home/cs/Capstone/Capstone-layout/dataconnect\": could not find dataconnect.yaml in `/home/cs/Capstone/Capstone-layout/dataconnect`\n"}}
[debug] [2026-10-03T05:06:50.199Z] E1003 01:06:50.198988   10452 watch.go:40] Failed to load config from "/home/cs/Capstone/Capstone-layout/dataconnect": could not find dataconnect.yaml in `/home/cs/Capstone/Capstone-layout/dataconnect`
 {"metadata":{"emulator":{"name":"dataconnect"},"message":"E1003 01:06:50.198988   10452 watch.go:40] Failed to load config from \"/home/cs/Capstone/Capstone-layout/dataconnect\": could not find dataconnect.yaml in `/home/cs/Capstone/Capstone-layout/dataconnect`\n"}}
[debug] [2026-10-03T05:07:00.195Z] E1003 01:07:00.195020   10452 watch.go:40] Failed to load config from "/home/cs/Capstone/Capstone-layout/dataconnect": could not find dataconnect.yaml in `/home/cs/Capstone/Capstone-layout/dataconnect`
 {"metadata":{"emulator":{"name":"dataconnect"},"message":"E1003 01:07:00.195020   10452 watch.go:40] Failed to load config from \"/home/cs/Capstone/Capstone-layout/dataconnect\": could not find dataconnect.yaml in `/home/cs/Capstone/Capstone-layout/dataconnect`\n"}}
[debug] [2026-10-03T05:07:10.189Z] E1003 01:07:10.189602   10452 watch.go:40] Failed to load config from "/home/cs/Capstone/Capstone-layout/dataconnect": could not find dataconnect.yaml in `/home/cs/Capstone/Capstone-layout/dataconnect`
 {"metadata":{"emulator":{"name":"dataconnect"},"message":"E1003 01:07:10.189602   10452 watch.go:40] Failed to load config from \"/home/cs/Capstone/Capstone-layout/dataconnect\": could not find dataconnect.yaml in `/home/cs/Capstone/Capstone-layout/dataconnect`\n"}}
[debug] [2026-10-03T05:07:20.220Z] E1003 01:07:20.219681   10452 watch.go:40] Failed to load config from "/home/cs/Capstone/Capstone-layout/dataconnect": could not find dataconnect.yaml in `/home/cs/Capstone/Capstone-layout/dataconnect`
 {"metadata":{"emulator":{"name":"dataconnect"},"message":"E1003 01:07:20.219681   10452 watch.go:40] Failed to load config from \"/home/cs/Capstone/Capstone-layout/dataconnect\": could not find dataconnect.yaml in `/home/cs/Capstone/Capstone-layout/dataconnect`\n"}}
[debug] [2026-10-03T05:07:30.494Z] E1003 01:07:30.494126   10452 watch.go:40] Failed to load config from "/home/cs/Capstone/Capstone-layout/dataconnect": could not find dataconnect.yaml in `/home/cs/Capstone/Capstone-layout/dataconnect`
 {"metadata":{"emulator":{"name":"dataconnect"},"message":"E1003 01:07:30.494126   10452 watch.go:40] Failed to load config from \"/home/cs/Capstone/Capstone-layout/dataconnect\": could not find dataconnect.yaml in `/home/cs/Capstone/Capstone-layout/dataconnect`\n"}}
[debug] [2026-10-03T05:07:40.194Z] E1003 01:07:40.194370   10452 watch.go:116] watchAllDir unable to walk dir `/home/cs/Capstone/Capstone-layout/dataconnect`: lstat /home/cs/Capstone/Capstone-layout/dataconnect: no such file or directory
E1003 01:07:40.194452   10452 watch.go:40] Failed to load config from "/home/cs/Capstone/Capstone-layout/dataconnect": could not find dataconnect.yaml in `/home/cs/Capstone/Capstone-layout/dataconnect`
 {"metadata":{"emulator":{"name":"dataconnect"},"message":"E1003 01:07:40.194370   10452 watch.go:116] watchAllDir unable to walk dir `/home/cs/Capstone/Capstone-layout/dataconnect`: lstat /home/cs/Capstone/Capstone-layout/dataconnect: no such file or directory\nE1003 01:07:40.194452   10452 watch.go:40] Failed to load config from \"/home/cs/Capstone/Capstone-layout/dataconnect\": could not find dataconnect.yaml in `/home/cs/Capstone/Capstone-layout/dataconnect`\n"}}
[debug] [2026-10-03T05:07:50.190Z] E1003 01:07:50.189895   10452 watch.go:40] Failed to load config from "/home/cs/Capstone/Capstone-layout/dataconnect": could not find dataconnect.yaml in `/home/cs/Capstone/Capstone-layout/dataconnect`
 {"metadata":{"emulator":{"name":"dataconnect"},"message":"E1003 01:07:50.189895   10452 watch.go:40] Failed to load config from \"/home/cs/Capstone/Capstone-layout/dataconnect\": could not find dataconnect.yaml in `/home/cs/Capstone/Capstone-layout/dataconnect`\n"}}
[debug] [2026-10-03T05:08:00.200Z] E1003 01:08:00.200071   10452 watch.go:40] Failed to load config from "/home/cs/Capstone/Capstone-layout/dataconnect": could not find dataconnect.yaml in `/home/cs/Capstone/Capstone-layout/dataconnect`
 {"metadata":{"emulator":{"name":"dataconnect"},"message":"E1003 01:08:00.200071   10452 watch.go:40] Failed to load config from \"/home/cs/Capstone/Capstone-layout/dataconnect\": could not find dataconnect.yaml in `/home/cs/Capstone/Capstone-layout/dataconnect`\n"}}
[debug] [2026-10-03T05:08:10.190Z] E1003 01:08:10.190208   10452 watch.go:40] Failed to load config from "/home/cs/Capstone/Capstone-layout/dataconnect": could not find dataconnect.yaml in `/home/cs/Capstone/Capstone-layout/dataconnect`
 {"metadata":{"emulator":{"name":"dataconnect"},"message":"E1003 01:08:10.190208   10452 watch.go:40] Failed to load config from \"/home/cs/Capstone/Capstone-layout/dataconnect\": could not find dataconnect.yaml in `/home/cs/Capstone/Capstone-layout/dataconnect`\n"}}
[debug] [2026-10-03T05:08:20.201Z] E1003 01:08:20.201653   10452 watch.go:40] Failed to load config from "/home/cs/Capstone/Capstone-layout/dataconnect": could not find dataconnect.yaml in `/home/cs/Capstone/Capstone-layout/dataconnect`
 {"metadata":{"emulator":{"name":"dataconnect"},"message":"E1003 01:08:20.201653   10452 watch.go:40] Failed to load config from \"/home/cs/Capstone/Capstone-layout/dataconnect\": could not find dataconnect.yaml in `/home/cs/Capstone/Capstone-layout/dataconnect`\n"}}
[debug] [2026-10-03T05:08:30.190Z] E1003 01:08:30.190552   10452 watch.go:40] Failed to load config from "/home/cs/Capstone/Capstone-layout/dataconnect": could not find dataconnect.yaml in `/home/cs/Capstone/Capstone-layout/dataconnect`
 {"metadata":{"emulator":{"name":"dataconnect"},"message":"E1003 01:08:30.190552   10452 watch.go:40] Failed to load config from \"/home/cs/Capstone/Capstone-layout/dataconnect\": could not find dataconnect.yaml in `/home/cs/Capstone/Capstone-layout/dataconnect`\n"}}
[debug] [2026-10-03T05:08:40.190Z] E1003 01:08:40.189836   10452 watch.go:40] Failed to load config from "/home/cs/Capstone/Capstone-layout/dataconnect": could not find dataconnect.yaml in `/home/cs/Capstone/Capstone-layout/dataconnect`
E1003 01:08:40.189813   10452 watch.go:116] watchAllDir unable to walk dir `/home/cs/Capstone/Capstone-layout/dataconnect`: lstat /home/cs/Capstone/Capstone-layout/dataconnect: no such file or directory
 {"metadata":{"emulator":{"name":"dataconnect"},"message":"E1003 01:08:40.189836   10452 watch.go:40] Failed to load config from \"/home/cs/Capstone/Capstone-layout/dataconnect\": could not find dataconnect.yaml in `/home/cs/Capstone/Capstone-layout/dataconnect`\nE1003 01:08:40.189813   10452 watch.go:116] watchAllDir unable to walk dir `/home/cs/Capstone/Capstone-layout/dataconnect`: lstat /home/cs/Capstone/Capstone-layout/dataconnect: no such file or directory\n"}}
[debug] [2026-10-03T05:08:50.219Z] E1003 01:08:50.219064   10452 watch.go:40] Failed to load config from "/home/cs/Capstone/Capstone-layout/dataconnect": could not find dataconnect.yaml in `/home/cs/Capstone/Capstone-layout/dataconnect`
 {"metadata":{"emulator":{"name":"dataconnect"},"message":"E1003 01:08:50.219064   10452 watch.go:40] Failed to load config from \"/home/cs/Capstone/Capstone-layout/dataconnect\": could not find dataconnect.yaml in `/home/cs/Capstone/Capstone-layout/dataconnect`\n"}}
[debug] [2026-10-03T05:09:00.199Z] E1003 01:09:00.198894   10452 watch.go:40] Failed to load config from "/home/cs/Capstone/Capstone-layout/dataconnect": could not find dataconnect.yaml in `/home/cs/Capstone/Capstone-layout/dataconnect`
 {"metadata":{"emulator":{"name":"dataconnect"},"message":"E1003 01:09:00.198894   10452 watch.go:40] Failed to load config from \"/home/cs/Capstone/Capstone-layout/dataconnect\": could not find dataconnect.yaml in `/home/cs/Capstone/Capstone-layout/dataconnect`\n"}}
[debug] [2026-10-03T05:09:10.190Z] E1003 01:09:10.189852   10452 watch.go:40] Failed to load config from "/home/cs/Capstone/Capstone-layout/dataconnect": could not find dataconnect.yaml in `/home/cs/Capstone/Capstone-layout/dataconnect`
 {"metadata":{"emulator":{"name":"dataconnect"},"message":"E1003 01:09:10.189852   10452 watch.go:40] Failed to load config from \"/home/cs/Capstone/Capstone-layout/dataconnect\": could not find dataconnect.yaml in `/home/cs/Capstone/Capstone-layout/dataconnect`\n"}}
[debug] [2026-10-03T05:09:20.354Z] E1003 01:09:20.354135   10452 watch.go:40] Failed to load config from "/home/cs/Capstone/Capstone-layout/dataconnect": could not find dataconnect.yaml in `/home/cs/Capstone/Capstone-layout/dataconnect`
 {"metadata":{"emulator":{"name":"dataconnect"},"message":"E1003 01:09:20.354135   10452 watch.go:40] Failed to load config from \"/home/cs/Capstone/Capstone-layout/dataconnect\": could not find dataconnect.yaml in `/home/cs/Capstone/Capstone-layout/dataconnect`\n"}}
[debug] [2026-10-03T05:09:30.233Z] E1003 01:09:30.233017   10452 watch.go:40] Failed to load config from "/home/cs/Capstone/Capstone-layout/dataconnect": could not find dataconnect.yaml in `/home/cs/Capstone/Capstone-layout/dataconnect`
 {"metadata":{"emulator":{"name":"dataconnect"},"message":"E1003 01:09:30.233017   10452 watch.go:40] Failed to load config from \"/home/cs/Capstone/Capstone-layout/dataconnect\": could not find dataconnect.yaml in `/home/cs/Capstone/Capstone-layout/dataconnect`\n"}}
[debug] [2026-10-03T05:09:40.192Z] E1003 01:09:40.192322   10452 watch.go:116] watchAllDir unable to walk dir `/home/cs/Capstone/Capstone-layout/dataconnect`: lstat /home/cs/Capstone/Capstone-layout/dataconnect: no such file or directory
E1003 01:09:40.192404   10452 watch.go:40] Failed to load config from "/home/cs/Capstone/Capstone-layout/dataconnect": could not find dataconnect.yaml in `/home/cs/Capstone/Capstone-layout/dataconnect`
 {"metadata":{"emulator":{"name":"dataconnect"},"message":"E1003 01:09:40.192322   10452 watch.go:116] watchAllDir unable to walk dir `/home/cs/Capstone/Capstone-layout/dataconnect`: lstat /home/cs/Capstone/Capstone-layout/dataconnect: no such file or directory\nE1003 01:09:40.192404   10452 watch.go:40] Failed to load config from \"/home/cs/Capstone/Capstone-layout/dataconnect\": could not find dataconnect.yaml in `/home/cs/Capstone/Capstone-layout/dataconnect`\n"}}
[debug] [2026-10-03T05:09:50.192Z] E1003 01:09:50.192230   10452 watch.go:40] Failed to load config from "/home/cs/Capstone/Capstone-layout/dataconnect": could not find dataconnect.yaml in `/home/cs/Capstone/Capstone-layout/dataconnect`
 {"metadata":{"emulator":{"name":"dataconnect"},"message":"E1003 01:09:50.192230   10452 watch.go:40] Failed to load config from \"/home/cs/Capstone/Capstone-layout/dataconnect\": could not find dataconnect.yaml in `/home/cs/Capstone/Capstone-layout/dataconnect`\n"}}
[debug] [2026-10-03T05:10:00.202Z] E1003 01:10:00.201909   10452 watch.go:40] Failed to load config from "/home/cs/Capstone/Capstone-layout/dataconnect": could not find dataconnect.yaml in `/home/cs/Capstone/Capstone-layout/dataconnect`
 {"metadata":{"emulator":{"name":"dataconnect"},"message":"E1003 01:10:00.201909   10452 watch.go:40] Failed to load config from \"/home/cs/Capstone/Capstone-layout/dataconnect\": could not find dataconnect.yaml in `/home/cs/Capstone/Capstone-layout/dataconnect`\n"}}
[debug] [2026-10-03T05:10:10.189Z] E1003 01:10:10.189656   10452 watch.go:40] Failed to load config from "/home/cs/Capstone/Capstone-layout/dataconnect": could not find dataconnect.yaml in `/home/cs/Capstone/Capstone-layout/dataconnect`
 {"metadata":{"emulator":{"name":"dataconnect"},"message":"E1003 01:10:10.189656   10452 watch.go:40] Failed to load config from \"/home/cs/Capstone/Capstone-layout/dataconnect\": could not find dataconnect.yaml in `/home/cs/Capstone/Capstone-layout/dataconnect`\n"}}
[debug] [2026-10-03T05:10:20.362Z] E1003 01:10:20.361261   10452 watch.go:40] Failed to load config from "/home/cs/Capstone/Capstone-layout/dataconnect": could not find dataconnect.yaml in `/home/cs/Capstone/Capstone-layout/dataconnect`
 {"metadata":{"emulator":{"name":"dataconnect"},"message":"E1003 01:10:20.361261   10452 watch.go:40] Failed to load config from \"/home/cs/Capstone/Capstone-layout/dataconnect\": could not find dataconnect.yaml in `/home/cs/Capstone/Capstone-layout/dataconnect`\n"}}
[debug] [2026-10-03T05:10:30.244Z] E1003 01:10:30.244007   10452 watch.go:40] Failed to load config from "/home/cs/Capstone/Capstone-layout/dataconnect": could not find dataconnect.yaml in `/home/cs/Capstone/Capstone-layout/dataconnect`
 {"metadata":{"emulator":{"name":"dataconnect"},"message":"E1003 01:10:30.244007   10452 watch.go:40] Failed to load config from \"/home/cs/Capstone/Capstone-layout/dataconnect\": could not find dataconnect.yaml in `/home/cs/Capstone/Capstone-layout/dataconnect`\n"}}
[debug] [2026-10-03T05:10:41.233Z] E1003 01:10:41.232747   10452 watch.go:116] watchAllDir unable to walk dir `/home/cs/Capstone/Capstone-layout/dataconnect`: lstat /home/cs/Capstone/Capstone-layout/dataconnect: no such file or directory
E1003 01:10:41.232869   10452 watch.go:40] Failed to load config from "/home/cs/Capstone/Capstone-layout/dataconnect": could not find dataconnect.yaml in `/home/cs/Capstone/Capstone-layout/dataconnect`
 {"metadata":{"emulator":{"name":"dataconnect"},"message":"E1003 01:10:41.232747   10452 watch.go:116] watchAllDir unable to walk dir `/home/cs/Capstone/Capstone-layout/dataconnect`: lstat /home/cs/Capstone/Capstone-layout/dataconnect: no such file or directory\nE1003 01:10:41.232869   10452 watch.go:40] Failed to load config from \"/home/cs/Capstone/Capstone-layout/dataconnect\": could not find dataconnect.yaml in `/home/cs/Capstone/Capstone-layout/dataconnect`\n"}}
[debug] [2026-10-03T05:10:50.192Z] E1003 01:10:50.192468   10452 watch.go:40] Failed to load config from "/home/cs/Capstone/Capstone-layout/dataconnect": could not find dataconnect.yaml in `/home/cs/Capstone/Capstone-layout/dataconnect`
 {"metadata":{"emulator":{"name":"dataconnect"},"message":"E1003 01:10:50.192468   10452 watch.go:40] Failed to load config from \"/home/cs/Capstone/Capstone-layout/dataconnect\": could not find dataconnect.yaml in `/home/cs/Capstone/Capstone-layout/dataconnect`\n"}}
[debug] [2026-10-03T05:11:00.206Z] E1003 01:11:00.205927   10452 watch.go:40] Failed to load config from "/home/cs/Capstone/Capstone-layout/dataconnect": could not find dataconnect.yaml in `/home/cs/Capstone/Capstone-layout/dataconnect`
 {"metadata":{"emulator":{"name":"dataconnect"},"message":"E1003 01:11:00.205927   10452 watch.go:40] Failed to load config from \"/home/cs/Capstone/Capstone-layout/dataconnect\": could not find dataconnect.yaml in `/home/cs/Capstone/Capstone-layout/dataconnect`\n"}}
[debug] [2026-10-03T05:11:10.190Z] E1003 01:11:10.190442   10452 watch.go:40] Failed to load config from "/home/cs/Capstone/Capstone-layout/dataconnect": could not find dataconnect.yaml in `/home/cs/Capstone/Capstone-layout/dataconnect`
 {"metadata":{"emulator":{"name":"dataconnect"},"message":"E1003 01:11:10.190442   10452 watch.go:40] Failed to load config from \"/home/cs/Capstone/Capstone-layout/dataconnect\": could not find dataconnect.yaml in `/home/cs/Capstone/Capstone-layout/dataconnect`\n"}}
[debug] [2026-10-03T05:11:20.222Z] E1003 01:11:20.221355   10452 watch.go:40] Failed to load config from "/home/cs/Capstone/Capstone-layout/dataconnect": could not find dataconnect.yaml in `/home/cs/Capstone/Capstone-layout/dataconnect`
 {"metadata":{"emulator":{"name":"dataconnect"},"message":"E1003 01:11:20.221355   10452 watch.go:40] Failed to load config from \"/home/cs/Capstone/Capstone-layout/dataconnect\": could not find dataconnect.yaml in `/home/cs/Capstone/Capstone-layout/dataconnect`\n"}}
[debug] [2026-10-03T05:11:30.196Z] E1003 01:11:30.196172   10452 watch.go:40] Failed to load config from "/home/cs/Capstone/Capstone-layout/dataconnect": could not find dataconnect.yaml in `/home/cs/Capstone/Capstone-layout/dataconnect`
 {"metadata":{"emulator":{"name":"dataconnect"},"message":"E1003 01:11:30.196172   10452 watch.go:40] Failed to load config from \"/home/cs/Capstone/Capstone-layout/dataconnect\": could not find dataconnect.yaml in `/home/cs/Capstone/Capstone-layout/dataconnect`\n"}}
[debug] [2026-10-03T05:11:40.190Z] E1003 01:11:40.190198   10452 watch.go:116] watchAllDir unable to walk dir `/home/cs/Capstone/Capstone-layout/dataconnect`: lstat /home/cs/Capstone/Capstone-layout/dataconnect: no such file or directory
E1003 01:11:40.190246   10452 watch.go:40] Failed to load config from "/home/cs/Capstone/Capstone-layout/dataconnect": could not find dataconnect.yaml in `/home/cs/Capstone/Capstone-layout/dataconnect`
 {"metadata":{"emulator":{"name":"dataconnect"},"message":"E1003 01:11:40.190198   10452 watch.go:116] watchAllDir unable to walk dir `/home/cs/Capstone/Capstone-layout/dataconnect`: lstat /home/cs/Capstone/Capstone-layout/dataconnect: no such file or directory\nE1003 01:11:40.190246   10452 watch.go:40] Failed to load config from \"/home/cs/Capstone/Capstone-layout/dataconnect\": could not find dataconnect.yaml in `/home/cs/Capstone/Capstone-layout/dataconnect`\n"}}
[debug] [2026-10-03T05:11:50.197Z] E1003 01:11:50.197466   10452 watch.go:40] Failed to load config from "/home/cs/Capstone/Capstone-layout/dataconnect": could not find dataconnect.yaml in `/home/cs/Capstone/Capstone-layout/dataconnect`
 {"metadata":{"emulator":{"name":"dataconnect"},"message":"E1003 01:11:50.197466   10452 watch.go:40] Failed to load config from \"/home/cs/Capstone/Capstone-layout/dataconnect\": could not find dataconnect.yaml in `/home/cs/Capstone/Capstone-layout/dataconnect`\n"}}
[debug] [2026-10-03T05:12:00.198Z] E1003 01:12:00.198455   10452 watch.go:40] Failed to load config from "/home/cs/Capstone/Capstone-layout/dataconnect": could not find dataconnect.yaml in `/home/cs/Capstone/Capstone-layout/dataconnect`
 {"metadata":{"emulator":{"name":"dataconnect"},"message":"E1003 01:12:00.198455   10452 watch.go:40] Failed to load config from \"/home/cs/Capstone/Capstone-layout/dataconnect\": could not find dataconnect.yaml in `/home/cs/Capstone/Capstone-layout/dataconnect`\n"}}
[debug] [2026-10-03T05:12:10.190Z] E1003 01:12:10.190365   10452 watch.go:40] Failed to load config from "/home/cs/Capstone/Capstone-layout/dataconnect": could not find dataconnect.yaml in `/home/cs/Capstone/Capstone-layout/dataconnect`
 {"metadata":{"emulator":{"name":"dataconnect"},"message":"E1003 01:12:10.190365   10452 watch.go:40] Failed to load config from \"/home/cs/Capstone/Capstone-layout/dataconnect\": could not find dataconnect.yaml in `/home/cs/Capstone/Capstone-layout/dataconnect`\n"}}
[debug] [2026-10-03T05:12:20.199Z] E1003 01:12:20.199228   10452 watch.go:40] Failed to load config from "/home/cs/Capstone/Capstone-layout/dataconnect": could not find dataconnect.yaml in `/home/cs/Capstone/Capstone-layout/dataconnect`
 {"metadata":{"emulator":{"name":"dataconnect"},"message":"E1003 01:12:20.199228   10452 watch.go:40] Failed to load config from \"/home/cs/Capstone/Capstone-layout/dataconnect\": could not find dataconnect.yaml in `/home/cs/Capstone/Capstone-layout/dataconnect`\n"}}
[debug] [2026-10-03T05:12:30.208Z] E1003 01:12:30.208382   10452 watch.go:40] Failed to load config from "/home/cs/Capstone/Capstone-layout/dataconnect": could not find dataconnect.yaml in `/home/cs/Capstone/Capstone-layout/dataconnect`
 {"metadata":{"emulator":{"name":"dataconnect"},"message":"E1003 01:12:30.208382   10452 watch.go:40] Failed to load config from \"/home/cs/Capstone/Capstone-layout/dataconnect\": could not find dataconnect.yaml in `/home/cs/Capstone/Capstone-layout/dataconnect`\n"}}
[debug] [2026-10-03T05:12:40.189Z] E1003 01:12:40.189418   10452 watch.go:116] watchAllDir unable to walk dir `/home/cs/Capstone/Capstone-layout/dataconnect`: lstat /home/cs/Capstone/Capstone-layout/dataconnect: no such file or directory
E1003 01:12:40.189490   10452 watch.go:40] Failed to load config from "/home/cs/Capstone/Capstone-layout/dataconnect": could not find dataconnect.yaml in `/home/cs/Capstone/Capstone-layout/dataconnect`
 {"metadata":{"emulator":{"name":"dataconnect"},"message":"E1003 01:12:40.189418   10452 watch.go:116] watchAllDir unable to walk dir `/home/cs/Capstone/Capstone-layout/dataconnect`: lstat /home/cs/Capstone/Capstone-layout/dataconnect: no such file or directory\nE1003 01:12:40.189490   10452 watch.go:40] Failed to load config from \"/home/cs/Capstone/Capstone-layout/dataconnect\": could not find dataconnect.yaml in `/home/cs/Capstone/Capstone-layout/dataconnect`\n"}}
[debug] [2026-10-03T05:12:50.199Z] E1003 01:12:50.199017   10452 watch.go:40] Failed to load config from "/home/cs/Capstone/Capstone-layout/dataconnect": could not find dataconnect.yaml in `/home/cs/Capstone/Capstone-layout/dataconnect`
 {"metadata":{"emulator":{"name":"dataconnect"},"message":"E1003 01:12:50.199017   10452 watch.go:40] Failed to load config from \"/home/cs/Capstone/Capstone-layout/dataconnect\": could not find dataconnect.yaml in `/home/cs/Capstone/Capstone-layout/dataconnect`\n"}}
[debug] [2026-10-03T05:13:00.202Z] E1003 01:13:00.202689   10452 watch.go:40] Failed to load config from "/home/cs/Capstone/Capstone-layout/dataconnect": could not find dataconnect.yaml in `/home/cs/Capstone/Capstone-layout/dataconnect`
 {"metadata":{"emulator":{"name":"dataconnect"},"message":"E1003 01:13:00.202689   10452 watch.go:40] Failed to load config from \"/home/cs/Capstone/Capstone-layout/dataconnect\": could not find dataconnect.yaml in `/home/cs/Capstone/Capstone-layout/dataconnect`\n"}}
[debug] [2026-10-03T05:13:10.388Z] E1003 01:13:10.387962   10452 watch.go:40] Failed to load config from "/home/cs/Capstone/Capstone-layout/dataconnect": could not find dataconnect.yaml in `/home/cs/Capstone/Capstone-layout/dataconnect`
 {"metadata":{"emulator":{"name":"dataconnect"},"message":"E1003 01:13:10.387962   10452 watch.go:40] Failed to load config from \"/home/cs/Capstone/Capstone-layout/dataconnect\": could not find dataconnect.yaml in `/home/cs/Capstone/Capstone-layout/dataconnect`\n"}}
[debug] [2026-10-03T05:13:20.191Z] E1003 01:13:20.190707   10452 watch.go:40] Failed to load config from "/home/cs/Capstone/Capstone-layout/dataconnect": could not find dataconnect.yaml in `/home/cs/Capstone/Capstone-layout/dataconnect`
 {"metadata":{"emulator":{"name":"dataconnect"},"message":"E1003 01:13:20.190707   10452 watch.go:40] Failed to load config from \"/home/cs/Capstone/Capstone-layout/dataconnect\": could not find dataconnect.yaml in `/home/cs/Capstone/Capstone-layout/dataconnect`\n"}}
[debug] [2026-10-03T05:13:30.199Z] E1003 01:13:30.198881   10452 watch.go:40] Failed to load config from "/home/cs/Capstone/Capstone-layout/dataconnect": could not find dataconnect.yaml in `/home/cs/Capstone/Capstone-layout/dataconnect`
 {"metadata":{"emulator":{"name":"dataconnect"},"message":"E1003 01:13:30.198881   10452 watch.go:40] Failed to load config from \"/home/cs/Capstone/Capstone-layout/dataconnect\": could not find dataconnect.yaml in `/home/cs/Capstone/Capstone-layout/dataconnect`\n"}}
[debug] [2026-10-03T05:13:40.204Z] E1003 01:13:40.203398   10452 watch.go:116] watchAllDir unable to walk dir `/home/cs/Capstone/Capstone-layout/dataconnect`: lstat /home/cs/Capstone/Capstone-layout/dataconnect: no such file or directory
E1003 01:13:40.203556   10452 watch.go:40] Failed to load config from "/home/cs/Capstone/Capstone-layout/dataconnect": could not find dataconnect.yaml in `/home/cs/Capstone/Capstone-layout/dataconnect`
 {"metadata":{"emulator":{"name":"dataconnect"},"message":"E1003 01:13:40.203398   10452 watch.go:116] watchAllDir unable to walk dir `/home/cs/Capstone/Capstone-layout/dataconnect`: lstat /home/cs/Capstone/Capstone-layout/dataconnect: no such file or directory\nE1003 01:13:40.203556   10452 watch.go:40] Failed to load config from \"/home/cs/Capstone/Capstone-layout/dataconnect\": could not find dataconnect.yaml in `/home/cs/Capstone/Capstone-layout/dataconnect`\n"}}
[debug] [2026-10-03T05:13:50.196Z] E1003 01:13:50.195816   10452 watch.go:40] Failed to load config from "/home/cs/Capstone/Capstone-layout/dataconnect": could not find dataconnect.yaml in `/home/cs/Capstone/Capstone-layout/dataconnect`
 {"metadata":{"emulator":{"name":"dataconnect"},"message":"E1003 01:13:50.195816   10452 watch.go:40] Failed to load config from \"/home/cs/Capstone/Capstone-layout/dataconnect\": could not find dataconnect.yaml in `/home/cs/Capstone/Capstone-layout/dataconnect`\n"}}
[debug] [2026-10-03T05:14:00.204Z] E1003 01:14:00.204105   10452 watch.go:40] Failed to load config from "/home/cs/Capstone/Capstone-layout/dataconnect": could not find dataconnect.yaml in `/home/cs/Capstone/Capstone-layout/dataconnect`
 {"metadata":{"emulator":{"name":"dataconnect"},"message":"E1003 01:14:00.204105   10452 watch.go:40] Failed to load config from \"/home/cs/Capstone/Capstone-layout/dataconnect\": could not find dataconnect.yaml in `/home/cs/Capstone/Capstone-layout/dataconnect`\n"}}
[debug] [2026-10-03T05:14:10.189Z] E1003 01:14:10.189720   10452 watch.go:40] Failed to load config from "/home/cs/Capstone/Capstone-layout/dataconnect": could not find dataconnect.yaml in `/home/cs/Capstone/Capstone-layout/dataconnect`
 {"metadata":{"emulator":{"name":"dataconnect"},"message":"E1003 01:14:10.189720   10452 watch.go:40] Failed to load config from \"/home/cs/Capstone/Capstone-layout/dataconnect\": could not find dataconnect.yaml in `/home/cs/Capstone/Capstone-layout/dataconnect`\n"}}
[debug] [2026-10-03T05:14:20.212Z] E1003 01:14:20.211683   10452 watch.go:40] Failed to load config from "/home/cs/Capstone/Capstone-layout/dataconnect": could not find dataconnect.yaml in `/home/cs/Capstone/Capstone-layout/dataconnect`
 {"metadata":{"emulator":{"name":"dataconnect"},"message":"E1003 01:14:20.211683   10452 watch.go:40] Failed to load config from \"/home/cs/Capstone/Capstone-layout/dataconnect\": could not find dataconnect.yaml in `/home/cs/Capstone/Capstone-layout/dataconnect`\n"}}
[debug] [2026-10-03T05:14:30.190Z] E1003 01:14:30.189927   10452 watch.go:40] Failed to load config from "/home/cs/Capstone/Capstone-layout/dataconnect": could not find dataconnect.yaml in `/home/cs/Capstone/Capstone-layout/dataconnect`
 {"metadata":{"emulator":{"name":"dataconnect"},"message":"E1003 01:14:30.189927   10452 watch.go:40] Failed to load config from \"/home/cs/Capstone/Capstone-layout/dataconnect\": could not find dataconnect.yaml in `/home/cs/Capstone/Capstone-layout/dataconnect`\n"}}
[debug] [2026-10-03T05:14:40.191Z] E1003 01:14:40.189495   10452 watch.go:40] Failed to load config from "/home/cs/Capstone/Capstone-layout/dataconnect": could not find dataconnect.yaml in `/home/cs/Capstone/Capstone-layout/dataconnect`
E1003 01:14:40.189409   10452 watch.go:116] watchAllDir unable to walk dir `/home/cs/Capstone/Capstone-layout/dataconnect`: lstat /home/cs/Capstone/Capstone-layout/dataconnect: no such file or directory
 {"metadata":{"emulator":{"name":"dataconnect"},"message":"E1003 01:14:40.189495   10452 watch.go:40] Failed to load config from \"/home/cs/Capstone/Capstone-layout/dataconnect\": could not find dataconnect.yaml in `/home/cs/Capstone/Capstone-layout/dataconnect`\nE1003 01:14:40.189409   10452 watch.go:116] watchAllDir unable to walk dir `/home/cs/Capstone/Capstone-layout/dataconnect`: lstat /home/cs/Capstone/Capstone-layout/dataconnect: no such file or directory\n"}}
[debug] [2026-10-03T05:14:50.193Z] E1003 01:14:50.193037   10452 watch.go:40] Failed to load config from "/home/cs/Capstone/Capstone-layout/dataconnect": could not find dataconnect.yaml in `/home/cs/Capstone/Capstone-layout/dataconnect`
 {"metadata":{"emulator":{"name":"dataconnect"},"message":"E1003 01:14:50.193037   10452 watch.go:40] Failed to load config from \"/home/cs/Capstone/Capstone-layout/dataconnect\": could not find dataconnect.yaml in `/home/cs/Capstone/Capstone-layout/dataconnect`\n"}}
[debug] [2026-10-03T05:15:00.199Z] E1003 01:15:00.198873   10452 watch.go:40] Failed to load config from "/home/cs/Capstone/Capstone-layout/dataconnect": could not find dataconnect.yaml in `/home/cs/Capstone/Capstone-layout/dataconnect`
 {"metadata":{"emulator":{"name":"dataconnect"},"message":"E1003 01:15:00.198873   10452 watch.go:40] Failed to load config from \"/home/cs/Capstone/Capstone-layout/dataconnect\": could not find dataconnect.yaml in `/home/cs/Capstone/Capstone-layout/dataconnect`\n"}}
[debug] [2026-10-03T05:15:10.193Z] E1003 01:15:10.193584   10452 watch.go:40] Failed to load config from "/home/cs/Capstone/Capstone-layout/dataconnect": could not find dataconnect.yaml in `/home/cs/Capstone/Capstone-layout/dataconnect`
 {"metadata":{"emulator":{"name":"dataconnect"},"message":"E1003 01:15:10.193584   10452 watch.go:40] Failed to load config from \"/home/cs/Capstone/Capstone-layout/dataconnect\": could not find dataconnect.yaml in `/home/cs/Capstone/Capstone-layout/dataconnect`\n"}}
[debug] [2026-10-03T05:15:20.202Z] E1003 01:15:20.202160   10452 watch.go:40] Failed to load config from "/home/cs/Capstone/Capstone-layout/dataconnect": could not find dataconnect.yaml in `/home/cs/Capstone/Capstone-layout/dataconnect`
 {"metadata":{"emulator":{"name":"dataconnect"},"message":"E1003 01:15:20.202160   10452 watch.go:40] Failed to load config from \"/home/cs/Capstone/Capstone-layout/dataconnect\": could not find dataconnect.yaml in `/home/cs/Capstone/Capstone-layout/dataconnect`\n"}}
[debug] [2026-10-03T05:15:30.206Z] E1003 01:15:30.206098   10452 watch.go:40] Failed to load config from "/home/cs/Capstone/Capstone-layout/dataconnect": could not find dataconnect.yaml in `/home/cs/Capstone/Capstone-layout/dataconnect`
 {"metadata":{"emulator":{"name":"dataconnect"},"message":"E1003 01:15:30.206098   10452 watch.go:40] Failed to load config from \"/home/cs/Capstone/Capstone-layout/dataconnect\": could not find dataconnect.yaml in `/home/cs/Capstone/Capstone-layout/dataconnect`\n"}}
[debug] [2026-10-03T05:15:40.191Z] E1003 01:15:40.190930   10452 watch.go:116] watchAllDir unable to walk dir `/home/cs/Capstone/Capstone-layout/dataconnect`: lstat /home/cs/Capstone/Capstone-layout/dataconnect: no such file or directory
E1003 01:15:40.190976   10452 watch.go:40] Failed to load config from "/home/cs/Capstone/Capstone-layout/dataconnect": could not find dataconnect.yaml in `/home/cs/Capstone/Capstone-layout/dataconnect`
 {"metadata":{"emulator":{"name":"dataconnect"},"message":"E1003 01:15:40.190930   10452 watch.go:116] watchAllDir unable to walk dir `/home/cs/Capstone/Capstone-layout/dataconnect`: lstat /home/cs/Capstone/Capstone-layout/dataconnect: no such file or directory\nE1003 01:15:40.190976   10452 watch.go:40] Failed to load config from \"/home/cs/Capstone/Capstone-layout/dataconnect\": could not find dataconnect.yaml in `/home/cs/Capstone/Capstone-layout/dataconnect`\n"}}
[debug] [2026-10-03T05:15:50.200Z] E1003 01:15:50.200320   10452 watch.go:40] Failed to load config from "/home/cs/Capstone/Capstone-layout/dataconnect": could not find dataconnect.yaml in `/home/cs/Capstone/Capstone-layout/dataconnect`
 {"metadata":{"emulator":{"name":"dataconnect"},"message":"E1003 01:15:50.200320   10452 watch.go:40] Failed to load config from \"/home/cs/Capstone/Capstone-layout/dataconnect\": could not find dataconnect.yaml in `/home/cs/Capstone/Capstone-layout/dataconnect`\n"}}
[debug] [2026-10-03T05:16:00.199Z] E1003 01:16:00.199309   10452 watch.go:40] Failed to load config from "/home/cs/Capstone/Capstone-layout/dataconnect": could not find dataconnect.yaml in `/home/cs/Capstone/Capstone-layout/dataconnect`
 {"metadata":{"emulator":{"name":"dataconnect"},"message":"E1003 01:16:00.199309   10452 watch.go:40] Failed to load config from \"/home/cs/Capstone/Capstone-layout/dataconnect\": could not find dataconnect.yaml in `/home/cs/Capstone/Capstone-layout/dataconnect`\n"}}
[debug] [2026-10-03T05:16:10.190Z] E1003 01:16:10.190463   10452 watch.go:40] Failed to load config from "/home/cs/Capstone/Capstone-layout/dataconnect": could not find dataconnect.yaml in `/home/cs/Capstone/Capstone-layout/dataconnect`
 {"metadata":{"emulator":{"name":"dataconnect"},"message":"E1003 01:16:10.190463   10452 watch.go:40] Failed to load config from \"/home/cs/Capstone/Capstone-layout/dataconnect\": could not find dataconnect.yaml in `/home/cs/Capstone/Capstone-layout/dataconnect`\n"}}
[debug] [2026-10-03T05:16:20.232Z] E1003 01:16:20.232343   10452 watch.go:40] Failed to load config from "/home/cs/Capstone/Capstone-layout/dataconnect": could not find dataconnect.yaml in `/home/cs/Capstone/Capstone-layout/dataconnect`
 {"metadata":{"emulator":{"name":"dataconnect"},"message":"E1003 01:16:20.232343   10452 watch.go:40] Failed to load config from \"/home/cs/Capstone/Capstone-layout/dataconnect\": could not find dataconnect.yaml in `/home/cs/Capstone/Capstone-layout/dataconnect`\n"}}
[debug] [2026-10-03T05:16:30.189Z] E1003 01:16:30.189519   10452 watch.go:40] Failed to load config from "/home/cs/Capstone/Capstone-layout/dataconnect": could not find dataconnect.yaml in `/home/cs/Capstone/Capstone-layout/dataconnect`
 {"metadata":{"emulator":{"name":"dataconnect"},"message":"E1003 01:16:30.189519   10452 watch.go:40] Failed to load config from \"/home/cs/Capstone/Capstone-layout/dataconnect\": could not find dataconnect.yaml in `/home/cs/Capstone/Capstone-layout/dataconnect`\n"}}
[debug] [2026-10-03T05:16:40.192Z] E1003 01:16:40.192105   10452 watch.go:116] watchAllDir unable to walk dir `/home/cs/Capstone/Capstone-layout/dataconnect`: lstat /home/cs/Capstone/Capstone-layout/dataconnect: no such file or directory
E1003 01:16:40.192183   10452 watch.go:40] Failed to load config from "/home/cs/Capstone/Capstone-layout/dataconnect": could not find dataconnect.yaml in `/home/cs/Capstone/Capstone-layout/dataconnect`
 {"metadata":{"emulator":{"name":"dataconnect"},"message":"E1003 01:16:40.192105   10452 watch.go:116] watchAllDir unable to walk dir `/home/cs/Capstone/Capstone-layout/dataconnect`: lstat /home/cs/Capstone/Capstone-layout/dataconnect: no such file or directory\nE1003 01:16:40.192183   10452 watch.go:40] Failed to load config from \"/home/cs/Capstone/Capstone-layout/dataconnect\": could not find dataconnect.yaml in `/home/cs/Capstone/Capstone-layout/dataconnect`\n"}}
[debug] [2026-10-03T05:16:50.190Z] E1003 01:16:50.189922   10452 watch.go:40] Failed to load config from "/home/cs/Capstone/Capstone-layout/dataconnect": could not find dataconnect.yaml in `/home/cs/Capstone/Capstone-layout/dataconnect`
 {"metadata":{"emulator":{"name":"dataconnect"},"message":"E1003 01:16:50.189922   10452 watch.go:40] Failed to load config from \"/home/cs/Capstone/Capstone-layout/dataconnect\": could not find dataconnect.yaml in `/home/cs/Capstone/Capstone-layout/dataconnect`\n"}}
[debug] [2026-10-03T05:17:00.198Z] E1003 01:17:00.197894   10452 watch.go:40] Failed to load config from "/home/cs/Capstone/Capstone-layout/dataconnect": could not find dataconnect.yaml in `/home/cs/Capstone/Capstone-layout/dataconnect`
 {"metadata":{"emulator":{"name":"dataconnect"},"message":"E1003 01:17:00.197894   10452 watch.go:40] Failed to load config from \"/home/cs/Capstone/Capstone-layout/dataconnect\": could not find dataconnect.yaml in `/home/cs/Capstone/Capstone-layout/dataconnect`\n"}}
[debug] [2026-10-03T05:17:10.193Z] E1003 01:17:10.192731   10452 watch.go:40] Failed to load config from "/home/cs/Capstone/Capstone-layout/dataconnect": could not find dataconnect.yaml in `/home/cs/Capstone/Capstone-layout/dataconnect`
 {"metadata":{"emulator":{"name":"dataconnect"},"message":"E1003 01:17:10.192731   10452 watch.go:40] Failed to load config from \"/home/cs/Capstone/Capstone-layout/dataconnect\": could not find dataconnect.yaml in `/home/cs/Capstone/Capstone-layout/dataconnect`\n"}}
[debug] [2026-10-03T05:17:20.199Z] E1003 01:17:20.199135   10452 watch.go:40] Failed to load config from "/home/cs/Capstone/Capstone-layout/dataconnect": could not find dataconnect.yaml in `/home/cs/Capstone/Capstone-layout/dataconnect`
 {"metadata":{"emulator":{"name":"dataconnect"},"message":"E1003 01:17:20.199135   10452 watch.go:40] Failed to load config from \"/home/cs/Capstone/Capstone-layout/dataconnect\": could not find dataconnect.yaml in `/home/cs/Capstone/Capstone-layout/dataconnect`\n"}}
[debug] [2026-10-03T05:17:30.206Z] E1003 01:17:30.206193   10452 watch.go:40] Failed to load config from "/home/cs/Capstone/Capstone-layout/dataconnect": could not find dataconnect.yaml in `/home/cs/Capstone/Capstone-layout/dataconnect`
 {"metadata":{"emulator":{"name":"dataconnect"},"message":"E1003 01:17:30.206193   10452 watch.go:40] Failed to load config from \"/home/cs/Capstone/Capstone-layout/dataconnect\": could not find dataconnect.yaml in `/home/cs/Capstone/Capstone-layout/dataconnect`\n"}}
[debug] [2026-10-03T05:17:40.197Z] E1003 01:17:40.196763   10452 watch.go:116] watchAllDir unable to walk dir `/home/cs/Capstone/Capstone-layout/dataconnect`: lstat /home/cs/Capstone/Capstone-layout/dataconnect: no such file or directory
E1003 01:17:40.196850   10452 watch.go:40] Failed to load config from "/home/cs/Capstone/Capstone-layout/dataconnect": could not find dataconnect.yaml in `/home/cs/Capstone/Capstone-layout/dataconnect`
 {"metadata":{"emulator":{"name":"dataconnect"},"message":"E1003 01:17:40.196763   10452 watch.go:116] watchAllDir unable to walk dir `/home/cs/Capstone/Capstone-layout/dataconnect`: lstat /home/cs/Capstone/Capstone-layout/dataconnect: no such file or directory\nE1003 01:17:40.196850   10452 watch.go:40] Failed to load config from \"/home/cs/Capstone/Capstone-layout/dataconnect\": could not find dataconnect.yaml in `/home/cs/Capstone/Capstone-layout/dataconnect`\n"}}
[debug] [2026-10-03T05:17:50.198Z] E1003 01:17:50.198605   10452 watch.go:40] Failed to load config from "/home/cs/Capstone/Capstone-layout/dataconnect": could not find dataconnect.yaml in `/home/cs/Capstone/Capstone-layout/dataconnect`
 {"metadata":{"emulator":{"name":"dataconnect"},"message":"E1003 01:17:50.198605   10452 watch.go:40] Failed to load config from \"/home/cs/Capstone/Capstone-layout/dataconnect\": could not find dataconnect.yaml in `/home/cs/Capstone/Capstone-layout/dataconnect`\n"}}
[debug] [2026-10-03T05:18:00.199Z] E1003 01:18:00.198897   10452 watch.go:40] Failed to load config from "/home/cs/Capstone/Capstone-layout/dataconnect": could not find dataconnect.yaml in `/home/cs/Capstone/Capstone-layout/dataconnect`
 {"metadata":{"emulator":{"name":"dataconnect"},"message":"E1003 01:18:00.198897   10452 watch.go:40] Failed to load config from \"/home/cs/Capstone/Capstone-layout/dataconnect\": could not find dataconnect.yaml in `/home/cs/Capstone/Capstone-layout/dataconnect`\n"}}
[debug] [2026-10-03T05:18:10.194Z] E1003 01:18:10.194529   10452 watch.go:40] Failed to load config from "/home/cs/Capstone/Capstone-layout/dataconnect": could not find dataconnect.yaml in `/home/cs/Capstone/Capstone-layout/dataconnect`
 {"metadata":{"emulator":{"name":"dataconnect"},"message":"E1003 01:18:10.194529   10452 watch.go:40] Failed to load config from \"/home/cs/Capstone/Capstone-layout/dataconnect\": could not find dataconnect.yaml in `/home/cs/Capstone/Capstone-layout/dataconnect`\n"}}
[debug] [2026-10-03T05:18:20.203Z] E1003 01:18:20.203133   10452 watch.go:40] Failed to load config from "/home/cs/Capstone/Capstone-layout/dataconnect": could not find dataconnect.yaml in `/home/cs/Capstone/Capstone-layout/dataconnect`
 {"metadata":{"emulator":{"name":"dataconnect"},"message":"E1003 01:18:20.203133   10452 watch.go:40] Failed to load config from \"/home/cs/Capstone/Capstone-layout/dataconnect\": could not find dataconnect.yaml in `/home/cs/Capstone/Capstone-layout/dataconnect`\n"}}
[debug] [2026-10-03T05:18:30.262Z] E1003 01:18:30.262258   10452 watch.go:40] Failed to load config from "/home/cs/Capstone/Capstone-layout/dataconnect": could not find dataconnect.yaml in `/home/cs/Capstone/Capstone-layout/dataconnect`
 {"metadata":{"emulator":{"name":"dataconnect"},"message":"E1003 01:18:30.262258   10452 watch.go:40] Failed to load config from \"/home/cs/Capstone/Capstone-layout/dataconnect\": could not find dataconnect.yaml in `/home/cs/Capstone/Capstone-layout/dataconnect`\n"}}
[debug] [2026-10-03T05:18:40.189Z] E1003 01:18:40.189702   10452 watch.go:116] watchAllDir unable to walk dir `/home/cs/Capstone/Capstone-layout/dataconnect`: lstat /home/cs/Capstone/Capstone-layout/dataconnect: no such file or directory
E1003 01:18:40.189771   10452 watch.go:40] Failed to load config from "/home/cs/Capstone/Capstone-layout/dataconnect": could not find dataconnect.yaml in `/home/cs/Capstone/Capstone-layout/dataconnect`
 {"metadata":{"emulator":{"name":"dataconnect"},"message":"E1003 01:18:40.189702   10452 watch.go:116] watchAllDir unable to walk dir `/home/cs/Capstone/Capstone-layout/dataconnect`: lstat /home/cs/Capstone/Capstone-layout/dataconnect: no such file or directory\nE1003 01:18:40.189771   10452 watch.go:40] Failed to load config from \"/home/cs/Capstone/Capstone-layout/dataconnect\": could not find dataconnect.yaml in `/home/cs/Capstone/Capstone-layout/dataconnect`\n"}}
[debug] [2026-10-03T05:18:50.194Z] E1003 01:18:50.194012   10452 watch.go:40] Failed to load config from "/home/cs/Capstone/Capstone-layout/dataconnect": could not find dataconnect.yaml in `/home/cs/Capstone/Capstone-layout/dataconnect`
 {"metadata":{"emulator":{"name":"dataconnect"},"message":"E1003 01:18:50.194012   10452 watch.go:40] Failed to load config from \"/home/cs/Capstone/Capstone-layout/dataconnect\": could not find dataconnect.yaml in `/home/cs/Capstone/Capstone-layout/dataconnect`\n"}}
[debug] [2026-10-03T05:19:00.200Z] E1003 01:19:00.200192   10452 watch.go:40] Failed to load config from "/home/cs/Capstone/Capstone-layout/dataconnect": could not find dataconnect.yaml in `/home/cs/Capstone/Capstone-layout/dataconnect`
 {"metadata":{"emulator":{"name":"dataconnect"},"message":"E1003 01:19:00.200192   10452 watch.go:40] Failed to load config from \"/home/cs/Capstone/Capstone-layout/dataconnect\": could not find dataconnect.yaml in `/home/cs/Capstone/Capstone-layout/dataconnect`\n"}}
[debug] [2026-10-03T05:19:10.217Z] E1003 01:19:10.217697   10452 watch.go:40] Failed to load config from "/home/cs/Capstone/Capstone-layout/dataconnect": could not find dataconnect.yaml in `/home/cs/Capstone/Capstone-layout/dataconnect`
 {"metadata":{"emulator":{"name":"dataconnect"},"message":"E1003 01:19:10.217697   10452 watch.go:40] Failed to load config from \"/home/cs/Capstone/Capstone-layout/dataconnect\": could not find dataconnect.yaml in `/home/cs/Capstone/Capstone-layout/dataconnect`\n"}}
[debug] [2026-10-03T05:19:20.254Z] E1003 01:19:20.253301   10452 watch.go:40] Failed to load config from "/home/cs/Capstone/Capstone-layout/dataconnect": could not find dataconnect.yaml in `/home/cs/Capstone/Capstone-layout/dataconnect`
 {"metadata":{"emulator":{"name":"dataconnect"},"message":"E1003 01:19:20.253301   10452 watch.go:40] Failed to load config from \"/home/cs/Capstone/Capstone-layout/dataconnect\": could not find dataconnect.yaml in `/home/cs/Capstone/Capstone-layout/dataconnect`\n"}}
[debug] [2026-10-03T05:19:30.253Z] E1003 01:19:30.252881   10452 watch.go:40] Failed to load config from "/home/cs/Capstone/Capstone-layout/dataconnect": could not find dataconnect.yaml in `/home/cs/Capstone/Capstone-layout/dataconnect`
 {"metadata":{"emulator":{"name":"dataconnect"},"message":"E1003 01:19:30.252881   10452 watch.go:40] Failed to load config from \"/home/cs/Capstone/Capstone-layout/dataconnect\": could not find dataconnect.yaml in `/home/cs/Capstone/Capstone-layout/dataconnect`\n"}}
[debug] [2026-10-03T05:19:40.192Z] E1003 01:19:40.192314   10452 watch.go:116] watchAllDir unable to walk dir `/home/cs/Capstone/Capstone-layout/dataconnect`: lstat /home/cs/Capstone/Capstone-layout/dataconnect: no such file or directory
E1003 01:19:40.192376   10452 watch.go:40] Failed to load config from "/home/cs/Capstone/Capstone-layout/dataconnect": could not find dataconnect.yaml in `/home/cs/Capstone/Capstone-layout/dataconnect`
 {"metadata":{"emulator":{"name":"dataconnect"},"message":"E1003 01:19:40.192314   10452 watch.go:116] watchAllDir unable to walk dir `/home/cs/Capstone/Capstone-layout/dataconnect`: lstat /home/cs/Capstone/Capstone-layout/dataconnect: no such file or directory\nE1003 01:19:40.192376   10452 watch.go:40] Failed to load config from \"/home/cs/Capstone/Capstone-layout/dataconnect\": could not find dataconnect.yaml in `/home/cs/Capstone/Capstone-layout/dataconnect`\n"}}
[debug] [2026-10-03T05:19:50.213Z] E1003 01:19:50.213223   10452 watch.go:40] Failed to load config from "/home/cs/Capstone/Capstone-layout/dataconnect": could not find dataconnect.yaml in `/home/cs/Capstone/Capstone-layout/dataconnect`
 {"metadata":{"emulator":{"name":"dataconnect"},"message":"E1003 01:19:50.213223   10452 watch.go:40] Failed to load config from \"/home/cs/Capstone/Capstone-layout/dataconnect\": could not find dataconnect.yaml in `/home/cs/Capstone/Capstone-layout/dataconnect`\n"}}
[debug] [2026-10-03T05:20:00.197Z] E1003 01:20:00.196939   10452 watch.go:40] Failed to load config from "/home/cs/Capstone/Capstone-layout/dataconnect": could not find dataconnect.yaml in `/home/cs/Capstone/Capstone-layout/dataconnect`
 {"metadata":{"emulator":{"name":"dataconnect"},"message":"E1003 01:20:00.196939   10452 watch.go:40] Failed to load config from \"/home/cs/Capstone/Capstone-layout/dataconnect\": could not find dataconnect.yaml in `/home/cs/Capstone/Capstone-layout/dataconnect`\n"}}
[debug] [2026-10-03T05:20:10.191Z] E1003 01:20:10.191543   10452 watch.go:40] Failed to load config from "/home/cs/Capstone/Capstone-layout/dataconnect": could not find dataconnect.yaml in `/home/cs/Capstone/Capstone-layout/dataconnect`
 {"metadata":{"emulator":{"name":"dataconnect"},"message":"E1003 01:20:10.191543   10452 watch.go:40] Failed to load config from \"/home/cs/Capstone/Capstone-layout/dataconnect\": could not find dataconnect.yaml in `/home/cs/Capstone/Capstone-layout/dataconnect`\n"}}
[debug] [2026-10-03T05:20:20.272Z] E1003 01:20:20.272491   10452 watch.go:40] Failed to load config from "/home/cs/Capstone/Capstone-layout/dataconnect": could not find dataconnect.yaml in `/home/cs/Capstone/Capstone-layout/dataconnect`
 {"metadata":{"emulator":{"name":"dataconnect"},"message":"E1003 01:20:20.272491   10452 watch.go:40] Failed to load config from \"/home/cs/Capstone/Capstone-layout/dataconnect\": could not find dataconnect.yaml in `/home/cs/Capstone/Capstone-layout/dataconnect`\n"}}
[debug] [2026-10-03T05:20:30.226Z] E1003 01:20:30.225565   10452 watch.go:40] Failed to load config from "/home/cs/Capstone/Capstone-layout/dataconnect": could not find dataconnect.yaml in `/home/cs/Capstone/Capstone-layout/dataconnect`
 {"metadata":{"emulator":{"name":"dataconnect"},"message":"E1003 01:20:30.225565   10452 watch.go:40] Failed to load config from \"/home/cs/Capstone/Capstone-layout/dataconnect\": could not find dataconnect.yaml in `/home/cs/Capstone/Capstone-layout/dataconnect`\n"}}
[debug] [2026-10-03T05:20:40.193Z] E1003 01:20:40.192113   10452 watch.go:116] watchAllDir unable to walk dir `/home/cs/Capstone/Capstone-layout/dataconnect`: lstat /home/cs/Capstone/Capstone-layout/dataconnect: no such file or directory
E1003 01:20:40.192533   10452 watch.go:40] Failed to load config from "/home/cs/Capstone/Capstone-layout/dataconnect": could not find dataconnect.yaml in `/home/cs/Capstone/Capstone-layout/dataconnect`
 {"metadata":{"emulator":{"name":"dataconnect"},"message":"E1003 01:20:40.192113   10452 watch.go:116] watchAllDir unable to walk dir `/home/cs/Capstone/Capstone-layout/dataconnect`: lstat /home/cs/Capstone/Capstone-layout/dataconnect: no such file or directory\nE1003 01:20:40.192533   10452 watch.go:40] Failed to load config from \"/home/cs/Capstone/Capstone-layout/dataconnect\": could not find dataconnect.yaml in `/home/cs/Capstone/Capstone-layout/dataconnect`\n"}}
[debug] [2026-10-03T05:20:50.428Z] E1003 01:20:50.428310   10452 watch.go:40] Failed to load config from "/home/cs/Capstone/Capstone-layout/dataconnect": could not find dataconnect.yaml in `/home/cs/Capstone/Capstone-layout/dataconnect`
 {"metadata":{"emulator":{"name":"dataconnect"},"message":"E1003 01:20:50.428310   10452 watch.go:40] Failed to load config from \"/home/cs/Capstone/Capstone-layout/dataconnect\": could not find dataconnect.yaml in `/home/cs/Capstone/Capstone-layout/dataconnect`\n"}}
[debug] [2026-10-03T05:21:00.198Z] E1003 01:21:00.198502   10452 watch.go:40] Failed to load config from "/home/cs/Capstone/Capstone-layout/dataconnect": could not find dataconnect.yaml in `/home/cs/Capstone/Capstone-layout/dataconnect`
 {"metadata":{"emulator":{"name":"dataconnect"},"message":"E1003 01:21:00.198502   10452 watch.go:40] Failed to load config from \"/home/cs/Capstone/Capstone-layout/dataconnect\": could not find dataconnect.yaml in `/home/cs/Capstone/Capstone-layout/dataconnect`\n"}}
[debug] [2026-10-03T05:21:10.190Z] E1003 01:21:10.190018   10452 watch.go:40] Failed to load config from "/home/cs/Capstone/Capstone-layout/dataconnect": could not find dataconnect.yaml in `/home/cs/Capstone/Capstone-layout/dataconnect`
 {"metadata":{"emulator":{"name":"dataconnect"},"message":"E1003 01:21:10.190018   10452 watch.go:40] Failed to load config from \"/home/cs/Capstone/Capstone-layout/dataconnect\": could not find dataconnect.yaml in `/home/cs/Capstone/Capstone-layout/dataconnect`\n"}}
[debug] [2026-10-03T05:21:20.205Z] E1003 01:21:20.205102   10452 watch.go:40] Failed to load config from "/home/cs/Capstone/Capstone-layout/dataconnect": could not find dataconnect.yaml in `/home/cs/Capstone/Capstone-layout/dataconnect`
 {"metadata":{"emulator":{"name":"dataconnect"},"message":"E1003 01:21:20.205102   10452 watch.go:40] Failed to load config from \"/home/cs/Capstone/Capstone-layout/dataconnect\": could not find dataconnect.yaml in `/home/cs/Capstone/Capstone-layout/dataconnect`\n"}}
[debug] [2026-10-03T05:21:30.195Z] E1003 01:21:30.194856   10452 watch.go:40] Failed to load config from "/home/cs/Capstone/Capstone-layout/dataconnect": could not find dataconnect.yaml in `/home/cs/Capstone/Capstone-layout/dataconnect`
 {"metadata":{"emulator":{"name":"dataconnect"},"message":"E1003 01:21:30.194856   10452 watch.go:40] Failed to load config from \"/home/cs/Capstone/Capstone-layout/dataconnect\": could not find dataconnect.yaml in `/home/cs/Capstone/Capstone-layout/dataconnect`\n"}}
[debug] [2026-10-03T05:21:40.190Z] E1003 01:21:40.190078   10452 watch.go:116] watchAllDir unable to walk dir `/home/cs/Capstone/Capstone-layout/dataconnect`: lstat /home/cs/Capstone/Capstone-layout/dataconnect: no such file or directory
E1003 01:21:40.190101   10452 watch.go:40] Failed to load config from "/home/cs/Capstone/Capstone-layout/dataconnect": could not find dataconnect.yaml in `/home/cs/Capstone/Capstone-layout/dataconnect`
 {"metadata":{"emulator":{"name":"dataconnect"},"message":"E1003 01:21:40.190078   10452 watch.go:116] watchAllDir unable to walk dir `/home/cs/Capstone/Capstone-layout/dataconnect`: lstat /home/cs/Capstone/Capstone-layout/dataconnect: no such file or directory\nE1003 01:21:40.190101   10452 watch.go:40] Failed to load config from \"/home/cs/Capstone/Capstone-layout/dataconnect\": could not find dataconnect.yaml in `/home/cs/Capstone/Capstone-layout/dataconnect`\n"}}
[debug] [2026-10-03T05:21:50.199Z] E1003 01:21:50.199814   10452 watch.go:40] Failed to load config from "/home/cs/Capstone/Capstone-layout/dataconnect": could not find dataconnect.yaml in `/home/cs/Capstone/Capstone-layout/dataconnect`
 {"metadata":{"emulator":{"name":"dataconnect"},"message":"E1003 01:21:50.199814   10452 watch.go:40] Failed to load config from \"/home/cs/Capstone/Capstone-layout/dataconnect\": could not find dataconnect.yaml in `/home/cs/Capstone/Capstone-layout/dataconnect`\n"}}
[debug] [2026-10-03T05:22:00.241Z] E1003 01:22:00.241471   10452 watch.go:40] Failed to load config from "/home/cs/Capstone/Capstone-layout/dataconnect": could not find dataconnect.yaml in `/home/cs/Capstone/Capstone-layout/dataconnect`
 {"metadata":{"emulator":{"name":"dataconnect"},"message":"E1003 01:22:00.241471   10452 watch.go:40] Failed to load config from \"/home/cs/Capstone/Capstone-layout/dataconnect\": could not find dataconnect.yaml in `/home/cs/Capstone/Capstone-layout/dataconnect`\n"}}
[debug] [2026-10-03T05:22:10.456Z] E1003 01:22:10.455034   10452 watch.go:40] Failed to load config from "/home/cs/Capstone/Capstone-layout/dataconnect": could not find dataconnect.yaml in `/home/cs/Capstone/Capstone-layout/dataconnect`
 {"metadata":{"emulator":{"name":"dataconnect"},"message":"E1003 01:22:10.455034   10452 watch.go:40] Failed to load config from \"/home/cs/Capstone/Capstone-layout/dataconnect\": could not find dataconnect.yaml in `/home/cs/Capstone/Capstone-layout/dataconnect`\n"}}
[debug] [2026-10-03T05:22:20.200Z] E1003 01:22:20.200343   10452 watch.go:40] Failed to load config from "/home/cs/Capstone/Capstone-layout/dataconnect": could not find dataconnect.yaml in `/home/cs/Capstone/Capstone-layout/dataconnect`
 {"metadata":{"emulator":{"name":"dataconnect"},"message":"E1003 01:22:20.200343   10452 watch.go:40] Failed to load config from \"/home/cs/Capstone/Capstone-layout/dataconnect\": could not find dataconnect.yaml in `/home/cs/Capstone/Capstone-layout/dataconnect`\n"}}
[debug] [2026-10-03T05:22:30.198Z] E1003 01:22:30.198202   10452 watch.go:40] Failed to load config from "/home/cs/Capstone/Capstone-layout/dataconnect": could not find dataconnect.yaml in `/home/cs/Capstone/Capstone-layout/dataconnect`
 {"metadata":{"emulator":{"name":"dataconnect"},"message":"E1003 01:22:30.198202   10452 watch.go:40] Failed to load config from \"/home/cs/Capstone/Capstone-layout/dataconnect\": could not find dataconnect.yaml in `/home/cs/Capstone/Capstone-layout/dataconnect`\n"}}
[debug] [2026-10-03T05:22:40.192Z] E1003 01:22:40.192533   10452 watch.go:116] watchAllDir unable to walk dir `/home/cs/Capstone/Capstone-layout/dataconnect`: lstat /home/cs/Capstone/Capstone-layout/dataconnect: no such file or directory
E1003 01:22:40.192592   10452 watch.go:40] Failed to load config from "/home/cs/Capstone/Capstone-layout/dataconnect": could not find dataconnect.yaml in `/home/cs/Capstone/Capstone-layout/dataconnect`
 {"metadata":{"emulator":{"name":"dataconnect"},"message":"E1003 01:22:40.192533   10452 watch.go:116] watchAllDir unable to walk dir `/home/cs/Capstone/Capstone-layout/dataconnect`: lstat /home/cs/Capstone/Capstone-layout/dataconnect: no such file or directory\nE1003 01:22:40.192592   10452 watch.go:40] Failed to load config from \"/home/cs/Capstone/Capstone-layout/dataconnect\": could not find dataconnect.yaml in `/home/cs/Capstone/Capstone-layout/dataconnect`\n"}}
[debug] [2026-10-03T05:22:50.190Z] E1003 01:22:50.190301   10452 watch.go:40] Failed to load config from "/home/cs/Capstone/Capstone-layout/dataconnect": could not find dataconnect.yaml in `/home/cs/Capstone/Capstone-layout/dataconnect`
 {"metadata":{"emulator":{"name":"dataconnect"},"message":"E1003 01:22:50.190301   10452 watch.go:40] Failed to load config from \"/home/cs/Capstone/Capstone-layout/dataconnect\": could not find dataconnect.yaml in `/home/cs/Capstone/Capstone-layout/dataconnect`\n"}}
[debug] [2026-10-03T05:23:00.247Z] E1003 01:23:00.247152   10452 watch.go:40] Failed to load config from "/home/cs/Capstone/Capstone-layout/dataconnect": could not find dataconnect.yaml in `/home/cs/Capstone/Capstone-layout/dataconnect`
 {"metadata":{"emulator":{"name":"dataconnect"},"message":"E1003 01:23:00.247152   10452 watch.go:40] Failed to load config from \"/home/cs/Capstone/Capstone-layout/dataconnect\": could not find dataconnect.yaml in `/home/cs/Capstone/Capstone-layout/dataconnect`\n"}}
[debug] [2026-10-03T05:23:10.190Z] E1003 01:23:10.190681   10452 watch.go:40] Failed to load config from "/home/cs/Capstone/Capstone-layout/dataconnect": could not find dataconnect.yaml in `/home/cs/Capstone/Capstone-layout/dataconnect`
 {"metadata":{"emulator":{"name":"dataconnect"},"message":"E1003 01:23:10.190681   10452 watch.go:40] Failed to load config from \"/home/cs/Capstone/Capstone-layout/dataconnect\": could not find dataconnect.yaml in `/home/cs/Capstone/Capstone-layout/dataconnect`\n"}}
[debug] [2026-10-03T05:23:20.202Z] E1003 01:23:20.202343   10452 watch.go:40] Failed to load config from "/home/cs/Capstone/Capstone-layout/dataconnect": could not find dataconnect.yaml in `/home/cs/Capstone/Capstone-layout/dataconnect`
 {"metadata":{"emulator":{"name":"dataconnect"},"message":"E1003 01:23:20.202343   10452 watch.go:40] Failed to load config from \"/home/cs/Capstone/Capstone-layout/dataconnect\": could not find dataconnect.yaml in `/home/cs/Capstone/Capstone-layout/dataconnect`\n"}}
[debug] [2026-10-03T05:23:30.767Z] E1003 01:23:30.766509   10452 watch.go:40] Failed to load config from "/home/cs/Capstone/Capstone-layout/dataconnect": could not find dataconnect.yaml in `/home/cs/Capstone/Capstone-layout/dataconnect`
 {"metadata":{"emulator":{"name":"dataconnect"},"message":"E1003 01:23:30.766509   10452 watch.go:40] Failed to load config from \"/home/cs/Capstone/Capstone-layout/dataconnect\": could not find dataconnect.yaml in `/home/cs/Capstone/Capstone-layout/dataconnect`\n"}}
[debug] [2026-10-03T05:23:40.451Z] E1003 01:23:40.451052   10452 watch.go:116] watchAllDir unable to walk dir `/home/cs/Capstone/Capstone-layout/dataconnect`: lstat /home/cs/Capstone/Capstone-layout/dataconnect: no such file or directory
E1003 01:23:40.451077   10452 watch.go:40] Failed to load config from "/home/cs/Capstone/Capstone-layout/dataconnect": could not find dataconnect.yaml in `/home/cs/Capstone/Capstone-layout/dataconnect`
 {"metadata":{"emulator":{"name":"dataconnect"},"message":"E1003 01:23:40.451052   10452 watch.go:116] watchAllDir unable to walk dir `/home/cs/Capstone/Capstone-layout/dataconnect`: lstat /home/cs/Capstone/Capstone-layout/dataconnect: no such file or directory\nE1003 01:23:40.451077   10452 watch.go:40] Failed to load config from \"/home/cs/Capstone/Capstone-layout/dataconnect\": could not find dataconnect.yaml in `/home/cs/Capstone/Capstone-layout/dataconnect`\n"}}
[debug] [2026-10-03T05:23:50.321Z] E1003 01:23:50.319791   10452 watch.go:40] Failed to load config from "/home/cs/Capstone/Capstone-layout/dataconnect": could not find dataconnect.yaml in `/home/cs/Capstone/Capstone-layout/dataconnect`
 {"metadata":{"emulator":{"name":"dataconnect"},"message":"E1003 01:23:50.319791   10452 watch.go:40] Failed to load config from \"/home/cs/Capstone/Capstone-layout/dataconnect\": could not find dataconnect.yaml in `/home/cs/Capstone/Capstone-layout/dataconnect`\n"}}
[debug] [2026-10-03T05:24:00.205Z] E1003 01:24:00.204565   10452 watch.go:40] Failed to load config from "/home/cs/Capstone/Capstone-layout/dataconnect": could not find dataconnect.yaml in `/home/cs/Capstone/Capstone-layout/dataconnect`
 {"metadata":{"emulator":{"name":"dataconnect"},"message":"E1003 01:24:00.204565   10452 watch.go:40] Failed to load config from \"/home/cs/Capstone/Capstone-layout/dataconnect\": could not find dataconnect.yaml in `/home/cs/Capstone/Capstone-layout/dataconnect`\n"}}
[debug] [2026-10-03T05:24:10.190Z] E1003 01:24:10.189623   10452 watch.go:40] Failed to load config from "/home/cs/Capstone/Capstone-layout/dataconnect": could not find dataconnect.yaml in `/home/cs/Capstone/Capstone-layout/dataconnect`
 {"metadata":{"emulator":{"name":"dataconnect"},"message":"E1003 01:24:10.189623   10452 watch.go:40] Failed to load config from \"/home/cs/Capstone/Capstone-layout/dataconnect\": could not find dataconnect.yaml in `/home/cs/Capstone/Capstone-layout/dataconnect`\n"}}
[debug] [2026-10-03T05:24:20.285Z] E1003 01:24:20.285010   10452 watch.go:40] Failed to load config from "/home/cs/Capstone/Capstone-layout/dataconnect": could not find dataconnect.yaml in `/home/cs/Capstone/Capstone-layout/dataconnect`
 {"metadata":{"emulator":{"name":"dataconnect"},"message":"E1003 01:24:20.285010   10452 watch.go:40] Failed to load config from \"/home/cs/Capstone/Capstone-layout/dataconnect\": could not find dataconnect.yaml in `/home/cs/Capstone/Capstone-layout/dataconnect`\n"}}
[debug] [2026-10-03T05:24:30.280Z] E1003 01:24:30.279129   10452 watch.go:40] Failed to load config from "/home/cs/Capstone/Capstone-layout/dataconnect": could not find dataconnect.yaml in `/home/cs/Capstone/Capstone-layout/dataconnect`
 {"metadata":{"emulator":{"name":"dataconnect"},"message":"E1003 01:24:30.279129   10452 watch.go:40] Failed to load config from \"/home/cs/Capstone/Capstone-layout/dataconnect\": could not find dataconnect.yaml in `/home/cs/Capstone/Capstone-layout/dataconnect`\n"}}
[debug] [2026-10-03T05:24:40.476Z] E1003 01:24:40.476046   10452 watch.go:40] Failed to load config from "/home/cs/Capstone/Capstone-layout/dataconnect": could not find dataconnect.yaml in `/home/cs/Capstone/Capstone-layout/dataconnect`
E1003 01:24:40.476020   10452 watch.go:116] watchAllDir unable to walk dir `/home/cs/Capstone/Capstone-layout/dataconnect`: lstat /home/cs/Capstone/Capstone-layout/dataconnect: no such file or directory
 {"metadata":{"emulator":{"name":"dataconnect"},"message":"E1003 01:24:40.476046   10452 watch.go:40] Failed to load config from \"/home/cs/Capstone/Capstone-layout/dataconnect\": could not find dataconnect.yaml in `/home/cs/Capstone/Capstone-layout/dataconnect`\nE1003 01:24:40.476020   10452 watch.go:116] watchAllDir unable to walk dir `/home/cs/Capstone/Capstone-layout/dataconnect`: lstat /home/cs/Capstone/Capstone-layout/dataconnect: no such file or directory\n"}}
[debug] [2026-10-03T05:24:50.212Z] E1003 01:24:50.211016   10452 watch.go:40] Failed to load config from "/home/cs/Capstone/Capstone-layout/dataconnect": could not find dataconnect.yaml in `/home/cs/Capstone/Capstone-layout/dataconnect`
 {"metadata":{"emulator":{"name":"dataconnect"},"message":"E1003 01:24:50.211016   10452 watch.go:40] Failed to load config from \"/home/cs/Capstone/Capstone-layout/dataconnect\": could not find dataconnect.yaml in `/home/cs/Capstone/Capstone-layout/dataconnect`\n"}}
[debug] [2026-10-03T05:25:00.218Z] E1003 01:25:00.218045   10452 watch.go:40] Failed to load config from "/home/cs/Capstone/Capstone-layout/dataconnect": could not find dataconnect.yaml in `/home/cs/Capstone/Capstone-layout/dataconnect`
 {"metadata":{"emulator":{"name":"dataconnect"},"message":"E1003 01:25:00.218045   10452 watch.go:40] Failed to load config from \"/home/cs/Capstone/Capstone-layout/dataconnect\": could not find dataconnect.yaml in `/home/cs/Capstone/Capstone-layout/dataconnect`\n"}}
[debug] [2026-10-03T05:25:10.246Z] E1003 01:25:10.246344   10452 watch.go:40] Failed to load config from "/home/cs/Capstone/Capstone-layout/dataconnect": could not find dataconnect.yaml in `/home/cs/Capstone/Capstone-layout/dataconnect`
 {"metadata":{"emulator":{"name":"dataconnect"},"message":"E1003 01:25:10.246344   10452 watch.go:40] Failed to load config from \"/home/cs/Capstone/Capstone-layout/dataconnect\": could not find dataconnect.yaml in `/home/cs/Capstone/Capstone-layout/dataconnect`\n"}}
[debug] [2026-10-03T05:25:20.203Z] E1003 01:25:20.202935   10452 watch.go:40] Failed to load config from "/home/cs/Capstone/Capstone-layout/dataconnect": could not find dataconnect.yaml in `/home/cs/Capstone/Capstone-layout/dataconnect`
 {"metadata":{"emulator":{"name":"dataconnect"},"message":"E1003 01:25:20.202935   10452 watch.go:40] Failed to load config from \"/home/cs/Capstone/Capstone-layout/dataconnect\": could not find dataconnect.yaml in `/home/cs/Capstone/Capstone-layout/dataconnect`\n"}}
[debug] [2026-10-03T05:25:30.210Z] E1003 01:25:30.210097   10452 watch.go:40] Failed to load config from "/home/cs/Capstone/Capstone-layout/dataconnect": could not find dataconnect.yaml in `/home/cs/Capstone/Capstone-layout/dataconnect`
 {"metadata":{"emulator":{"name":"dataconnect"},"message":"E1003 01:25:30.210097   10452 watch.go:40] Failed to load config from \"/home/cs/Capstone/Capstone-layout/dataconnect\": could not find dataconnect.yaml in `/home/cs/Capstone/Capstone-layout/dataconnect`\n"}}
[debug] [2026-10-03T05:25:40.198Z] E1003 01:25:40.198469   10452 watch.go:116] watchAllDir unable to walk dir `/home/cs/Capstone/Capstone-layout/dataconnect`: lstat /home/cs/Capstone/Capstone-layout/dataconnect: no such file or directory
E1003 01:25:40.198516   10452 watch.go:40] Failed to load config from "/home/cs/Capstone/Capstone-layout/dataconnect": could not find dataconnect.yaml in `/home/cs/Capstone/Capstone-layout/dataconnect`
 {"metadata":{"emulator":{"name":"dataconnect"},"message":"E1003 01:25:40.198469   10452 watch.go:116] watchAllDir unable to walk dir `/home/cs/Capstone/Capstone-layout/dataconnect`: lstat /home/cs/Capstone/Capstone-layout/dataconnect: no such file or directory\nE1003 01:25:40.198516   10452 watch.go:40] Failed to load config from \"/home/cs/Capstone/Capstone-layout/dataconnect\": could not find dataconnect.yaml in `/home/cs/Capstone/Capstone-layout/dataconnect`\n"}}
[debug] [2026-10-03T05:25:50.209Z] E1003 01:25:50.209655   10452 watch.go:40] Failed to load config from "/home/cs/Capstone/Capstone-layout/dataconnect": could not find dataconnect.yaml in `/home/cs/Capstone/Capstone-layout/dataconnect`
 {"metadata":{"emulator":{"name":"dataconnect"},"message":"E1003 01:25:50.209655   10452 watch.go:40] Failed to load config from \"/home/cs/Capstone/Capstone-layout/dataconnect\": could not find dataconnect.yaml in `/home/cs/Capstone/Capstone-layout/dataconnect`\n"}}
[debug] [2026-10-03T05:26:00.200Z] E1003 01:26:00.200083   10452 watch.go:40] Failed to load config from "/home/cs/Capstone/Capstone-layout/dataconnect": could not find dataconnect.yaml in `/home/cs/Capstone/Capstone-layout/dataconnect`
 {"metadata":{"emulator":{"name":"dataconnect"},"message":"E1003 01:26:00.200083   10452 watch.go:40] Failed to load config from \"/home/cs/Capstone/Capstone-layout/dataconnect\": could not find dataconnect.yaml in `/home/cs/Capstone/Capstone-layout/dataconnect`\n"}}
[debug] [2026-10-03T05:26:10.192Z] E1003 01:26:10.192122   10452 watch.go:40] Failed to load config from "/home/cs/Capstone/Capstone-layout/dataconnect": could not find dataconnect.yaml in `/home/cs/Capstone/Capstone-layout/dataconnect`
 {"metadata":{"emulator":{"name":"dataconnect"},"message":"E1003 01:26:10.192122   10452 watch.go:40] Failed to load config from \"/home/cs/Capstone/Capstone-layout/dataconnect\": could not find dataconnect.yaml in `/home/cs/Capstone/Capstone-layout/dataconnect`\n"}}
[debug] [2026-10-03T05:26:20.220Z] E1003 01:26:20.220081   10452 watch.go:40] Failed to load config from "/home/cs/Capstone/Capstone-layout/dataconnect": could not find dataconnect.yaml in `/home/cs/Capstone/Capstone-layout/dataconnect`
 {"metadata":{"emulator":{"name":"dataconnect"},"message":"E1003 01:26:20.220081   10452 watch.go:40] Failed to load config from \"/home/cs/Capstone/Capstone-layout/dataconnect\": could not find dataconnect.yaml in `/home/cs/Capstone/Capstone-layout/dataconnect`\n"}}
[debug] [2026-10-03T05:26:30.199Z] E1003 01:26:30.198889   10452 watch.go:40] Failed to load config from "/home/cs/Capstone/Capstone-layout/dataconnect": could not find dataconnect.yaml in `/home/cs/Capstone/Capstone-layout/dataconnect`
 {"metadata":{"emulator":{"name":"dataconnect"},"message":"E1003 01:26:30.198889   10452 watch.go:40] Failed to load config from \"/home/cs/Capstone/Capstone-layout/dataconnect\": could not find dataconnect.yaml in `/home/cs/Capstone/Capstone-layout/dataconnect`\n"}}
[debug] [2026-10-03T05:26:40.230Z] E1003 01:26:40.228429   10452 watch.go:40] Failed to load config from "/home/cs/Capstone/Capstone-layout/dataconnect": could not find dataconnect.yaml in `/home/cs/Capstone/Capstone-layout/dataconnect`
E1003 01:26:40.229115   10452 watch.go:116] watchAllDir unable to walk dir `/home/cs/Capstone/Capstone-layout/dataconnect`: lstat /home/cs/Capstone/Capstone-layout/dataconnect: no such file or directory
 {"metadata":{"emulator":{"name":"dataconnect"},"message":"E1003 01:26:40.228429   10452 watch.go:40] Failed to load config from \"/home/cs/Capstone/Capstone-layout/dataconnect\": could not find dataconnect.yaml in `/home/cs/Capstone/Capstone-layout/dataconnect`\nE1003 01:26:40.229115   10452 watch.go:116] watchAllDir unable to walk dir `/home/cs/Capstone/Capstone-layout/dataconnect`: lstat /home/cs/Capstone/Capstone-layout/dataconnect: no such file or directory\n"}}
[debug] [2026-10-03T05:26:50.219Z] E1003 01:26:50.219090   10452 watch.go:40] Failed to load config from "/home/cs/Capstone/Capstone-layout/dataconnect": could not find dataconnect.yaml in `/home/cs/Capstone/Capstone-layout/dataconnect`
 {"metadata":{"emulator":{"name":"dataconnect"},"message":"E1003 01:26:50.219090   10452 watch.go:40] Failed to load config from \"/home/cs/Capstone/Capstone-layout/dataconnect\": could not find dataconnect.yaml in `/home/cs/Capstone/Capstone-layout/dataconnect`\n"}}
[debug] [2026-10-03T05:27:00.254Z] E1003 01:27:00.253412   10452 watch.go:40] Failed to load config from "/home/cs/Capstone/Capstone-layout/dataconnect": could not find dataconnect.yaml in `/home/cs/Capstone/Capstone-layout/dataconnect`
 {"metadata":{"emulator":{"name":"dataconnect"},"message":"E1003 01:27:00.253412   10452 watch.go:40] Failed to load config from \"/home/cs/Capstone/Capstone-layout/dataconnect\": could not find dataconnect.yaml in `/home/cs/Capstone/Capstone-layout/dataconnect`\n"}}
[debug] [2026-10-03T05:27:10.189Z] E1003 01:27:10.189767   10452 watch.go:40] Failed to load config from "/home/cs/Capstone/Capstone-layout/dataconnect": could not find dataconnect.yaml in `/home/cs/Capstone/Capstone-layout/dataconnect`
 {"metadata":{"emulator":{"name":"dataconnect"},"message":"E1003 01:27:10.189767   10452 watch.go:40] Failed to load config from \"/home/cs/Capstone/Capstone-layout/dataconnect\": could not find dataconnect.yaml in `/home/cs/Capstone/Capstone-layout/dataconnect`\n"}}
[debug] [2026-10-03T05:27:20.199Z] E1003 01:27:20.199510   10452 watch.go:40] Failed to load config from "/home/cs/Capstone/Capstone-layout/dataconnect": could not find dataconnect.yaml in `/home/cs/Capstone/Capstone-layout/dataconnect`
 {"metadata":{"emulator":{"name":"dataconnect"},"message":"E1003 01:27:20.199510   10452 watch.go:40] Failed to load config from \"/home/cs/Capstone/Capstone-layout/dataconnect\": could not find dataconnect.yaml in `/home/cs/Capstone/Capstone-layout/dataconnect`\n"}}
[debug] [2026-10-03T05:27:30.194Z] E1003 01:27:30.194459   10452 watch.go:40] Failed to load config from "/home/cs/Capstone/Capstone-layout/dataconnect": could not find dataconnect.yaml in `/home/cs/Capstone/Capstone-layout/dataconnect`
 {"metadata":{"emulator":{"name":"dataconnect"},"message":"E1003 01:27:30.194459   10452 watch.go:40] Failed to load config from \"/home/cs/Capstone/Capstone-layout/dataconnect\": could not find dataconnect.yaml in `/home/cs/Capstone/Capstone-layout/dataconnect`\n"}}
[debug] [2026-10-03T05:27:40.212Z] E1003 01:27:40.212327   10452 watch.go:40] Failed to load config from "/home/cs/Capstone/Capstone-layout/dataconnect": could not find dataconnect.yaml in `/home/cs/Capstone/Capstone-layout/dataconnect`
E1003 01:27:40.212565   10452 watch.go:116] watchAllDir unable to walk dir `/home/cs/Capstone/Capstone-layout/dataconnect`: lstat /home/cs/Capstone/Capstone-layout/dataconnect: no such file or directory
 {"metadata":{"emulator":{"name":"dataconnect"},"message":"E1003 01:27:40.212327   10452 watch.go:40] Failed to load config from \"/home/cs/Capstone/Capstone-layout/dataconnect\": could not find dataconnect.yaml in `/home/cs/Capstone/Capstone-layout/dataconnect`\nE1003 01:27:40.212565   10452 watch.go:116] watchAllDir unable to walk dir `/home/cs/Capstone/Capstone-layout/dataconnect`: lstat /home/cs/Capstone/Capstone-layout/dataconnect: no such file or directory\n"}}
[debug] [2026-10-03T05:27:50.189Z] E1003 01:27:50.189431   10452 watch.go:40] Failed to load config from "/home/cs/Capstone/Capstone-layout/dataconnect": could not find dataconnect.yaml in `/home/cs/Capstone/Capstone-layout/dataconnect`
 {"metadata":{"emulator":{"name":"dataconnect"},"message":"E1003 01:27:50.189431   10452 watch.go:40] Failed to load config from \"/home/cs/Capstone/Capstone-layout/dataconnect\": could not find dataconnect.yaml in `/home/cs/Capstone/Capstone-layout/dataconnect`\n"}}
[debug] [2026-10-03T05:28:00.364Z] E1003 01:28:00.364111   10452 watch.go:40] Failed to load config from "/home/cs/Capstone/Capstone-layout/dataconnect": could not find dataconnect.yaml in `/home/cs/Capstone/Capstone-layout/dataconnect`
 {"metadata":{"emulator":{"name":"dataconnect"},"message":"E1003 01:28:00.364111   10452 watch.go:40] Failed to load config from \"/home/cs/Capstone/Capstone-layout/dataconnect\": could not find dataconnect.yaml in `/home/cs/Capstone/Capstone-layout/dataconnect`\n"}}
[debug] [2026-10-03T05:28:10.191Z] E1003 01:28:10.190421   10452 watch.go:40] Failed to load config from "/home/cs/Capstone/Capstone-layout/dataconnect": could not find dataconnect.yaml in `/home/cs/Capstone/Capstone-layout/dataconnect`
 {"metadata":{"emulator":{"name":"dataconnect"},"message":"E1003 01:28:10.190421   10452 watch.go:40] Failed to load config from \"/home/cs/Capstone/Capstone-layout/dataconnect\": could not find dataconnect.yaml in `/home/cs/Capstone/Capstone-layout/dataconnect`\n"}}
[debug] [2026-10-03T05:28:20.199Z] E1003 01:28:20.198884   10452 watch.go:40] Failed to load config from "/home/cs/Capstone/Capstone-layout/dataconnect": could not find dataconnect.yaml in `/home/cs/Capstone/Capstone-layout/dataconnect`
 {"metadata":{"emulator":{"name":"dataconnect"},"message":"E1003 01:28:20.198884   10452 watch.go:40] Failed to load config from \"/home/cs/Capstone/Capstone-layout/dataconnect\": could not find dataconnect.yaml in `/home/cs/Capstone/Capstone-layout/dataconnect`\n"}}
[debug] [2026-10-03T05:28:30.199Z] E1003 01:28:30.198920   10452 watch.go:40] Failed to load config from "/home/cs/Capstone/Capstone-layout/dataconnect": could not find dataconnect.yaml in `/home/cs/Capstone/Capstone-layout/dataconnect`
 {"metadata":{"emulator":{"name":"dataconnect"},"message":"E1003 01:28:30.198920   10452 watch.go:40] Failed to load config from \"/home/cs/Capstone/Capstone-layout/dataconnect\": could not find dataconnect.yaml in `/home/cs/Capstone/Capstone-layout/dataconnect`\n"}}
[debug] [2026-10-03T05:28:40.250Z] E1003 01:28:40.250266   10452 watch.go:40] Failed to load config from "/home/cs/Capstone/Capstone-layout/dataconnect": could not find dataconnect.yaml in `/home/cs/Capstone/Capstone-layout/dataconnect`
E1003 01:28:40.250209   10452 watch.go:116] watchAllDir unable to walk dir `/home/cs/Capstone/Capstone-layout/dataconnect`: lstat /home/cs/Capstone/Capstone-layout/dataconnect: no such file or directory
 {"metadata":{"emulator":{"name":"dataconnect"},"message":"E1003 01:28:40.250266   10452 watch.go:40] Failed to load config from \"/home/cs/Capstone/Capstone-layout/dataconnect\": could not find dataconnect.yaml in `/home/cs/Capstone/Capstone-layout/dataconnect`\nE1003 01:28:40.250209   10452 watch.go:116] watchAllDir unable to walk dir `/home/cs/Capstone/Capstone-layout/dataconnect`: lstat /home/cs/Capstone/Capstone-layout/dataconnect: no such file or directory\n"}}
[debug] [2026-10-03T05:28:50.191Z] E1003 01:28:50.191105   10452 watch.go:40] Failed to load config from "/home/cs/Capstone/Capstone-layout/dataconnect": could not find dataconnect.yaml in `/home/cs/Capstone/Capstone-layout/dataconnect`
 {"metadata":{"emulator":{"name":"dataconnect"},"message":"E1003 01:28:50.191105   10452 watch.go:40] Failed to load config from \"/home/cs/Capstone/Capstone-layout/dataconnect\": could not find dataconnect.yaml in `/home/cs/Capstone/Capstone-layout/dataconnect`\n"}}
[debug] [2026-10-03T05:29:00.267Z] E1003 01:29:00.267178   10452 watch.go:40] Failed to load config from "/home/cs/Capstone/Capstone-layout/dataconnect": could not find dataconnect.yaml in `/home/cs/Capstone/Capstone-layout/dataconnect`
 {"metadata":{"emulator":{"name":"dataconnect"},"message":"E1003 01:29:00.267178   10452 watch.go:40] Failed to load config from \"/home/cs/Capstone/Capstone-layout/dataconnect\": could not find dataconnect.yaml in `/home/cs/Capstone/Capstone-layout/dataconnect`\n"}}
[debug] [2026-10-03T05:29:10.262Z] E1003 01:29:10.261938   10452 watch.go:40] Failed to load config from "/home/cs/Capstone/Capstone-layout/dataconnect": could not find dataconnect.yaml in `/home/cs/Capstone/Capstone-layout/dataconnect`
 {"metadata":{"emulator":{"name":"dataconnect"},"message":"E1003 01:29:10.261938   10452 watch.go:40] Failed to load config from \"/home/cs/Capstone/Capstone-layout/dataconnect\": could not find dataconnect.yaml in `/home/cs/Capstone/Capstone-layout/dataconnect`\n"}}
[debug] [2026-10-03T05:29:20.190Z] E1003 01:29:20.190195   10452 watch.go:40] Failed to load config from "/home/cs/Capstone/Capstone-layout/dataconnect": could not find dataconnect.yaml in `/home/cs/Capstone/Capstone-layout/dataconnect`
 {"metadata":{"emulator":{"name":"dataconnect"},"message":"E1003 01:29:20.190195   10452 watch.go:40] Failed to load config from \"/home/cs/Capstone/Capstone-layout/dataconnect\": could not find dataconnect.yaml in `/home/cs/Capstone/Capstone-layout/dataconnect`\n"}}
[debug] [2026-10-03T05:29:30.200Z] E1003 01:29:30.199998   10452 watch.go:40] Failed to load config from "/home/cs/Capstone/Capstone-layout/dataconnect": could not find dataconnect.yaml in `/home/cs/Capstone/Capstone-layout/dataconnect`
 {"metadata":{"emulator":{"name":"dataconnect"},"message":"E1003 01:29:30.199998   10452 watch.go:40] Failed to load config from \"/home/cs/Capstone/Capstone-layout/dataconnect\": could not find dataconnect.yaml in `/home/cs/Capstone/Capstone-layout/dataconnect`\n"}}
[debug] [2026-10-03T05:29:40.191Z] E1003 01:29:40.191025   10452 watch.go:116] watchAllDir unable to walk dir `/home/cs/Capstone/Capstone-layout/dataconnect`: lstat /home/cs/Capstone/Capstone-layout/dataconnect: no such file or directory
E1003 01:29:40.191097   10452 watch.go:40] Failed to load config from "/home/cs/Capstone/Capstone-layout/dataconnect": could not find dataconnect.yaml in `/home/cs/Capstone/Capstone-layout/dataconnect`
 {"metadata":{"emulator":{"name":"dataconnect"},"message":"E1003 01:29:40.191025   10452 watch.go:116] watchAllDir unable to walk dir `/home/cs/Capstone/Capstone-layout/dataconnect`: lstat /home/cs/Capstone/Capstone-layout/dataconnect: no such file or directory\nE1003 01:29:40.191097   10452 watch.go:40] Failed to load config from \"/home/cs/Capstone/Capstone-layout/dataconnect\": could not find dataconnect.yaml in `/home/cs/Capstone/Capstone-layout/dataconnect`\n"}}
[debug] [2026-10-03T05:29:50.197Z] E1003 01:29:50.196851   10452 watch.go:40] Failed to load config from "/home/cs/Capstone/Capstone-layout/dataconnect": could not find dataconnect.yaml in `/home/cs/Capstone/Capstone-layout/dataconnect`
 {"metadata":{"emulator":{"name":"dataconnect"},"message":"E1003 01:29:50.196851   10452 watch.go:40] Failed to load config from \"/home/cs/Capstone/Capstone-layout/dataconnect\": could not find dataconnect.yaml in `/home/cs/Capstone/Capstone-layout/dataconnect`\n"}}
[debug] [2026-10-03T05:30:00.209Z] E1003 01:30:00.209373   10452 watch.go:40] Failed to load config from "/home/cs/Capstone/Capstone-layout/dataconnect": could not find dataconnect.yaml in `/home/cs/Capstone/Capstone-layout/dataconnect`
 {"metadata":{"emulator":{"name":"dataconnect"},"message":"E1003 01:30:00.209373   10452 watch.go:40] Failed to load config from \"/home/cs/Capstone/Capstone-layout/dataconnect\": could not find dataconnect.yaml in `/home/cs/Capstone/Capstone-layout/dataconnect`\n"}}
[debug] [2026-10-03T05:30:10.192Z] E1003 01:30:10.191204   10452 watch.go:40] Failed to load config from "/home/cs/Capstone/Capstone-layout/dataconnect": could not find dataconnect.yaml in `/home/cs/Capstone/Capstone-layout/dataconnect`
 {"metadata":{"emulator":{"name":"dataconnect"},"message":"E1003 01:30:10.191204   10452 watch.go:40] Failed to load config from \"/home/cs/Capstone/Capstone-layout/dataconnect\": could not find dataconnect.yaml in `/home/cs/Capstone/Capstone-layout/dataconnect`\n"}}
[debug] [2026-10-03T05:30:20.197Z] E1003 01:30:20.196870   10452 watch.go:40] Failed to load config from "/home/cs/Capstone/Capstone-layout/dataconnect": could not find dataconnect.yaml in `/home/cs/Capstone/Capstone-layout/dataconnect`
 {"metadata":{"emulator":{"name":"dataconnect"},"message":"E1003 01:30:20.196870   10452 watch.go:40] Failed to load config from \"/home/cs/Capstone/Capstone-layout/dataconnect\": could not find dataconnect.yaml in `/home/cs/Capstone/Capstone-layout/dataconnect`\n"}}
[debug] [2026-10-03T05:30:30.274Z] E1003 01:30:30.273537   10452 watch.go:40] Failed to load config from "/home/cs/Capstone/Capstone-layout/dataconnect": could not find dataconnect.yaml in `/home/cs/Capstone/Capstone-layout/dataconnect`
 {"metadata":{"emulator":{"name":"dataconnect"},"message":"E1003 01:30:30.273537   10452 watch.go:40] Failed to load config from \"/home/cs/Capstone/Capstone-layout/dataconnect\": could not find dataconnect.yaml in `/home/cs/Capstone/Capstone-layout/dataconnect`\n"}}
[debug] [2026-10-03T05:30:40.199Z] E1003 01:30:40.198959   10452 watch.go:116] watchAllDir unable to walk dir `/home/cs/Capstone/Capstone-layout/dataconnect`: lstat /home/cs/Capstone/Capstone-layout/dataconnect: no such file or directory
E1003 01:30:40.199049   10452 watch.go:40] Failed to load config from "/home/cs/Capstone/Capstone-layout/dataconnect": could not find dataconnect.yaml in `/home/cs/Capstone/Capstone-layout/dataconnect`
 {"metadata":{"emulator":{"name":"dataconnect"},"message":"E1003 01:30:40.198959   10452 watch.go:116] watchAllDir unable to walk dir `/home/cs/Capstone/Capstone-layout/dataconnect`: lstat /home/cs/Capstone/Capstone-layout/dataconnect: no such file or directory\nE1003 01:30:40.199049   10452 watch.go:40] Failed to load config from \"/home/cs/Capstone/Capstone-layout/dataconnect\": could not find dataconnect.yaml in `/home/cs/Capstone/Capstone-layout/dataconnect`\n"}}
[debug] [2026-10-03T05:30:50.190Z] E1003 01:30:50.190005   10452 watch.go:40] Failed to load config from "/home/cs/Capstone/Capstone-layout/dataconnect": could not find dataconnect.yaml in `/home/cs/Capstone/Capstone-layout/dataconnect`
 {"metadata":{"emulator":{"name":"dataconnect"},"message":"E1003 01:30:50.190005   10452 watch.go:40] Failed to load config from \"/home/cs/Capstone/Capstone-layout/dataconnect\": could not find dataconnect.yaml in `/home/cs/Capstone/Capstone-layout/dataconnect`\n"}}
[debug] [2026-10-03T05:31:00.257Z] E1003 01:31:00.257014   10452 watch.go:40] Failed to load config from "/home/cs/Capstone/Capstone-layout/dataconnect": could not find dataconnect.yaml in `/home/cs/Capstone/Capstone-layout/dataconnect`
 {"metadata":{"emulator":{"name":"dataconnect"},"message":"E1003 01:31:00.257014   10452 watch.go:40] Failed to load config from \"/home/cs/Capstone/Capstone-layout/dataconnect\": could not find dataconnect.yaml in `/home/cs/Capstone/Capstone-layout/dataconnect`\n"}}
[debug] [2026-10-03T05:31:10.191Z] E1003 01:31:10.191179   10452 watch.go:40] Failed to load config from "/home/cs/Capstone/Capstone-layout/dataconnect": could not find dataconnect.yaml in `/home/cs/Capstone/Capstone-layout/dataconnect`
 {"metadata":{"emulator":{"name":"dataconnect"},"message":"E1003 01:31:10.191179   10452 watch.go:40] Failed to load config from \"/home/cs/Capstone/Capstone-layout/dataconnect\": could not find dataconnect.yaml in `/home/cs/Capstone/Capstone-layout/dataconnect`\n"}}
[debug] [2026-10-03T05:31:20.192Z] E1003 01:31:20.192293   10452 watch.go:40] Failed to load config from "/home/cs/Capstone/Capstone-layout/dataconnect": could not find dataconnect.yaml in `/home/cs/Capstone/Capstone-layout/dataconnect`
 {"metadata":{"emulator":{"name":"dataconnect"},"message":"E1003 01:31:20.192293   10452 watch.go:40] Failed to load config from \"/home/cs/Capstone/Capstone-layout/dataconnect\": could not find dataconnect.yaml in `/home/cs/Capstone/Capstone-layout/dataconnect`\n"}}
[debug] [2026-10-03T05:31:30.189Z] E1003 01:31:30.189333   10452 watch.go:40] Failed to load config from "/home/cs/Capstone/Capstone-layout/dataconnect": could not find dataconnect.yaml in `/home/cs/Capstone/Capstone-layout/dataconnect`
 {"metadata":{"emulator":{"name":"dataconnect"},"message":"E1003 01:31:30.189333   10452 watch.go:40] Failed to load config from \"/home/cs/Capstone/Capstone-layout/dataconnect\": could not find dataconnect.yaml in `/home/cs/Capstone/Capstone-layout/dataconnect`\n"}}
[debug] [2026-10-03T05:31:40.231Z] E1003 01:31:40.230614   10452 watch.go:116] watchAllDir unable to walk dir `/home/cs/Capstone/Capstone-layout/dataconnect`: lstat /home/cs/Capstone/Capstone-layout/dataconnect: no such file or directory
E1003 01:31:40.230868   10452 watch.go:40] Failed to load config from "/home/cs/Capstone/Capstone-layout/dataconnect": could not find dataconnect.yaml in `/home/cs/Capstone/Capstone-layout/dataconnect`
 {"metadata":{"emulator":{"name":"dataconnect"},"message":"E1003 01:31:40.230614   10452 watch.go:116] watchAllDir unable to walk dir `/home/cs/Capstone/Capstone-layout/dataconnect`: lstat /home/cs/Capstone/Capstone-layout/dataconnect: no such file or directory\nE1003 01:31:40.230868   10452 watch.go:40] Failed to load config from \"/home/cs/Capstone/Capstone-layout/dataconnect\": could not find dataconnect.yaml in `/home/cs/Capstone/Capstone-layout/dataconnect`\n"}}
[debug] [2026-10-03T05:31:50.193Z] E1003 01:31:50.193200   10452 watch.go:40] Failed to load config from "/home/cs/Capstone/Capstone-layout/dataconnect": could not find dataconnect.yaml in `/home/cs/Capstone/Capstone-layout/dataconnect`
 {"metadata":{"emulator":{"name":"dataconnect"},"message":"E1003 01:31:50.193200   10452 watch.go:40] Failed to load config from \"/home/cs/Capstone/Capstone-layout/dataconnect\": could not find dataconnect.yaml in `/home/cs/Capstone/Capstone-layout/dataconnect`\n"}}
[debug] [2026-10-03T05:32:00.289Z] E1003 01:32:00.289156   10452 watch.go:40] Failed to load config from "/home/cs/Capstone/Capstone-layout/dataconnect": could not find dataconnect.yaml in `/home/cs/Capstone/Capstone-layout/dataconnect`
 {"metadata":{"emulator":{"name":"dataconnect"},"message":"E1003 01:32:00.289156   10452 watch.go:40] Failed to load config from \"/home/cs/Capstone/Capstone-layout/dataconnect\": could not find dataconnect.yaml in `/home/cs/Capstone/Capstone-layout/dataconnect`\n"}}
[debug] [2026-10-03T05:32:10.190Z] E1003 01:32:10.189830   10452 watch.go:40] Failed to load config from "/home/cs/Capstone/Capstone-layout/dataconnect": could not find dataconnect.yaml in `/home/cs/Capstone/Capstone-layout/dataconnect`
 {"metadata":{"emulator":{"name":"dataconnect"},"message":"E1003 01:32:10.189830   10452 watch.go:40] Failed to load config from \"/home/cs/Capstone/Capstone-layout/dataconnect\": could not find dataconnect.yaml in `/home/cs/Capstone/Capstone-layout/dataconnect`\n"}}
[debug] [2026-10-03T05:32:20.256Z] E1003 01:32:20.255718   10452 watch.go:40] Failed to load config from "/home/cs/Capstone/Capstone-layout/dataconnect": could not find dataconnect.yaml in `/home/cs/Capstone/Capstone-layout/dataconnect`
 {"metadata":{"emulator":{"name":"dataconnect"},"message":"E1003 01:32:20.255718   10452 watch.go:40] Failed to load config from \"/home/cs/Capstone/Capstone-layout/dataconnect\": could not find dataconnect.yaml in `/home/cs/Capstone/Capstone-layout/dataconnect`\n"}}
[debug] [2026-10-03T05:32:30.229Z] E1003 01:32:30.228733   10452 watch.go:40] Failed to load config from "/home/cs/Capstone/Capstone-layout/dataconnect": could not find dataconnect.yaml in `/home/cs/Capstone/Capstone-layout/dataconnect`
 {"metadata":{"emulator":{"name":"dataconnect"},"message":"E1003 01:32:30.228733   10452 watch.go:40] Failed to load config from \"/home/cs/Capstone/Capstone-layout/dataconnect\": could not find dataconnect.yaml in `/home/cs/Capstone/Capstone-layout/dataconnect`\n"}}
[debug] [2026-10-03T05:32:40.319Z] E1003 01:32:40.318347   10452 watch.go:116] watchAllDir unable to walk dir `/home/cs/Capstone/Capstone-layout/dataconnect`: lstat /home/cs/Capstone/Capstone-layout/dataconnect: no such file or directory
E1003 01:32:40.318740   10452 watch.go:40] Failed to load config from "/home/cs/Capstone/Capstone-layout/dataconnect": could not find dataconnect.yaml in `/home/cs/Capstone/Capstone-layout/dataconnect`
 {"metadata":{"emulator":{"name":"dataconnect"},"message":"E1003 01:32:40.318347   10452 watch.go:116] watchAllDir unable to walk dir `/home/cs/Capstone/Capstone-layout/dataconnect`: lstat /home/cs/Capstone/Capstone-layout/dataconnect: no such file or directory\nE1003 01:32:40.318740   10452 watch.go:40] Failed to load config from \"/home/cs/Capstone/Capstone-layout/dataconnect\": could not find dataconnect.yaml in `/home/cs/Capstone/Capstone-layout/dataconnect`\n"}}
[debug] [2026-10-03T05:32:50.556Z] E1003 01:32:50.555902   10452 watch.go:40] Failed to load config from "/home/cs/Capstone/Capstone-layout/dataconnect": could not find dataconnect.yaml in `/home/cs/Capstone/Capstone-layout/dataconnect`
 {"metadata":{"emulator":{"name":"dataconnect"},"message":"E1003 01:32:50.555902   10452 watch.go:40] Failed to load config from \"/home/cs/Capstone/Capstone-layout/dataconnect\": could not find dataconnect.yaml in `/home/cs/Capstone/Capstone-layout/dataconnect`\n"}}
[debug] [2026-10-03T05:33:00.276Z] E1003 01:33:00.275977   10452 watch.go:40] Failed to load config from "/home/cs/Capstone/Capstone-layout/dataconnect": could not find dataconnect.yaml in `/home/cs/Capstone/Capstone-layout/dataconnect`
 {"metadata":{"emulator":{"name":"dataconnect"},"message":"E1003 01:33:00.275977   10452 watch.go:40] Failed to load config from \"/home/cs/Capstone/Capstone-layout/dataconnect\": could not find dataconnect.yaml in `/home/cs/Capstone/Capstone-layout/dataconnect`\n"}}
[debug] [2026-10-03T05:33:10.209Z] E1003 01:33:10.209373   10452 watch.go:40] Failed to load config from "/home/cs/Capstone/Capstone-layout/dataconnect": could not find dataconnect.yaml in `/home/cs/Capstone/Capstone-layout/dataconnect`
 {"metadata":{"emulator":{"name":"dataconnect"},"message":"E1003 01:33:10.209373   10452 watch.go:40] Failed to load config from \"/home/cs/Capstone/Capstone-layout/dataconnect\": could not find dataconnect.yaml in `/home/cs/Capstone/Capstone-layout/dataconnect`\n"}}
[debug] [2026-10-03T05:33:20.195Z] E1003 01:33:20.195516   10452 watch.go:40] Failed to load config from "/home/cs/Capstone/Capstone-layout/dataconnect": could not find dataconnect.yaml in `/home/cs/Capstone/Capstone-layout/dataconnect`
 {"metadata":{"emulator":{"name":"dataconnect"},"message":"E1003 01:33:20.195516   10452 watch.go:40] Failed to load config from \"/home/cs/Capstone/Capstone-layout/dataconnect\": could not find dataconnect.yaml in `/home/cs/Capstone/Capstone-layout/dataconnect`\n"}}
[debug] [2026-10-03T05:33:30.190Z] E1003 01:33:30.190389   10452 watch.go:40] Failed to load config from "/home/cs/Capstone/Capstone-layout/dataconnect": could not find dataconnect.yaml in `/home/cs/Capstone/Capstone-layout/dataconnect`
 {"metadata":{"emulator":{"name":"dataconnect"},"message":"E1003 01:33:30.190389   10452 watch.go:40] Failed to load config from \"/home/cs/Capstone/Capstone-layout/dataconnect\": could not find dataconnect.yaml in `/home/cs/Capstone/Capstone-layout/dataconnect`\n"}}
[debug] [2026-10-03T05:33:40.189Z] E1003 01:33:40.189374   10452 watch.go:40] Failed to load config from "/home/cs/Capstone/Capstone-layout/dataconnect": could not find dataconnect.yaml in `/home/cs/Capstone/Capstone-layout/dataconnect`
E1003 01:33:40.189374   10452 watch.go:116] watchAllDir unable to walk dir `/home/cs/Capstone/Capstone-layout/dataconnect`: lstat /home/cs/Capstone/Capstone-layout/dataconnect: no such file or directory
 {"metadata":{"emulator":{"name":"dataconnect"},"message":"E1003 01:33:40.189374   10452 watch.go:40] Failed to load config from \"/home/cs/Capstone/Capstone-layout/dataconnect\": could not find dataconnect.yaml in `/home/cs/Capstone/Capstone-layout/dataconnect`\nE1003 01:33:40.189374   10452 watch.go:116] watchAllDir unable to walk dir `/home/cs/Capstone/Capstone-layout/dataconnect`: lstat /home/cs/Capstone/Capstone-layout/dataconnect: no such file or directory\n"}}
[debug] [2026-10-03T05:33:50.198Z] E1003 01:33:50.198070   10452 watch.go:40] Failed to load config from "/home/cs/Capstone/Capstone-layout/dataconnect": could not find dataconnect.yaml in `/home/cs/Capstone/Capstone-layout/dataconnect`
 {"metadata":{"emulator":{"name":"dataconnect"},"message":"E1003 01:33:50.198070   10452 watch.go:40] Failed to load config from \"/home/cs/Capstone/Capstone-layout/dataconnect\": could not find dataconnect.yaml in `/home/cs/Capstone/Capstone-layout/dataconnect`\n"}}
[debug] [2026-10-03T05:34:00.418Z] E1003 01:34:00.418165   10452 watch.go:40] Failed to load config from "/home/cs/Capstone/Capstone-layout/dataconnect": could not find dataconnect.yaml in `/home/cs/Capstone/Capstone-layout/dataconnect`
 {"metadata":{"emulator":{"name":"dataconnect"},"message":"E1003 01:34:00.418165   10452 watch.go:40] Failed to load config from \"/home/cs/Capstone/Capstone-layout/dataconnect\": could not find dataconnect.yaml in `/home/cs/Capstone/Capstone-layout/dataconnect`\n"}}
[debug] [2026-10-03T05:34:10.205Z] E1003 01:34:10.204834   10452 watch.go:40] Failed to load config from "/home/cs/Capstone/Capstone-layout/dataconnect": could not find dataconnect.yaml in `/home/cs/Capstone/Capstone-layout/dataconnect`
 {"metadata":{"emulator":{"name":"dataconnect"},"message":"E1003 01:34:10.204834   10452 watch.go:40] Failed to load config from \"/home/cs/Capstone/Capstone-layout/dataconnect\": could not find dataconnect.yaml in `/home/cs/Capstone/Capstone-layout/dataconnect`\n"}}
[debug] [2026-10-03T05:34:20.196Z] E1003 01:34:20.196373   10452 watch.go:40] Failed to load config from "/home/cs/Capstone/Capstone-layout/dataconnect": could not find dataconnect.yaml in `/home/cs/Capstone/Capstone-layout/dataconnect`
 {"metadata":{"emulator":{"name":"dataconnect"},"message":"E1003 01:34:20.196373   10452 watch.go:40] Failed to load config from \"/home/cs/Capstone/Capstone-layout/dataconnect\": could not find dataconnect.yaml in `/home/cs/Capstone/Capstone-layout/dataconnect`\n"}}
[debug] [2026-10-03T05:34:30.190Z] E1003 01:34:30.189633   10452 watch.go:40] Failed to load config from "/home/cs/Capstone/Capstone-layout/dataconnect": could not find dataconnect.yaml in `/home/cs/Capstone/Capstone-layout/dataconnect`
 {"metadata":{"emulator":{"name":"dataconnect"},"message":"E1003 01:34:30.189633   10452 watch.go:40] Failed to load config from \"/home/cs/Capstone/Capstone-layout/dataconnect\": could not find dataconnect.yaml in `/home/cs/Capstone/Capstone-layout/dataconnect`\n"}}
[debug] [2026-10-03T05:34:40.190Z] E1003 01:34:40.189894   10452 watch.go:116] watchAllDir unable to walk dir `/home/cs/Capstone/Capstone-layout/dataconnect`: lstat /home/cs/Capstone/Capstone-layout/dataconnect: no such file or directory
E1003 01:34:40.189916   10452 watch.go:40] Failed to load config from "/home/cs/Capstone/Capstone-layout/dataconnect": could not find dataconnect.yaml in `/home/cs/Capstone/Capstone-layout/dataconnect`
 {"metadata":{"emulator":{"name":"dataconnect"},"message":"E1003 01:34:40.189894   10452 watch.go:116] watchAllDir unable to walk dir `/home/cs/Capstone/Capstone-layout/dataconnect`: lstat /home/cs/Capstone/Capstone-layout/dataconnect: no such file or directory\nE1003 01:34:40.189916   10452 watch.go:40] Failed to load config from \"/home/cs/Capstone/Capstone-layout/dataconnect\": could not find dataconnect.yaml in `/home/cs/Capstone/Capstone-layout/dataconnect`\n"}}
[debug] [2026-10-03T05:34:50.200Z] E1003 01:34:50.199923   10452 watch.go:40] Failed to load config from "/home/cs/Capstone/Capstone-layout/dataconnect": could not find dataconnect.yaml in `/home/cs/Capstone/Capstone-layout/dataconnect`
 {"metadata":{"emulator":{"name":"dataconnect"},"message":"E1003 01:34:50.199923   10452 watch.go:40] Failed to load config from \"/home/cs/Capstone/Capstone-layout/dataconnect\": could not find dataconnect.yaml in `/home/cs/Capstone/Capstone-layout/dataconnect`\n"}}
[debug] [2026-10-03T05:35:00.205Z] E1003 01:35:00.205017   10452 watch.go:40] Failed to load config from "/home/cs/Capstone/Capstone-layout/dataconnect": could not find dataconnect.yaml in `/home/cs/Capstone/Capstone-layout/dataconnect`
 {"metadata":{"emulator":{"name":"dataconnect"},"message":"E1003 01:35:00.205017   10452 watch.go:40] Failed to load config from \"/home/cs/Capstone/Capstone-layout/dataconnect\": could not find dataconnect.yaml in `/home/cs/Capstone/Capstone-layout/dataconnect`\n"}}
[debug] [2026-10-03T05:35:10.200Z] E1003 01:35:10.199987   10452 watch.go:40] Failed to load config from "/home/cs/Capstone/Capstone-layout/dataconnect": could not find dataconnect.yaml in `/home/cs/Capstone/Capstone-layout/dataconnect`
 {"metadata":{"emulator":{"name":"dataconnect"},"message":"E1003 01:35:10.199987   10452 watch.go:40] Failed to load config from \"/home/cs/Capstone/Capstone-layout/dataconnect\": could not find dataconnect.yaml in `/home/cs/Capstone/Capstone-layout/dataconnect`\n"}}
[debug] [2026-10-03T05:35:20.207Z] E1003 01:35:20.205974   10452 watch.go:40] Failed to load config from "/home/cs/Capstone/Capstone-layout/dataconnect": could not find dataconnect.yaml in `/home/cs/Capstone/Capstone-layout/dataconnect`
 {"metadata":{"emulator":{"name":"dataconnect"},"message":"E1003 01:35:20.205974   10452 watch.go:40] Failed to load config from \"/home/cs/Capstone/Capstone-layout/dataconnect\": could not find dataconnect.yaml in `/home/cs/Capstone/Capstone-layout/dataconnect`\n"}}
[debug] [2026-10-03T05:35:30.190Z] E1003 01:35:30.189694   10452 watch.go:40] Failed to load config from "/home/cs/Capstone/Capstone-layout/dataconnect": could not find dataconnect.yaml in `/home/cs/Capstone/Capstone-layout/dataconnect`
 {"metadata":{"emulator":{"name":"dataconnect"},"message":"E1003 01:35:30.189694   10452 watch.go:40] Failed to load config from \"/home/cs/Capstone/Capstone-layout/dataconnect\": could not find dataconnect.yaml in `/home/cs/Capstone/Capstone-layout/dataconnect`\n"}}
[debug] [2026-10-03T05:35:40.189Z] E1003 01:35:40.189327   10452 watch.go:116] watchAllDir unable to walk dir `/home/cs/Capstone/Capstone-layout/dataconnect`: lstat /home/cs/Capstone/Capstone-layout/dataconnect: no such file or directory
E1003 01:35:40.189409   10452 watch.go:40] Failed to load config from "/home/cs/Capstone/Capstone-layout/dataconnect": could not find dataconnect.yaml in `/home/cs/Capstone/Capstone-layout/dataconnect`
 {"metadata":{"emulator":{"name":"dataconnect"},"message":"E1003 01:35:40.189327   10452 watch.go:116] watchAllDir unable to walk dir `/home/cs/Capstone/Capstone-layout/dataconnect`: lstat /home/cs/Capstone/Capstone-layout/dataconnect: no such file or directory\nE1003 01:35:40.189409   10452 watch.go:40] Failed to load config from \"/home/cs/Capstone/Capstone-layout/dataconnect\": could not find dataconnect.yaml in `/home/cs/Capstone/Capstone-layout/dataconnect`\n"}}
[debug] [2026-10-03T05:35:50.320Z] E1003 01:35:50.320013   10452 watch.go:40] Failed to load config from "/home/cs/Capstone/Capstone-layout/dataconnect": could not find dataconnect.yaml in `/home/cs/Capstone/Capstone-layout/dataconnect`
 {"metadata":{"emulator":{"name":"dataconnect"},"message":"E1003 01:35:50.320013   10452 watch.go:40] Failed to load config from \"/home/cs/Capstone/Capstone-layout/dataconnect\": could not find dataconnect.yaml in `/home/cs/Capstone/Capstone-layout/dataconnect`\n"}}
[debug] [2026-10-03T05:36:00.684Z] E1003 01:36:00.684154   10452 watch.go:40] Failed to load config from "/home/cs/Capstone/Capstone-layout/dataconnect": could not find dataconnect.yaml in `/home/cs/Capstone/Capstone-layout/dataconnect`
 {"metadata":{"emulator":{"name":"dataconnect"},"message":"E1003 01:36:00.684154   10452 watch.go:40] Failed to load config from \"/home/cs/Capstone/Capstone-layout/dataconnect\": could not find dataconnect.yaml in `/home/cs/Capstone/Capstone-layout/dataconnect`\n"}}
[debug] [2026-10-03T05:36:10.189Z] E1003 01:36:10.189842   10452 watch.go:40] Failed to load config from "/home/cs/Capstone/Capstone-layout/dataconnect": could not find dataconnect.yaml in `/home/cs/Capstone/Capstone-layout/dataconnect`
 {"metadata":{"emulator":{"name":"dataconnect"},"message":"E1003 01:36:10.189842   10452 watch.go:40] Failed to load config from \"/home/cs/Capstone/Capstone-layout/dataconnect\": could not find dataconnect.yaml in `/home/cs/Capstone/Capstone-layout/dataconnect`\n"}}
[debug] [2026-10-03T05:36:20.200Z] E1003 01:36:20.200270   10452 watch.go:40] Failed to load config from "/home/cs/Capstone/Capstone-layout/dataconnect": could not find dataconnect.yaml in `/home/cs/Capstone/Capstone-layout/dataconnect`
 {"metadata":{"emulator":{"name":"dataconnect"},"message":"E1003 01:36:20.200270   10452 watch.go:40] Failed to load config from \"/home/cs/Capstone/Capstone-layout/dataconnect\": could not find dataconnect.yaml in `/home/cs/Capstone/Capstone-layout/dataconnect`\n"}}
[debug] [2026-10-03T05:36:30.204Z] E1003 01:36:30.204382   10452 watch.go:40] Failed to load config from "/home/cs/Capstone/Capstone-layout/dataconnect": could not find dataconnect.yaml in `/home/cs/Capstone/Capstone-layout/dataconnect`
 {"metadata":{"emulator":{"name":"dataconnect"},"message":"E1003 01:36:30.204382   10452 watch.go:40] Failed to load config from \"/home/cs/Capstone/Capstone-layout/dataconnect\": could not find dataconnect.yaml in `/home/cs/Capstone/Capstone-layout/dataconnect`\n"}}
[debug] [2026-10-03T05:36:40.210Z] E1003 01:36:40.210348   10452 watch.go:116] watchAllDir unable to walk dir `/home/cs/Capstone/Capstone-layout/dataconnect`: lstat /home/cs/Capstone/Capstone-layout/dataconnect: no such file or directory
E1003 01:36:40.210369   10452 watch.go:40] Failed to load config from "/home/cs/Capstone/Capstone-layout/dataconnect": could not find dataconnect.yaml in `/home/cs/Capstone/Capstone-layout/dataconnect`
 {"metadata":{"emulator":{"name":"dataconnect"},"message":"E1003 01:36:40.210348   10452 watch.go:116] watchAllDir unable to walk dir `/home/cs/Capstone/Capstone-layout/dataconnect`: lstat /home/cs/Capstone/Capstone-layout/dataconnect: no such file or directory\nE1003 01:36:40.210369   10452 watch.go:40] Failed to load config from \"/home/cs/Capstone/Capstone-layout/dataconnect\": could not find dataconnect.yaml in `/home/cs/Capstone/Capstone-layout/dataconnect`\n"}}
[debug] [2026-10-03T05:36:50.191Z] E1003 01:36:50.191676   10452 watch.go:40] Failed to load config from "/home/cs/Capstone/Capstone-layout/dataconnect": could not find dataconnect.yaml in `/home/cs/Capstone/Capstone-layout/dataconnect`
 {"metadata":{"emulator":{"name":"dataconnect"},"message":"E1003 01:36:50.191676   10452 watch.go:40] Failed to load config from \"/home/cs/Capstone/Capstone-layout/dataconnect\": could not find dataconnect.yaml in `/home/cs/Capstone/Capstone-layout/dataconnect`\n"}}
[debug] [2026-10-03T05:37:00.200Z] E1003 01:37:00.200051   10452 watch.go:40] Failed to load config from "/home/cs/Capstone/Capstone-layout/dataconnect": could not find dataconnect.yaml in `/home/cs/Capstone/Capstone-layout/dataconnect`
 {"metadata":{"emulator":{"name":"dataconnect"},"message":"E1003 01:37:00.200051   10452 watch.go:40] Failed to load config from \"/home/cs/Capstone/Capstone-layout/dataconnect\": could not find dataconnect.yaml in `/home/cs/Capstone/Capstone-layout/dataconnect`\n"}}
[debug] [2026-10-03T05:37:10.214Z] E1003 01:37:10.214328   10452 watch.go:40] Failed to load config from "/home/cs/Capstone/Capstone-layout/dataconnect": could not find dataconnect.yaml in `/home/cs/Capstone/Capstone-layout/dataconnect`
 {"metadata":{"emulator":{"name":"dataconnect"},"message":"E1003 01:37:10.214328   10452 watch.go:40] Failed to load config from \"/home/cs/Capstone/Capstone-layout/dataconnect\": could not find dataconnect.yaml in `/home/cs/Capstone/Capstone-layout/dataconnect`\n"}}
[debug] [2026-10-03T05:37:20.190Z] E1003 01:37:20.190705   10452 watch.go:40] Failed to load config from "/home/cs/Capstone/Capstone-layout/dataconnect": could not find dataconnect.yaml in `/home/cs/Capstone/Capstone-layout/dataconnect`
 {"metadata":{"emulator":{"name":"dataconnect"},"message":"E1003 01:37:20.190705   10452 watch.go:40] Failed to load config from \"/home/cs/Capstone/Capstone-layout/dataconnect\": could not find dataconnect.yaml in `/home/cs/Capstone/Capstone-layout/dataconnect`\n"}}
[debug] [2026-10-03T05:37:30.214Z] E1003 01:37:30.214003   10452 watch.go:40] Failed to load config from "/home/cs/Capstone/Capstone-layout/dataconnect": could not find dataconnect.yaml in `/home/cs/Capstone/Capstone-layout/dataconnect`
 {"metadata":{"emulator":{"name":"dataconnect"},"message":"E1003 01:37:30.214003   10452 watch.go:40] Failed to load config from \"/home/cs/Capstone/Capstone-layout/dataconnect\": could not find dataconnect.yaml in `/home/cs/Capstone/Capstone-layout/dataconnect`\n"}}
[debug] [2026-10-03T05:37:40.192Z] E1003 01:37:40.192160   10452 watch.go:40] Failed to load config from "/home/cs/Capstone/Capstone-layout/dataconnect": could not find dataconnect.yaml in `/home/cs/Capstone/Capstone-layout/dataconnect`
E1003 01:37:40.192132   10452 watch.go:116] watchAllDir unable to walk dir `/home/cs/Capstone/Capstone-layout/dataconnect`: lstat /home/cs/Capstone/Capstone-layout/dataconnect: no such file or directory
 {"metadata":{"emulator":{"name":"dataconnect"},"message":"E1003 01:37:40.192160   10452 watch.go:40] Failed to load config from \"/home/cs/Capstone/Capstone-layout/dataconnect\": could not find dataconnect.yaml in `/home/cs/Capstone/Capstone-layout/dataconnect`\nE1003 01:37:40.192132   10452 watch.go:116] watchAllDir unable to walk dir `/home/cs/Capstone/Capstone-layout/dataconnect`: lstat /home/cs/Capstone/Capstone-layout/dataconnect: no such file or directory\n"}}
[debug] [2026-10-03T05:37:50.194Z] E1003 01:37:50.193914   10452 watch.go:40] Failed to load config from "/home/cs/Capstone/Capstone-layout/dataconnect": could not find dataconnect.yaml in `/home/cs/Capstone/Capstone-layout/dataconnect`
 {"metadata":{"emulator":{"name":"dataconnect"},"message":"E1003 01:37:50.193914   10452 watch.go:40] Failed to load config from \"/home/cs/Capstone/Capstone-layout/dataconnect\": could not find dataconnect.yaml in `/home/cs/Capstone/Capstone-layout/dataconnect`\n"}}
[debug] [2026-10-03T05:38:00.266Z] E1003 01:38:00.266299   10452 watch.go:40] Failed to load config from "/home/cs/Capstone/Capstone-layout/dataconnect": could not find dataconnect.yaml in `/home/cs/Capstone/Capstone-layout/dataconnect`
 {"metadata":{"emulator":{"name":"dataconnect"},"message":"E1003 01:38:00.266299   10452 watch.go:40] Failed to load config from \"/home/cs/Capstone/Capstone-layout/dataconnect\": could not find dataconnect.yaml in `/home/cs/Capstone/Capstone-layout/dataconnect`\n"}}
[debug] [2026-10-03T05:38:10.197Z] E1003 01:38:10.196988   10452 watch.go:40] Failed to load config from "/home/cs/Capstone/Capstone-layout/dataconnect": could not find dataconnect.yaml in `/home/cs/Capstone/Capstone-layout/dataconnect`
 {"metadata":{"emulator":{"name":"dataconnect"},"message":"E1003 01:38:10.196988   10452 watch.go:40] Failed to load config from \"/home/cs/Capstone/Capstone-layout/dataconnect\": could not find dataconnect.yaml in `/home/cs/Capstone/Capstone-layout/dataconnect`\n"}}
[debug] [2026-10-03T05:38:20.222Z] E1003 01:38:20.222403   10452 watch.go:40] Failed to load config from "/home/cs/Capstone/Capstone-layout/dataconnect": could not find dataconnect.yaml in `/home/cs/Capstone/Capstone-layout/dataconnect`
 {"metadata":{"emulator":{"name":"dataconnect"},"message":"E1003 01:38:20.222403   10452 watch.go:40] Failed to load config from \"/home/cs/Capstone/Capstone-layout/dataconnect\": could not find dataconnect.yaml in `/home/cs/Capstone/Capstone-layout/dataconnect`\n"}}
[debug] [2026-10-03T05:38:30.204Z] E1003 01:38:30.204032   10452 watch.go:40] Failed to load config from "/home/cs/Capstone/Capstone-layout/dataconnect": could not find dataconnect.yaml in `/home/cs/Capstone/Capstone-layout/dataconnect`
 {"metadata":{"emulator":{"name":"dataconnect"},"message":"E1003 01:38:30.204032   10452 watch.go:40] Failed to load config from \"/home/cs/Capstone/Capstone-layout/dataconnect\": could not find dataconnect.yaml in `/home/cs/Capstone/Capstone-layout/dataconnect`\n"}}
[debug] [2026-10-03T05:38:40.194Z] E1003 01:38:40.193766   10452 watch.go:116] watchAllDir unable to walk dir `/home/cs/Capstone/Capstone-layout/dataconnect`: lstat /home/cs/Capstone/Capstone-layout/dataconnect: no such file or directory
E1003 01:38:40.194043   10452 watch.go:40] Failed to load config from "/home/cs/Capstone/Capstone-layout/dataconnect": could not find dataconnect.yaml in `/home/cs/Capstone/Capstone-layout/dataconnect`
 {"metadata":{"emulator":{"name":"dataconnect"},"message":"E1003 01:38:40.193766   10452 watch.go:116] watchAllDir unable to walk dir `/home/cs/Capstone/Capstone-layout/dataconnect`: lstat /home/cs/Capstone/Capstone-layout/dataconnect: no such file or directory\nE1003 01:38:40.194043   10452 watch.go:40] Failed to load config from \"/home/cs/Capstone/Capstone-layout/dataconnect\": could not find dataconnect.yaml in `/home/cs/Capstone/Capstone-layout/dataconnect`\n"}}
[debug] [2026-10-03T05:38:50.197Z] E1003 01:38:50.197580   10452 watch.go:40] Failed to load config from "/home/cs/Capstone/Capstone-layout/dataconnect": could not find dataconnect.yaml in `/home/cs/Capstone/Capstone-layout/dataconnect`
 {"metadata":{"emulator":{"name":"dataconnect"},"message":"E1003 01:38:50.197580   10452 watch.go:40] Failed to load config from \"/home/cs/Capstone/Capstone-layout/dataconnect\": could not find dataconnect.yaml in `/home/cs/Capstone/Capstone-layout/dataconnect`\n"}}
[debug] [2026-10-03T05:39:00.210Z] E1003 01:39:00.210233   10452 watch.go:40] Failed to load config from "/home/cs/Capstone/Capstone-layout/dataconnect": could not find dataconnect.yaml in `/home/cs/Capstone/Capstone-layout/dataconnect`
 {"metadata":{"emulator":{"name":"dataconnect"},"message":"E1003 01:39:00.210233   10452 watch.go:40] Failed to load config from \"/home/cs/Capstone/Capstone-layout/dataconnect\": could not find dataconnect.yaml in `/home/cs/Capstone/Capstone-layout/dataconnect`\n"}}
[debug] [2026-10-03T05:39:10.190Z] E1003 01:39:10.190103   10452 watch.go:40] Failed to load config from "/home/cs/Capstone/Capstone-layout/dataconnect": could not find dataconnect.yaml in `/home/cs/Capstone/Capstone-layout/dataconnect`
 {"metadata":{"emulator":{"name":"dataconnect"},"message":"E1003 01:39:10.190103   10452 watch.go:40] Failed to load config from \"/home/cs/Capstone/Capstone-layout/dataconnect\": could not find dataconnect.yaml in `/home/cs/Capstone/Capstone-layout/dataconnect`\n"}}
[debug] [2026-10-03T05:39:20.240Z] E1003 01:39:20.240245   10452 watch.go:40] Failed to load config from "/home/cs/Capstone/Capstone-layout/dataconnect": could not find dataconnect.yaml in `/home/cs/Capstone/Capstone-layout/dataconnect`
 {"metadata":{"emulator":{"name":"dataconnect"},"message":"E1003 01:39:20.240245   10452 watch.go:40] Failed to load config from \"/home/cs/Capstone/Capstone-layout/dataconnect\": could not find dataconnect.yaml in `/home/cs/Capstone/Capstone-layout/dataconnect`\n"}}
[debug] [2026-10-03T05:39:30.190Z] E1003 01:39:30.190322   10452 watch.go:40] Failed to load config from "/home/cs/Capstone/Capstone-layout/dataconnect": could not find dataconnect.yaml in `/home/cs/Capstone/Capstone-layout/dataconnect`
 {"metadata":{"emulator":{"name":"dataconnect"},"message":"E1003 01:39:30.190322   10452 watch.go:40] Failed to load config from \"/home/cs/Capstone/Capstone-layout/dataconnect\": could not find dataconnect.yaml in `/home/cs/Capstone/Capstone-layout/dataconnect`\n"}}
[debug] [2026-10-03T05:39:40.191Z] E1003 01:39:40.190613   10452 watch.go:116] watchAllDir unable to walk dir `/home/cs/Capstone/Capstone-layout/dataconnect`: lstat /home/cs/Capstone/Capstone-layout/dataconnect: no such file or directory
E1003 01:39:40.190676   10452 watch.go:40] Failed to load config from "/home/cs/Capstone/Capstone-layout/dataconnect": could not find dataconnect.yaml in `/home/cs/Capstone/Capstone-layout/dataconnect`
 {"metadata":{"emulator":{"name":"dataconnect"},"message":"E1003 01:39:40.190613   10452 watch.go:116] watchAllDir unable to walk dir `/home/cs/Capstone/Capstone-layout/dataconnect`: lstat /home/cs/Capstone/Capstone-layout/dataconnect: no such file or directory\nE1003 01:39:40.190676   10452 watch.go:40] Failed to load config from \"/home/cs/Capstone/Capstone-layout/dataconnect\": could not find dataconnect.yaml in `/home/cs/Capstone/Capstone-layout/dataconnect`\n"}}
[debug] [2026-10-03T05:39:50.195Z] E1003 01:39:50.194874   10452 watch.go:40] Failed to load config from "/home/cs/Capstone/Capstone-layout/dataconnect": could not find dataconnect.yaml in `/home/cs/Capstone/Capstone-layout/dataconnect`
 {"metadata":{"emulator":{"name":"dataconnect"},"message":"E1003 01:39:50.194874   10452 watch.go:40] Failed to load config from \"/home/cs/Capstone/Capstone-layout/dataconnect\": could not find dataconnect.yaml in `/home/cs/Capstone/Capstone-layout/dataconnect`\n"}}
[debug] [2026-10-03T05:40:00.200Z] E1003 01:40:00.200155   10452 watch.go:40] Failed to load config from "/home/cs/Capstone/Capstone-layout/dataconnect": could not find dataconnect.yaml in `/home/cs/Capstone/Capstone-layout/dataconnect`
 {"metadata":{"emulator":{"name":"dataconnect"},"message":"E1003 01:40:00.200155   10452 watch.go:40] Failed to load config from \"/home/cs/Capstone/Capstone-layout/dataconnect\": could not find dataconnect.yaml in `/home/cs/Capstone/Capstone-layout/dataconnect`\n"}}
[debug] [2026-10-03T05:40:10.189Z] E1003 01:40:10.189350   10452 watch.go:40] Failed to load config from "/home/cs/Capstone/Capstone-layout/dataconnect": could not find dataconnect.yaml in `/home/cs/Capstone/Capstone-layout/dataconnect`
 {"metadata":{"emulator":{"name":"dataconnect"},"message":"E1003 01:40:10.189350   10452 watch.go:40] Failed to load config from \"/home/cs/Capstone/Capstone-layout/dataconnect\": could not find dataconnect.yaml in `/home/cs/Capstone/Capstone-layout/dataconnect`\n"}}
[debug] [2026-10-03T05:40:20.206Z] E1003 01:40:20.205988   10452 watch.go:40] Failed to load config from "/home/cs/Capstone/Capstone-layout/dataconnect": could not find dataconnect.yaml in `/home/cs/Capstone/Capstone-layout/dataconnect`
 {"metadata":{"emulator":{"name":"dataconnect"},"message":"E1003 01:40:20.205988   10452 watch.go:40] Failed to load config from \"/home/cs/Capstone/Capstone-layout/dataconnect\": could not find dataconnect.yaml in `/home/cs/Capstone/Capstone-layout/dataconnect`\n"}}
[debug] [2026-10-03T05:40:30.200Z] E1003 01:40:30.200736   10452 watch.go:40] Failed to load config from "/home/cs/Capstone/Capstone-layout/dataconnect": could not find dataconnect.yaml in `/home/cs/Capstone/Capstone-layout/dataconnect`
 {"metadata":{"emulator":{"name":"dataconnect"},"message":"E1003 01:40:30.200736   10452 watch.go:40] Failed to load config from \"/home/cs/Capstone/Capstone-layout/dataconnect\": could not find dataconnect.yaml in `/home/cs/Capstone/Capstone-layout/dataconnect`\n"}}
[debug] [2026-10-03T05:40:40.191Z] E1003 01:40:40.190674   10452 watch.go:116] watchAllDir unable to walk dir `/home/cs/Capstone/Capstone-layout/dataconnect`: lstat /home/cs/Capstone/Capstone-layout/dataconnect: no such file or directory
E1003 01:40:40.190741   10452 watch.go:40] Failed to load config from "/home/cs/Capstone/Capstone-layout/dataconnect": could not find dataconnect.yaml in `/home/cs/Capstone/Capstone-layout/dataconnect`
 {"metadata":{"emulator":{"name":"dataconnect"},"message":"E1003 01:40:40.190674   10452 watch.go:116] watchAllDir unable to walk dir `/home/cs/Capstone/Capstone-layout/dataconnect`: lstat /home/cs/Capstone/Capstone-layout/dataconnect: no such file or directory\nE1003 01:40:40.190741   10452 watch.go:40] Failed to load config from \"/home/cs/Capstone/Capstone-layout/dataconnect\": could not find dataconnect.yaml in `/home/cs/Capstone/Capstone-layout/dataconnect`\n"}}
[debug] [2026-10-03T05:40:50.207Z] E1003 01:40:50.207312   10452 watch.go:40] Failed to load config from "/home/cs/Capstone/Capstone-layout/dataconnect": could not find dataconnect.yaml in `/home/cs/Capstone/Capstone-layout/dataconnect`
 {"metadata":{"emulator":{"name":"dataconnect"},"message":"E1003 01:40:50.207312   10452 watch.go:40] Failed to load config from \"/home/cs/Capstone/Capstone-layout/dataconnect\": could not find dataconnect.yaml in `/home/cs/Capstone/Capstone-layout/dataconnect`\n"}}
[debug] [2026-10-03T05:41:00.191Z] E1003 01:41:00.191467   10452 watch.go:40] Failed to load config from "/home/cs/Capstone/Capstone-layout/dataconnect": could not find dataconnect.yaml in `/home/cs/Capstone/Capstone-layout/dataconnect`
 {"metadata":{"emulator":{"name":"dataconnect"},"message":"E1003 01:41:00.191467   10452 watch.go:40] Failed to load config from \"/home/cs/Capstone/Capstone-layout/dataconnect\": could not find dataconnect.yaml in `/home/cs/Capstone/Capstone-layout/dataconnect`\n"}}
[debug] [2026-10-03T05:41:10.194Z] E1003 01:41:10.194195   10452 watch.go:40] Failed to load config from "/home/cs/Capstone/Capstone-layout/dataconnect": could not find dataconnect.yaml in `/home/cs/Capstone/Capstone-layout/dataconnect`
 {"metadata":{"emulator":{"name":"dataconnect"},"message":"E1003 01:41:10.194195   10452 watch.go:40] Failed to load config from \"/home/cs/Capstone/Capstone-layout/dataconnect\": could not find dataconnect.yaml in `/home/cs/Capstone/Capstone-layout/dataconnect`\n"}}
[debug] [2026-10-03T05:41:20.462Z] E1003 01:41:20.461724   10452 watch.go:40] Failed to load config from "/home/cs/Capstone/Capstone-layout/dataconnect": could not find dataconnect.yaml in `/home/cs/Capstone/Capstone-layout/dataconnect`
 {"metadata":{"emulator":{"name":"dataconnect"},"message":"E1003 01:41:20.461724   10452 watch.go:40] Failed to load config from \"/home/cs/Capstone/Capstone-layout/dataconnect\": could not find dataconnect.yaml in `/home/cs/Capstone/Capstone-layout/dataconnect`\n"}}
[debug] [2026-10-03T05:41:30.191Z] E1003 01:41:30.191400   10452 watch.go:40] Failed to load config from "/home/cs/Capstone/Capstone-layout/dataconnect": could not find dataconnect.yaml in `/home/cs/Capstone/Capstone-layout/dataconnect`
 {"metadata":{"emulator":{"name":"dataconnect"},"message":"E1003 01:41:30.191400   10452 watch.go:40] Failed to load config from \"/home/cs/Capstone/Capstone-layout/dataconnect\": could not find dataconnect.yaml in `/home/cs/Capstone/Capstone-layout/dataconnect`\n"}}
[debug] [2026-10-03T05:41:40.190Z] E1003 01:41:40.189813   10452 watch.go:116] watchAllDir unable to walk dir `/home/cs/Capstone/Capstone-layout/dataconnect`: lstat /home/cs/Capstone/Capstone-layout/dataconnect: no such file or directory
E1003 01:41:40.189901   10452 watch.go:40] Failed to load config from "/home/cs/Capstone/Capstone-layout/dataconnect": could not find dataconnect.yaml in `/home/cs/Capstone/Capstone-layout/dataconnect`
 {"metadata":{"emulator":{"name":"dataconnect"},"message":"E1003 01:41:40.189813   10452 watch.go:116] watchAllDir unable to walk dir `/home/cs/Capstone/Capstone-layout/dataconnect`: lstat /home/cs/Capstone/Capstone-layout/dataconnect: no such file or directory\nE1003 01:41:40.189901   10452 watch.go:40] Failed to load config from \"/home/cs/Capstone/Capstone-layout/dataconnect\": could not find dataconnect.yaml in `/home/cs/Capstone/Capstone-layout/dataconnect`\n"}}
[debug] [2026-10-03T05:41:50.193Z] E1003 01:41:50.193157   10452 watch.go:40] Failed to load config from "/home/cs/Capstone/Capstone-layout/dataconnect": could not find dataconnect.yaml in `/home/cs/Capstone/Capstone-layout/dataconnect`
 {"metadata":{"emulator":{"name":"dataconnect"},"message":"E1003 01:41:50.193157   10452 watch.go:40] Failed to load config from \"/home/cs/Capstone/Capstone-layout/dataconnect\": could not find dataconnect.yaml in `/home/cs/Capstone/Capstone-layout/dataconnect`\n"}}
[debug] [2026-10-03T05:42:00.205Z] E1003 01:42:00.205474   10452 watch.go:40] Failed to load config from "/home/cs/Capstone/Capstone-layout/dataconnect": could not find dataconnect.yaml in `/home/cs/Capstone/Capstone-layout/dataconnect`
 {"metadata":{"emulator":{"name":"dataconnect"},"message":"E1003 01:42:00.205474   10452 watch.go:40] Failed to load config from \"/home/cs/Capstone/Capstone-layout/dataconnect\": could not find dataconnect.yaml in `/home/cs/Capstone/Capstone-layout/dataconnect`\n"}}
[debug] [2026-10-03T05:42:10.242Z] E1003 01:42:10.242325   10452 watch.go:40] Failed to load config from "/home/cs/Capstone/Capstone-layout/dataconnect": could not find dataconnect.yaml in `/home/cs/Capstone/Capstone-layout/dataconnect`
 {"metadata":{"emulator":{"name":"dataconnect"},"message":"E1003 01:42:10.242325   10452 watch.go:40] Failed to load config from \"/home/cs/Capstone/Capstone-layout/dataconnect\": could not find dataconnect.yaml in `/home/cs/Capstone/Capstone-layout/dataconnect`\n"}}
[debug] [2026-10-03T05:42:20.193Z] E1003 01:42:20.193032   10452 watch.go:40] Failed to load config from "/home/cs/Capstone/Capstone-layout/dataconnect": could not find dataconnect.yaml in `/home/cs/Capstone/Capstone-layout/dataconnect`
 {"metadata":{"emulator":{"name":"dataconnect"},"message":"E1003 01:42:20.193032   10452 watch.go:40] Failed to load config from \"/home/cs/Capstone/Capstone-layout/dataconnect\": could not find dataconnect.yaml in `/home/cs/Capstone/Capstone-layout/dataconnect`\n"}}
                                                                                                                                                                                                                                                                                                                                                                                                                                                                                                                                                                                                                                                                                                                                                                                                                                                                                                                                                                                                                                                                                                                                                                                                                                                                                                                                                                                                                                                                         [debug] [2026-10-05T00:51:18.536Z] [Firebase Plugin] Activating Firebase extension.
[debug] [2026-10-05T00:51:21.226Z] [Firebase Plugin] requireAuthWrapper
[debug] [2026-10-05T00:51:21.227Z] > command requires scopes: ["email","openid","https://www.googleapis.com/auth/cloudplatformprojects.readonly","https://www.googleapis.com/auth/firebase","https://www.googleapis.com/auth/cloud-platform"]
[debug] [2026-10-05T00:51:21.227Z] > authorizing via signed-in user (nigerainprince@gmail.com)
[debug] [2026-10-05T00:51:21.229Z] Checked if tokens are valid: false, expires at: 1791006894463
[debug] [2026-10-05T00:51:21.229Z] Checked if tokens are valid: false, expires at: 1791006894463
[debug] [2026-10-05T00:51:21.229Z] > refreshing access token with scopes: []
[debug] [2026-10-05T00:51:21.231Z] >>> [apiv2][query] POST https://www.googleapis.com/oauth2/v3/token [none]
[debug] [2026-10-05T00:51:21.231Z] >>> [apiv2][body] POST https://www.googleapis.com/oauth2/v3/token [omitted]
[debug] [2026-10-05T00:51:21.245Z] [Firebase Plugin] VSCode notification server listening on port 40001
[info] [Firebase Plugin] Starting SQL Connect toolkit (version 3.4.16) on port 50001
[info] i  dataconnect: downloading dataconnect-emulator-3.4.16... {"metadata":{"emulator":{"name":"dataconnect"},"message":"downloading dataconnect-emulator-3.4.16..."}}
[debug] [2026-10-05T00:51:21.618Z] >>> [apiv2][query] GET https://storage.googleapis.com/firemat-preview-drop/emulator/dataconnect-emulator-linux-amd64-v3.4.16 
[debug] [2026-10-05T00:51:21.793Z] <<< [apiv2][status] POST https://www.googleapis.com/oauth2/v3/token 200
[debug] [2026-10-05T00:51:21.793Z] <<< [apiv2][body] POST https://www.googleapis.com/oauth2/v3/token [omitted]
[debug] [2026-10-05T00:51:21.799Z] [Firebase Plugin] User found:  nigerainprince@gmail.com
[info] [Firebase Plugin] (Core:Project) New user detected, fetching projects
[debug] [2026-10-05T00:51:21.800Z] Checked if tokens are valid: true, expires at: 1791165080793
[debug] [2026-10-05T00:51:21.800Z] >>> [apiv2][query] GET https://firebase.googleapis.com/v1beta1/projects pageSize=1000
[debug] [2026-10-05T00:51:21.892Z] <<< [apiv2][status] GET https://storage.googleapis.com/firemat-preview-drop/emulator/dataconnect-emulator-linux-amd64-v3.4.16 200
[debug] [2026-10-05T00:51:21.892Z] <<< [apiv2][body] GET https://storage.googleapis.com/firemat-preview-drop/emulator/dataconnect-emulator-linux-amd64-v3.4.16 [stream]
[debug] [2026-10-05T00:51:22.366Z] <<< [apiv2][status] GET https://firebase.googleapis.com/v1beta1/projects 200
[debug] [2026-10-05T00:51:22.366Z] <<< [apiv2][body] GET https://firebase.googleapis.com/v1beta1/projects [omitted]
[info] i  dataconnect: Removing outdated emulator files: dataconnect-emulator-3.4.21 {"metadata":{"emulator":{"name":"dataconnect"},"message":"Removing outdated emulator files: dataconnect-emulator-3.4.21"}}
[debug] [2026-10-05T00:51:22.845Z] 'fdc build' failed with error: Unable to build your SQL Connect schema and connectors (exit code 1): E1004 20:51:22.844510    6410 cmd.go:43] Error loading data connect config: could not find dataconnect.yaml in `/home/cs/Capstone/Capstone-layout/dataconnect`
 {"metadata":{"emulator":{"name":"dataconnect"},"message":"'fdc build' failed with error: Unable to build your SQL Connect schema and connectors (exit code 1): E1004 20:51:22.844510    6410 cmd.go:43] Error loading data connect config: could not find dataconnect.yaml in `/home/cs/Capstone/Capstone-layout/dataconnect`\n"}}
[debug] [2026-10-05T00:51:22.845Z] Ignoring unsupported arg: auto_download {"metadata":{"emulator":{"name":"dataconnect"},"message":"Ignoring unsupported arg: auto_download"}}
[debug] [2026-10-05T00:51:22.846Z] Ignoring unsupported arg: port {"metadata":{"emulator":{"name":"dataconnect"},"message":"Ignoring unsupported arg: port"}}
[debug] [2026-10-05T00:51:22.846Z] Starting SQL Connect Emulator with command {"binary":"/home/cs/.cache/firebase/emulators/dataconnect-emulator-3.4.16","args":["--logtostderr","-v=2","dev","--listen=localhost:50001","--config_dir=/home/cs/Capstone/Capstone-layout/dataconnect","--enable_output_schema_extensions=true","--enable_output_generated_sdk=true"],"optionalArgs":["listen","config_dir","enable_output_schema_extensions","enable_output_generated_sdk"],"joinArgs":true,"shell":false,"port":9399} {"metadata":{"emulator":{"name":"dataconnect"},"message":"Starting SQL Connect Emulator with command {\"binary\":\"/home/cs/.cache/firebase/emulators/dataconnect-emulator-3.4.16\",\"args\":[\"--logtostderr\",\"-v=2\",\"dev\",\"--listen=localhost:50001\",\"--config_dir=/home/cs/Capstone/Capstone-layout/dataconnect\",\"--enable_output_schema_extensions=true\",\"--enable_output_generated_sdk=true\"],\"optionalArgs\":[\"listen\",\"config_dir\",\"enable_output_schema_extensions\",\"enable_output_generated_sdk\"],\"joinArgs\":true,\"shell\":false,\"port\":9399}"}}
[info] i  dataconnect: SQL Connect Emulator logging to dataconnect-debug.log {"metadata":{"emulator":{"name":"dataconnect"},"message":"SQL Connect Emulator logging to dataconnect-debug.log"}}
[debug] [2026-10-05T00:51:22.869Z] E1004 20:51:22.869333    6421 dev.go:80] Failed to load initial config from "/home/cs/Capstone/Capstone-layout/dataconnect": could not find dataconnect.yaml in `/home/cs/Capstone/Capstone-layout/dataconnect`
 {"metadata":{"emulator":{"name":"dataconnect"},"message":"E1004 20:51:22.869333    6421 dev.go:80] Failed to load initial config from \"/home/cs/Capstone/Capstone-layout/dataconnect\": could not find dataconnect.yaml in `/home/cs/Capstone/Capstone-layout/dataconnect`\n"}}
[debug] [2026-10-05T00:51:22.870Z] E1004 20:51:22.869600    6421 watch.go:116] watchAllDir unable to walk dir `/home/cs/Capstone/Capstone-layout/dataconnect`: lstat /home/cs/Capstone/Capstone-layout/dataconnect: no such file or directory
I1004 20:51:22.869813    6421 dev.go:101] Listening on address (HTTP + gRPC): 127.0.0.1:50001
 {"metadata":{"emulator":{"name":"dataconnect"},"message":"E1004 20:51:22.869600    6421 watch.go:116] watchAllDir unable to walk dir `/home/cs/Capstone/Capstone-layout/dataconnect`: lstat /home/cs/Capstone/Capstone-layout/dataconnect: no such file or directory\nI1004 20:51:22.869813    6421 dev.go:101] Listening on address (HTTP + gRPC): 127.0.0.1:50001\n"}}
[error] [Firebase Plugin] error:  {}
[debug] [2026-10-05T00:51:34.664Z] E1004 20:51:34.663488    6421 watch.go:40] Failed to load config from "/home/cs/Capstone/Capstone-layout/dataconnect": could not find dataconnect.yaml in `/home/cs/Capstone/Capstone-layout/dataconnect`
 {"metadata":{"emulator":{"name":"dataconnect"},"message":"E1004 20:51:34.663488    6421 watch.go:40] Failed to load config from \"/home/cs/Capstone/Capstone-layout/dataconnect\": could not find dataconnect.yaml in `/home/cs/Capstone/Capstone-layout/dataconnect`\n"}}
[debug] [2026-10-05T00:51:44.642Z] E1004 20:51:44.641744    6421 watch.go:40] Failed to load config from "/home/cs/Capstone/Capstone-layout/dataconnect": could not find dataconnect.yaml in `/home/cs/Capstone/Capstone-layout/dataconnect`
 {"metadata":{"emulator":{"name":"dataconnect"},"message":"E1004 20:51:44.641744    6421 watch.go:40] Failed to load config from \"/home/cs/Capstone/Capstone-layout/dataconnect\": could not find dataconnect.yaml in `/home/cs/Capstone/Capstone-layout/dataconnect`\n"}}
[debug] [2026-10-05T00:51:54.643Z] E1004 20:51:54.642104    6421 watch.go:40] Failed to load config from "/home/cs/Capstone/Capstone-layout/dataconnect": could not find dataconnect.yaml in `/home/cs/Capstone/Capstone-layout/dataconnect`
 {"metadata":{"emulator":{"name":"dataconnect"},"message":"E1004 20:51:54.642104    6421 watch.go:40] Failed to load config from \"/home/cs/Capstone/Capstone-layout/dataconnect\": could not find dataconnect.yaml in `/home/cs/Capstone/Capstone-layout/dataconnect`\n"}}
[debug] [2026-10-05T00:52:04.771Z] E1004 20:52:04.770992    6421 watch.go:40] Failed to load config from "/home/cs/Capstone/Capstone-layout/dataconnect": could not find dataconnect.yaml in `/home/cs/Capstone/Capstone-layout/dataconnect`
 {"metadata":{"emulator":{"name":"dataconnect"},"message":"E1004 20:52:04.770992    6421 watch.go:40] Failed to load config from \"/home/cs/Capstone/Capstone-layout/dataconnect\": could not find dataconnect.yaml in `/home/cs/Capstone/Capstone-layout/dataconnect`\n"}}
[debug] [2026-10-05T00:52:14.660Z] E1004 20:52:14.660717    6421 watch.go:40] Failed to load config from "/home/cs/Capstone/Capstone-layout/dataconnect": could not find dataconnect.yaml in `/home/cs/Capstone/Capstone-layout/dataconnect`
 {"metadata":{"emulator":{"name":"dataconnect"},"message":"E1004 20:52:14.660717    6421 watch.go:40] Failed to load config from \"/home/cs/Capstone/Capstone-layout/dataconnect\": could not find dataconnect.yaml in `/home/cs/Capstone/Capstone-layout/dataconnect`\n"}}
[debug] [2026-10-05T00:52:24.657Z] E1004 20:52:24.656929    6421 watch.go:116] watchAllDir unable to walk dir `/home/cs/Capstone/Capstone-layout/dataconnect`: lstat /home/cs/Capstone/Capstone-layout/dataconnect: no such file or directory
E1004 20:52:24.657000    6421 watch.go:40] Failed to load config from "/home/cs/Capstone/Capstone-layout/dataconnect": could not find dataconnect.yaml in `/home/cs/Capstone/Capstone-layout/dataconnect`
 {"metadata":{"emulator":{"name":"dataconnect"},"message":"E1004 20:52:24.656929    6421 watch.go:116] watchAllDir unable to walk dir `/home/cs/Capstone/Capstone-layout/dataconnect`: lstat /home/cs/Capstone/Capstone-layout/dataconnect: no such file or directory\nE1004 20:52:24.657000    6421 watch.go:40] Failed to load config from \"/home/cs/Capstone/Capstone-layout/dataconnect\": could not find dataconnect.yaml in `/home/cs/Capstone/Capstone-layout/dataconnect`\n"}}
[debug] [2026-10-05T00:52:34.642Z] E1004 20:52:34.641965    6421 watch.go:40] Failed to load config from "/home/cs/Capstone/Capstone-layout/dataconnect": could not find dataconnect.yaml in `/home/cs/Capstone/Capstone-layout/dataconnect`
 {"metadata":{"emulator":{"name":"dataconnect"},"message":"E1004 20:52:34.641965    6421 watch.go:40] Failed to load config from \"/home/cs/Capstone/Capstone-layout/dataconnect\": could not find dataconnect.yaml in `/home/cs/Capstone/Capstone-layout/dataconnect`\n"}}
[debug] [2026-10-05T00:52:44.652Z] E1004 20:52:44.651783    6421 watch.go:40] Failed to load config from "/home/cs/Capstone/Capstone-layout/dataconnect": could not find dataconnect.yaml in `/home/cs/Capstone/Capstone-layout/dataconnect`
 {"metadata":{"emulator":{"name":"dataconnect"},"message":"E1004 20:52:44.651783    6421 watch.go:40] Failed to load config from \"/home/cs/Capstone/Capstone-layout/dataconnect\": could not find dataconnect.yaml in `/home/cs/Capstone/Capstone-layout/dataconnect`\n"}}
[debug] [2026-10-05T00:52:54.691Z] E1004 20:52:54.690552    6421 watch.go:40] Failed to load config from "/home/cs/Capstone/Capstone-layout/dataconnect": could not find dataconnect.yaml in `/home/cs/Capstone/Capstone-layout/dataconnect`
 {"metadata":{"emulator":{"name":"dataconnect"},"message":"E1004 20:52:54.690552    6421 watch.go:40] Failed to load config from \"/home/cs/Capstone/Capstone-layout/dataconnect\": could not find dataconnect.yaml in `/home/cs/Capstone/Capstone-layout/dataconnect`\n"}}
[debug] [2026-10-05T00:53:04.641Z] E1004 20:53:04.641563    6421 watch.go:40] Failed to load config from "/home/cs/Capstone/Capstone-layout/dataconnect": could not find dataconnect.yaml in `/home/cs/Capstone/Capstone-layout/dataconnect`
 {"metadata":{"emulator":{"name":"dataconnect"},"message":"E1004 20:53:04.641563    6421 watch.go:40] Failed to load config from \"/home/cs/Capstone/Capstone-layout/dataconnect\": could not find dataconnect.yaml in `/home/cs/Capstone/Capstone-layout/dataconnect`\n"}}
[debug] [2026-10-05T00:53:14.660Z] E1004 20:53:14.660055    6421 watch.go:40] Failed to load config from "/home/cs/Capstone/Capstone-layout/dataconnect": could not find dataconnect.yaml in `/home/cs/Capstone/Capstone-layout/dataconnect`
 {"metadata":{"emulator":{"name":"dataconnect"},"message":"E1004 20:53:14.660055    6421 watch.go:40] Failed to load config from \"/home/cs/Capstone/Capstone-layout/dataconnect\": could not find dataconnect.yaml in `/home/cs/Capstone/Capstone-layout/dataconnect`\n"}}
[debug] [2026-10-05T00:53:24.657Z] E1004 20:53:24.657070    6421 watch.go:116] watchAllDir unable to walk dir `/home/cs/Capstone/Capstone-layout/dataconnect`: lstat /home/cs/Capstone/Capstone-layout/dataconnect: no such file or directory
 {"metadata":{"emulator":{"name":"dataconnect"},"message":"E1004 20:53:24.657070    6421 watch.go:116] watchAllDir unable to walk dir `/home/cs/Capstone/Capstone-layout/dataconnect`: lstat /home/cs/Capstone/Capstone-layout/dataconnect: no such file or directory\n"}}
[debug] [2026-10-05T00:53:24.657Z] E1004 20:53:24.657120    6421 watch.go:40] Failed to load config from "/home/cs/Capstone/Capstone-layout/dataconnect": could not find dataconnect.yaml in `/home/cs/Capstone/Capstone-layout/dataconnect`
 {"metadata":{"emulator":{"name":"dataconnect"},"message":"E1004 20:53:24.657120    6421 watch.go:40] Failed to load config from \"/home/cs/Capstone/Capstone-layout/dataconnect\": could not find dataconnect.yaml in `/home/cs/Capstone/Capstone-layout/dataconnect`\n"}}
[debug] [2026-10-05T00:53:34.645Z] E1004 20:53:34.644855    6421 watch.go:40] Failed to load config from "/home/cs/Capstone/Capstone-layout/dataconnect": could not find dataconnect.yaml in `/home/cs/Capstone/Capstone-layout/dataconnect`
 {"metadata":{"emulator":{"name":"dataconnect"},"message":"E1004 20:53:34.644855    6421 watch.go:40] Failed to load config from \"/home/cs/Capstone/Capstone-layout/dataconnect\": could not find dataconnect.yaml in `/home/cs/Capstone/Capstone-layout/dataconnect`\n"}}
[debug] [2026-10-05T00:53:44.647Z] E1004 20:53:44.646871    6421 watch.go:40] Failed to load config from "/home/cs/Capstone/Capstone-layout/dataconnect": could not find dataconnect.yaml in `/home/cs/Capstone/Capstone-layout/dataconnect`
 {"metadata":{"emulator":{"name":"dataconnect"},"message":"E1004 20:53:44.646871    6421 watch.go:40] Failed to load config from \"/home/cs/Capstone/Capstone-layout/dataconnect\": could not find dataconnect.yaml in `/home/cs/Capstone/Capstone-layout/dataconnect`\n"}}
[debug] [2026-10-05T00:53:54.668Z] E1004 20:53:54.667602    6421 watch.go:40] Failed to load config from "/home/cs/Capstone/Capstone-layout/dataconnect": could not find dataconnect.yaml in `/home/cs/Capstone/Capstone-layout/dataconnect`
 {"metadata":{"emulator":{"name":"dataconnect"},"message":"E1004 20:53:54.667602    6421 watch.go:40] Failed to load config from \"/home/cs/Capstone/Capstone-layout/dataconnect\": could not find dataconnect.yaml in `/home/cs/Capstone/Capstone-layout/dataconnect`\n"}}
[debug] [2026-10-05T00:54:04.657Z] E1004 20:54:04.657517    6421 watch.go:40] Failed to load config from "/home/cs/Capstone/Capstone-layout/dataconnect": could not find dataconnect.yaml in `/home/cs/Capstone/Capstone-layout/dataconnect`
 {"metadata":{"emulator":{"name":"dataconnect"},"message":"E1004 20:54:04.657517    6421 watch.go:40] Failed to load config from \"/home/cs/Capstone/Capstone-layout/dataconnect\": could not find dataconnect.yaml in `/home/cs/Capstone/Capstone-layout/dataconnect`\n"}}
[debug] [2026-10-05T00:54:14.648Z] E1004 20:54:14.648487    6421 watch.go:40] Failed to load config from "/home/cs/Capstone/Capstone-layout/dataconnect": could not find dataconnect.yaml in `/home/cs/Capstone/Capstone-layout/dataconnect`
 {"metadata":{"emulator":{"name":"dataconnect"},"message":"E1004 20:54:14.648487    6421 watch.go:40] Failed to load config from \"/home/cs/Capstone/Capstone-layout/dataconnect\": could not find dataconnect.yaml in `/home/cs/Capstone/Capstone-layout/dataconnect`\n"}}
[debug] [2026-10-05T00:54:24.642Z] E1004 20:54:24.642444    6421 watch.go:116] watchAllDir unable to walk dir `/home/cs/Capstone/Capstone-layout/dataconnect`: lstat /home/cs/Capstone/Capstone-layout/dataconnect: no such file or directory
E1004 20:54:24.642534    6421 watch.go:40] Failed to load config from "/home/cs/Capstone/Capstone-layout/dataconnect": could not find dataconnect.yaml in `/home/cs/Capstone/Capstone-layout/dataconnect`
 {"metadata":{"emulator":{"name":"dataconnect"},"message":"E1004 20:54:24.642444    6421 watch.go:116] watchAllDir unable to walk dir `/home/cs/Capstone/Capstone-layout/dataconnect`: lstat /home/cs/Capstone/Capstone-layout/dataconnect: no such file or directory\nE1004 20:54:24.642534    6421 watch.go:40] Failed to load config from \"/home/cs/Capstone/Capstone-layout/dataconnect\": could not find dataconnect.yaml in `/home/cs/Capstone/Capstone-layout/dataconnect`\n"}}
[debug] [2026-10-05T00:54:34.646Z] E1004 20:54:34.646666    6421 watch.go:40] Failed to load config from "/home/cs/Capstone/Capstone-layout/dataconnect": could not find dataconnect.yaml in `/home/cs/Capstone/Capstone-layout/dataconnect`
 {"metadata":{"emulator":{"name":"dataconnect"},"message":"E1004 20:54:34.646666    6421 watch.go:40] Failed to load config from \"/home/cs/Capstone/Capstone-layout/dataconnect\": could not find dataconnect.yaml in `/home/cs/Capstone/Capstone-layout/dataconnect`\n"}}
[debug] [2026-10-05T00:54:44.648Z] E1004 20:54:44.648142    6421 watch.go:40] Failed to load config from "/home/cs/Capstone/Capstone-layout/dataconnect": could not find dataconnect.yaml in `/home/cs/Capstone/Capstone-layout/dataconnect`
 {"metadata":{"emulator":{"name":"dataconnect"},"message":"E1004 20:54:44.648142    6421 watch.go:40] Failed to load config from \"/home/cs/Capstone/Capstone-layout/dataconnect\": could not find dataconnect.yaml in `/home/cs/Capstone/Capstone-layout/dataconnect`\n"}}
[debug] [2026-10-05T00:54:54.641Z] E1004 20:54:54.641427    6421 watch.go:40] Failed to load config from "/home/cs/Capstone/Capstone-layout/dataconnect": could not find dataconnect.yaml in `/home/cs/Capstone/Capstone-layout/dataconnect`
 {"metadata":{"emulator":{"name":"dataconnect"},"message":"E1004 20:54:54.641427    6421 watch.go:40] Failed to load config from \"/home/cs/Capstone/Capstone-layout/dataconnect\": could not find dataconnect.yaml in `/home/cs/Capstone/Capstone-layout/dataconnect`\n"}}
[debug] [2026-10-05T00:55:04.644Z] E1004 20:55:04.644462    6421 watch.go:40] Failed to load config from "/home/cs/Capstone/Capstone-layout/dataconnect": could not find dataconnect.yaml in `/home/cs/Capstone/Capstone-layout/dataconnect`
 {"metadata":{"emulator":{"name":"dataconnect"},"message":"E1004 20:55:04.644462    6421 watch.go:40] Failed to load config from \"/home/cs/Capstone/Capstone-layout/dataconnect\": could not find dataconnect.yaml in `/home/cs/Capstone/Capstone-layout/dataconnect`\n"}}
[debug] [2026-10-05T00:55:14.644Z] E1004 20:55:14.643663    6421 watch.go:40] Failed to load config from "/home/cs/Capstone/Capstone-layout/dataconnect": could not find dataconnect.yaml in `/home/cs/Capstone/Capstone-layout/dataconnect`
 {"metadata":{"emulator":{"name":"dataconnect"},"message":"E1004 20:55:14.643663    6421 watch.go:40] Failed to load config from \"/home/cs/Capstone/Capstone-layout/dataconnect\": could not find dataconnect.yaml in `/home/cs/Capstone/Capstone-layout/dataconnect`\n"}}
[debug] [2026-10-05T00:55:24.641Z] E1004 20:55:24.641539    6421 watch.go:116] watchAllDir unable to walk dir `/home/cs/Capstone/Capstone-layout/dataconnect`: lstat /home/cs/Capstone/Capstone-layout/dataconnect: no such file or directory
E1004 20:55:24.641642    6421 watch.go:40] Failed to load config from "/home/cs/Capstone/Capstone-layout/dataconnect": could not find dataconnect.yaml in `/home/cs/Capstone/Capstone-layout/dataconnect`
 {"metadata":{"emulator":{"name":"dataconnect"},"message":"E1004 20:55:24.641539    6421 watch.go:116] watchAllDir unable to walk dir `/home/cs/Capstone/Capstone-layout/dataconnect`: lstat /home/cs/Capstone/Capstone-layout/dataconnect: no such file or directory\nE1004 20:55:24.641642    6421 watch.go:40] Failed to load config from \"/home/cs/Capstone/Capstone-layout/dataconnect\": could not find dataconnect.yaml in `/home/cs/Capstone/Capstone-layout/dataconnect`\n"}}
[debug] [2026-10-05T00:55:34.708Z] E1004 20:55:34.708708    6421 watch.go:40] Failed to load config from "/home/cs/Capstone/Capstone-layout/dataconnect": could not find dataconnect.yaml in `/home/cs/Capstone/Capstone-layout/dataconnect`
 {"metadata":{"emulator":{"name":"dataconnect"},"message":"E1004 20:55:34.708708    6421 watch.go:40] Failed to load config from \"/home/cs/Capstone/Capstone-layout/dataconnect\": could not find dataconnect.yaml in `/home/cs/Capstone/Capstone-layout/dataconnect`\n"}}
[debug] [2026-10-05T00:55:44.659Z] E1004 20:55:44.658834    6421 watch.go:40] Failed to load config from "/home/cs/Capstone/Capstone-layout/dataconnect": could not find dataconnect.yaml in `/home/cs/Capstone/Capstone-layout/dataconnect`
 {"metadata":{"emulator":{"name":"dataconnect"},"message":"E1004 20:55:44.658834    6421 watch.go:40] Failed to load config from \"/home/cs/Capstone/Capstone-layout/dataconnect\": could not find dataconnect.yaml in `/home/cs/Capstone/Capstone-layout/dataconnect`\n"}}
[debug] [2026-10-05T00:55:54.681Z] E1004 20:55:54.679728    6421 watch.go:40] Failed to load config from "/home/cs/Capstone/Capstone-layout/dataconnect": could not find dataconnect.yaml in `/home/cs/Capstone/Capstone-layout/dataconnect`
 {"metadata":{"emulator":{"name":"dataconnect"},"message":"E1004 20:55:54.679728    6421 watch.go:40] Failed to load config from \"/home/cs/Capstone/Capstone-layout/dataconnect\": could not find dataconnect.yaml in `/home/cs/Capstone/Capstone-layout/dataconnect`\n"}}
[debug] [2026-10-05T00:56:04.644Z] E1004 20:56:04.643935    6421 watch.go:40] Failed to load config from "/home/cs/Capstone/Capstone-layout/dataconnect": could not find dataconnect.yaml in `/home/cs/Capstone/Capstone-layout/dataconnect`
 {"metadata":{"emulator":{"name":"dataconnect"},"message":"E1004 20:56:04.643935    6421 watch.go:40] Failed to load config from \"/home/cs/Capstone/Capstone-layout/dataconnect\": could not find dataconnect.yaml in `/home/cs/Capstone/Capstone-layout/dataconnect`\n"}}
[debug] [2026-10-05T00:56:14.678Z] E1004 20:56:14.677431    6421 watch.go:40] Failed to load config from "/home/cs/Capstone/Capstone-layout/dataconnect": could not find dataconnect.yaml in `/home/cs/Capstone/Capstone-layout/dataconnect`
 {"metadata":{"emulator":{"name":"dataconnect"},"message":"E1004 20:56:14.677431    6421 watch.go:40] Failed to load config from \"/home/cs/Capstone/Capstone-layout/dataconnect\": could not find dataconnect.yaml in `/home/cs/Capstone/Capstone-layout/dataconnect`\n"}}
[debug] [2026-10-05T00:56:24.645Z] E1004 20:56:24.645694    6421 watch.go:40] Failed to load config from "/home/cs/Capstone/Capstone-layout/dataconnect": could not find dataconnect.yaml in `/home/cs/Capstone/Capstone-layout/dataconnect`
E1004 20:56:24.645704    6421 watch.go:116] watchAllDir unable to walk dir `/home/cs/Capstone/Capstone-layout/dataconnect`: lstat /home/cs/Capstone/Capstone-layout/dataconnect: no such file or directory
 {"metadata":{"emulator":{"name":"dataconnect"},"message":"E1004 20:56:24.645694    6421 watch.go:40] Failed to load config from \"/home/cs/Capstone/Capstone-layout/dataconnect\": could not find dataconnect.yaml in `/home/cs/Capstone/Capstone-layout/dataconnect`\nE1004 20:56:24.645704    6421 watch.go:116] watchAllDir unable to walk dir `/home/cs/Capstone/Capstone-layout/dataconnect`: lstat /home/cs/Capstone/Capstone-layout/dataconnect: no such file or directory\n"}}
[debug] [2026-10-05T00:56:34.653Z] E1004 20:56:34.653030    6421 watch.go:40] Failed to load config from "/home/cs/Capstone/Capstone-layout/dataconnect": could not find dataconnect.yaml in `/home/cs/Capstone/Capstone-layout/dataconnect`
 {"metadata":{"emulator":{"name":"dataconnect"},"message":"E1004 20:56:34.653030    6421 watch.go:40] Failed to load config from \"/home/cs/Capstone/Capstone-layout/dataconnect\": could not find dataconnect.yaml in `/home/cs/Capstone/Capstone-layout/dataconnect`\n"}}
[debug] [2026-10-05T00:56:44.687Z] E1004 20:56:44.687594    6421 watch.go:40] Failed to load config from "/home/cs/Capstone/Capstone-layout/dataconnect": could not find dataconnect.yaml in `/home/cs/Capstone/Capstone-layout/dataconnect`
 {"metadata":{"emulator":{"name":"dataconnect"},"message":"E1004 20:56:44.687594    6421 watch.go:40] Failed to load config from \"/home/cs/Capstone/Capstone-layout/dataconnect\": could not find dataconnect.yaml in `/home/cs/Capstone/Capstone-layout/dataconnect`\n"}}
[debug] [2026-10-05T00:56:54.642Z] E1004 20:56:54.642302    6421 watch.go:40] Failed to load config from "/home/cs/Capstone/Capstone-layout/dataconnect": could not find dataconnect.yaml in `/home/cs/Capstone/Capstone-layout/dataconnect`
 {"metadata":{"emulator":{"name":"dataconnect"},"message":"E1004 20:56:54.642302    6421 watch.go:40] Failed to load config from \"/home/cs/Capstone/Capstone-layout/dataconnect\": could not find dataconnect.yaml in `/home/cs/Capstone/Capstone-layout/dataconnect`\n"}}
[debug] [2026-10-05T00:57:04.702Z] E1004 20:57:04.702056    6421 watch.go:40] Failed to load config from "/home/cs/Capstone/Capstone-layout/dataconnect": could not find dataconnect.yaml in `/home/cs/Capstone/Capstone-layout/dataconnect`
 {"metadata":{"emulator":{"name":"dataconnect"},"message":"E1004 20:57:04.702056    6421 watch.go:40] Failed to load config from \"/home/cs/Capstone/Capstone-layout/dataconnect\": could not find dataconnect.yaml in `/home/cs/Capstone/Capstone-layout/dataconnect`\n"}}
[debug] [2026-10-05T00:57:14.650Z] E1004 20:57:14.650692    6421 watch.go:40] Failed to load config from "/home/cs/Capstone/Capstone-layout/dataconnect": could not find dataconnect.yaml in `/home/cs/Capstone/Capstone-layout/dataconnect`
 {"metadata":{"emulator":{"name":"dataconnect"},"message":"E1004 20:57:14.650692    6421 watch.go:40] Failed to load config from \"/home/cs/Capstone/Capstone-layout/dataconnect\": could not find dataconnect.yaml in `/home/cs/Capstone/Capstone-layout/dataconnect`\n"}}
[debug] [2026-10-05T00:57:24.641Z] E1004 20:57:24.641552    6421 watch.go:116] watchAllDir unable to walk dir `/home/cs/Capstone/Capstone-layout/dataconnect`: lstat /home/cs/Capstone/Capstone-layout/dataconnect: no such file or directory
E1004 20:57:24.641645    6421 watch.go:40] Failed to load config from "/home/cs/Capstone/Capstone-layout/dataconnect": could not find dataconnect.yaml in `/home/cs/Capstone/Capstone-layout/dataconnect`
 {"metadata":{"emulator":{"name":"dataconnect"},"message":"E1004 20:57:24.641552    6421 watch.go:116] watchAllDir unable to walk dir `/home/cs/Capstone/Capstone-layout/dataconnect`: lstat /home/cs/Capstone/Capstone-layout/dataconnect: no such file or directory\nE1004 20:57:24.641645    6421 watch.go:40] Failed to load config from \"/home/cs/Capstone/Capstone-layout/dataconnect\": could not find dataconnect.yaml in `/home/cs/Capstone/Capstone-layout/dataconnect`\n"}}
[debug] [2026-10-05T00:57:34.691Z] E1004 20:57:34.690909    6421 watch.go:40] Failed to load config from "/home/cs/Capstone/Capstone-layout/dataconnect": could not find dataconnect.yaml in `/home/cs/Capstone/Capstone-layout/dataconnect`
 {"metadata":{"emulator":{"name":"dataconnect"},"message":"E1004 20:57:34.690909    6421 watch.go:40] Failed to load config from \"/home/cs/Capstone/Capstone-layout/dataconnect\": could not find dataconnect.yaml in `/home/cs/Capstone/Capstone-layout/dataconnect`\n"}}
[debug] [2026-10-05T00:57:44.659Z] E1004 20:57:44.658018    6421 watch.go:40] Failed to load config from "/home/cs/Capstone/Capstone-layout/dataconnect": could not find dataconnect.yaml in `/home/cs/Capstone/Capstone-layout/dataconnect`
 {"metadata":{"emulator":{"name":"dataconnect"},"message":"E1004 20:57:44.658018    6421 watch.go:40] Failed to load config from \"/home/cs/Capstone/Capstone-layout/dataconnect\": could not find dataconnect.yaml in `/home/cs/Capstone/Capstone-layout/dataconnect`\n"}}
[debug] [2026-10-05T00:57:55.116Z] E1004 20:57:55.116641    6421 watch.go:40] Failed to load config from "/home/cs/Capstone/Capstone-layout/dataconnect": could not find dataconnect.yaml in `/home/cs/Capstone/Capstone-layout/dataconnect`
 {"metadata":{"emulator":{"name":"dataconnect"},"message":"E1004 20:57:55.116641    6421 watch.go:40] Failed to load config from \"/home/cs/Capstone/Capstone-layout/dataconnect\": could not find dataconnect.yaml in `/home/cs/Capstone/Capstone-layout/dataconnect`\n"}}
[debug] [2026-10-05T00:58:04.660Z] E1004 20:58:04.659667    6421 watch.go:40] Failed to load config from "/home/cs/Capstone/Capstone-layout/dataconnect": could not find dataconnect.yaml in `/home/cs/Capstone/Capstone-layout/dataconnect`
 {"metadata":{"emulator":{"name":"dataconnect"},"message":"E1004 20:58:04.659667    6421 watch.go:40] Failed to load config from \"/home/cs/Capstone/Capstone-layout/dataconnect\": could not find dataconnect.yaml in `/home/cs/Capstone/Capstone-layout/dataconnect`\n"}}
[debug] [2026-10-05T00:58:14.688Z] E1004 20:58:14.687583    6421 watch.go:40] Failed to load config from "/home/cs/Capstone/Capstone-layout/dataconnect": could not find dataconnect.yaml in `/home/cs/Capstone/Capstone-layout/dataconnect`
 {"metadata":{"emulator":{"name":"dataconnect"},"message":"E1004 20:58:14.687583    6421 watch.go:40] Failed to load config from \"/home/cs/Capstone/Capstone-layout/dataconnect\": could not find dataconnect.yaml in `/home/cs/Capstone/Capstone-layout/dataconnect`\n"}}
[debug] [2026-10-05T00:58:24.769Z] E1004 20:58:24.768949    6421 watch.go:116] watchAllDir unable to walk dir `/home/cs/Capstone/Capstone-layout/dataconnect`: lstat /home/cs/Capstone/Capstone-layout/dataconnect: no such file or directory
E1004 20:58:24.769022    6421 watch.go:40] Failed to load config from "/home/cs/Capstone/Capstone-layout/dataconnect": could not find dataconnect.yaml in `/home/cs/Capstone/Capstone-layout/dataconnect`
 {"metadata":{"emulator":{"name":"dataconnect"},"message":"E1004 20:58:24.768949    6421 watch.go:116] watchAllDir unable to walk dir `/home/cs/Capstone/Capstone-layout/dataconnect`: lstat /home/cs/Capstone/Capstone-layout/dataconnect: no such file or directory\nE1004 20:58:24.769022    6421 watch.go:40] Failed to load config from \"/home/cs/Capstone/Capstone-layout/dataconnect\": could not find dataconnect.yaml in `/home/cs/Capstone/Capstone-layout/dataconnect`\n"}}
[debug] [2026-10-05T00:58:34.660Z] E1004 20:58:34.660536    6421 watch.go:40] Failed to load config from "/home/cs/Capstone/Capstone-layout/dataconnect": could not find dataconnect.yaml in `/home/cs/Capstone/Capstone-layout/dataconnect`
 {"metadata":{"emulator":{"name":"dataconnect"},"message":"E1004 20:58:34.660536    6421 watch.go:40] Failed to load config from \"/home/cs/Capstone/Capstone-layout/dataconnect\": could not find dataconnect.yaml in `/home/cs/Capstone/Capstone-layout/dataconnect`\n"}}
[debug] [2026-10-05T00:58:44.651Z] E1004 20:58:44.650804    6421 watch.go:40] Failed to load config from "/home/cs/Capstone/Capstone-layout/dataconnect": could not find dataconnect.yaml in `/home/cs/Capstone/Capstone-layout/dataconnect`
 {"metadata":{"emulator":{"name":"dataconnect"},"message":"E1004 20:58:44.650804    6421 watch.go:40] Failed to load config from \"/home/cs/Capstone/Capstone-layout/dataconnect\": could not find dataconnect.yaml in `/home/cs/Capstone/Capstone-layout/dataconnect`\n"}}
[debug] [2026-10-05T00:58:54.641Z] E1004 20:58:54.641365    6421 watch.go:40] Failed to load config from "/home/cs/Capstone/Capstone-layout/dataconnect": could not find dataconnect.yaml in `/home/cs/Capstone/Capstone-layout/dataconnect`
 {"metadata":{"emulator":{"name":"dataconnect"},"message":"E1004 20:58:54.641365    6421 watch.go:40] Failed to load config from \"/home/cs/Capstone/Capstone-layout/dataconnect\": could not find dataconnect.yaml in `/home/cs/Capstone/Capstone-layout/dataconnect`\n"}}
[debug] [2026-10-05T00:59:04.687Z] E1004 20:59:04.687599    6421 watch.go:40] Failed to load config from "/home/cs/Capstone/Capstone-layout/dataconnect": could not find dataconnect.yaml in `/home/cs/Capstone/Capstone-layout/dataconnect`
 {"metadata":{"emulator":{"name":"dataconnect"},"message":"E1004 20:59:04.687599    6421 watch.go:40] Failed to load config from \"/home/cs/Capstone/Capstone-layout/dataconnect\": could not find dataconnect.yaml in `/home/cs/Capstone/Capstone-layout/dataconnect`\n"}}
[debug] [2026-10-05T00:59:14.647Z] E1004 20:59:14.647575    6421 watch.go:40] Failed to load config from "/home/cs/Capstone/Capstone-layout/dataconnect": could not find dataconnect.yaml in `/home/cs/Capstone/Capstone-layout/dataconnect`
 {"metadata":{"emulator":{"name":"dataconnect"},"message":"E1004 20:59:14.647575    6421 watch.go:40] Failed to load config from \"/home/cs/Capstone/Capstone-layout/dataconnect\": could not find dataconnect.yaml in `/home/cs/Capstone/Capstone-layout/dataconnect`\n"}}
[debug] [2026-10-05T00:59:24.651Z] E1004 20:59:24.651165    6421 watch.go:116] watchAllDir unable to walk dir `/home/cs/Capstone/Capstone-layout/dataconnect`: lstat /home/cs/Capstone/Capstone-layout/dataconnect: no such file or directory
E1004 20:59:24.651496    6421 watch.go:40] Failed to load config from "/home/cs/Capstone/Capstone-layout/dataconnect": could not find dataconnect.yaml in `/home/cs/Capstone/Capstone-layout/dataconnect`
 {"metadata":{"emulator":{"name":"dataconnect"},"message":"E1004 20:59:24.651165    6421 watch.go:116] watchAllDir unable to walk dir `/home/cs/Capstone/Capstone-layout/dataconnect`: lstat /home/cs/Capstone/Capstone-layout/dataconnect: no such file or directory\nE1004 20:59:24.651496    6421 watch.go:40] Failed to load config from \"/home/cs/Capstone/Capstone-layout/dataconnect\": could not find dataconnect.yaml in `/home/cs/Capstone/Capstone-layout/dataconnect`\n"}}
[debug] [2026-10-05T00:59:34.644Z] E1004 20:59:34.644178    6421 watch.go:40] Failed to load config from "/home/cs/Capstone/Capstone-layout/dataconnect": could not find dataconnect.yaml in `/home/cs/Capstone/Capstone-layout/dataconnect`
 {"metadata":{"emulator":{"name":"dataconnect"},"message":"E1004 20:59:34.644178    6421 watch.go:40] Failed to load config from \"/home/cs/Capstone/Capstone-layout/dataconnect\": could not find dataconnect.yaml in `/home/cs/Capstone/Capstone-layout/dataconnect`\n"}}
[debug] [2026-10-05T00:59:44.653Z] E1004 20:59:44.653560    6421 watch.go:40] Failed to load config from "/home/cs/Capstone/Capstone-layout/dataconnect": could not find dataconnect.yaml in `/home/cs/Capstone/Capstone-layout/dataconnect`
 {"metadata":{"emulator":{"name":"dataconnect"},"message":"E1004 20:59:44.653560    6421 watch.go:40] Failed to load config from \"/home/cs/Capstone/Capstone-layout/dataconnect\": could not find dataconnect.yaml in `/home/cs/Capstone/Capstone-layout/dataconnect`\n"}}
[debug] [2026-10-05T00:59:54.643Z] E1004 20:59:54.642832    6421 watch.go:40] Failed to load config from "/home/cs/Capstone/Capstone-layout/dataconnect": could not find dataconnect.yaml in `/home/cs/Capstone/Capstone-layout/dataconnect`
 {"metadata":{"emulator":{"name":"dataconnect"},"message":"E1004 20:59:54.642832    6421 watch.go:40] Failed to load config from \"/home/cs/Capstone/Capstone-layout/dataconnect\": could not find dataconnect.yaml in `/home/cs/Capstone/Capstone-layout/dataconnect`\n"}}
[debug] [2026-10-05T01:00:04.646Z] E1004 21:00:04.645621    6421 watch.go:40] Failed to load config from "/home/cs/Capstone/Capstone-layout/dataconnect": could not find dataconnect.yaml in `/home/cs/Capstone/Capstone-layout/dataconnect`
 {"metadata":{"emulator":{"name":"dataconnect"},"message":"E1004 21:00:04.645621    6421 watch.go:40] Failed to load config from \"/home/cs/Capstone/Capstone-layout/dataconnect\": could not find dataconnect.yaml in `/home/cs/Capstone/Capstone-layout/dataconnect`\n"}}
[debug] [2026-10-05T01:00:14.641Z] E1004 21:00:14.641533    6421 watch.go:40] Failed to load config from "/home/cs/Capstone/Capstone-layout/dataconnect": could not find dataconnect.yaml in `/home/cs/Capstone/Capstone-layout/dataconnect`
 {"metadata":{"emulator":{"name":"dataconnect"},"message":"E1004 21:00:14.641533    6421 watch.go:40] Failed to load config from \"/home/cs/Capstone/Capstone-layout/dataconnect\": could not find dataconnect.yaml in `/home/cs/Capstone/Capstone-layout/dataconnect`\n"}}
[debug] [2026-10-05T01:00:24.647Z] E1004 21:00:24.646589    6421 watch.go:40] Failed to load config from "/home/cs/Capstone/Capstone-layout/dataconnect": could not find dataconnect.yaml in `/home/cs/Capstone/Capstone-layout/dataconnect`
E1004 21:00:24.646515    6421 watch.go:116] watchAllDir unable to walk dir `/home/cs/Capstone/Capstone-layout/dataconnect`: lstat /home/cs/Capstone/Capstone-layout/dataconnect: no such file or directory
 {"metadata":{"emulator":{"name":"dataconnect"},"message":"E1004 21:00:24.646589    6421 watch.go:40] Failed to load config from \"/home/cs/Capstone/Capstone-layout/dataconnect\": could not find dataconnect.yaml in `/home/cs/Capstone/Capstone-layout/dataconnect`\nE1004 21:00:24.646515    6421 watch.go:116] watchAllDir unable to walk dir `/home/cs/Capstone/Capstone-layout/dataconnect`: lstat /home/cs/Capstone/Capstone-layout/dataconnect: no such file or directory\n"}}
[debug] [2026-10-05T01:00:34.644Z] E1004 21:00:34.644143    6421 watch.go:40] Failed to load config from "/home/cs/Capstone/Capstone-layout/dataconnect": could not find dataconnect.yaml in `/home/cs/Capstone/Capstone-layout/dataconnect`
 {"metadata":{"emulator":{"name":"dataconnect"},"message":"E1004 21:00:34.644143    6421 watch.go:40] Failed to load config from \"/home/cs/Capstone/Capstone-layout/dataconnect\": could not find dataconnect.yaml in `/home/cs/Capstone/Capstone-layout/dataconnect`\n"}}
[debug] [2026-10-05T01:00:44.646Z] E1004 21:00:44.646727    6421 watch.go:40] Failed to load config from "/home/cs/Capstone/Capstone-layout/dataconnect": could not find dataconnect.yaml in `/home/cs/Capstone/Capstone-layout/dataconnect`
 {"metadata":{"emulator":{"name":"dataconnect"},"message":"E1004 21:00:44.646727    6421 watch.go:40] Failed to load config from \"/home/cs/Capstone/Capstone-layout/dataconnect\": could not find dataconnect.yaml in `/home/cs/Capstone/Capstone-layout/dataconnect`\n"}}
[debug] [2026-10-05T01:00:54.641Z] E1004 21:00:54.640949    6421 watch.go:40] Failed to load config from "/home/cs/Capstone/Capstone-layout/dataconnect": could not find dataconnect.yaml in `/home/cs/Capstone/Capstone-layout/dataconnect`
 {"metadata":{"emulator":{"name":"dataconnect"},"message":"E1004 21:00:54.640949    6421 watch.go:40] Failed to load config from \"/home/cs/Capstone/Capstone-layout/dataconnect\": could not find dataconnect.yaml in `/home/cs/Capstone/Capstone-layout/dataconnect`\n"}}
[debug] [2026-10-05T01:01:04.677Z] E1004 21:01:04.676726    6421 watch.go:40] Failed to load config from "/home/cs/Capstone/Capstone-layout/dataconnect": could not find dataconnect.yaml in `/home/cs/Capstone/Capstone-layout/dataconnect`
 {"metadata":{"emulator":{"name":"dataconnect"},"message":"E1004 21:01:04.676726    6421 watch.go:40] Failed to load config from \"/home/cs/Capstone/Capstone-layout/dataconnect\": could not find dataconnect.yaml in `/home/cs/Capstone/Capstone-layout/dataconnect`\n"}}
[debug] [2026-10-05T01:01:14.680Z] E1004 21:01:14.680404    6421 watch.go:40] Failed to load config from "/home/cs/Capstone/Capstone-layout/dataconnect": could not find dataconnect.yaml in `/home/cs/Capstone/Capstone-layout/dataconnect`
 {"metadata":{"emulator":{"name":"dataconnect"},"message":"E1004 21:01:14.680404    6421 watch.go:40] Failed to load config from \"/home/cs/Capstone/Capstone-layout/dataconnect\": could not find dataconnect.yaml in `/home/cs/Capstone/Capstone-layout/dataconnect`\n"}}
[debug] [2026-10-05T01:01:24.658Z] E1004 21:01:24.658117    6421 watch.go:40] Failed to load config from "/home/cs/Capstone/Capstone-layout/dataconnect": could not find dataconnect.yaml in `/home/cs/Capstone/Capstone-layout/dataconnect`
E1004 21:01:24.658112    6421 watch.go:116] watchAllDir unable to walk dir `/home/cs/Capstone/Capstone-layout/dataconnect`: lstat /home/cs/Capstone/Capstone-layout/dataconnect: no such file or directory
 {"metadata":{"emulator":{"name":"dataconnect"},"message":"E1004 21:01:24.658117    6421 watch.go:40] Failed to load config from \"/home/cs/Capstone/Capstone-layout/dataconnect\": could not find dataconnect.yaml in `/home/cs/Capstone/Capstone-layout/dataconnect`\nE1004 21:01:24.658112    6421 watch.go:116] watchAllDir unable to walk dir `/home/cs/Capstone/Capstone-layout/dataconnect`: lstat /home/cs/Capstone/Capstone-layout/dataconnect: no such file or directory\n"}}
[debug] [2026-10-05T01:01:34.722Z] E1004 21:01:34.722282    6421 watch.go:40] Failed to load config from "/home/cs/Capstone/Capstone-layout/dataconnect": could not find dataconnect.yaml in `/home/cs/Capstone/Capstone-layout/dataconnect`
 {"metadata":{"emulator":{"name":"dataconnect"},"message":"E1004 21:01:34.722282    6421 watch.go:40] Failed to load config from \"/home/cs/Capstone/Capstone-layout/dataconnect\": could not find dataconnect.yaml in `/home/cs/Capstone/Capstone-layout/dataconnect`\n"}}
[debug] [2026-10-05T01:01:44.700Z] E1004 21:01:44.699892    6421 watch.go:40] Failed to load config from "/home/cs/Capstone/Capstone-layout/dataconnect": could not find dataconnect.yaml in `/home/cs/Capstone/Capstone-layout/dataconnect`
 {"metadata":{"emulator":{"name":"dataconnect"},"message":"E1004 21:01:44.699892    6421 watch.go:40] Failed to load config from \"/home/cs/Capstone/Capstone-layout/dataconnect\": could not find dataconnect.yaml in `/home/cs/Capstone/Capstone-layout/dataconnect`\n"}}
                                                                                                                                                                                                                                                                                                                                                                                                                                                                                                                                                                                                                                                                                                                                                                                                                                                                                                                                                                                                                                                                                                                                                                                                                                                                                                                                                                                                                                                                                                                                                                           [debug] [2026-10-05T06:12:33.620Z] [Firebase Plugin] Activating Firebase extension.
[debug] [2026-10-05T06:12:36.198Z] [Firebase Plugin] requireAuthWrapper
[debug] [2026-10-05T06:12:36.199Z] > command requires scopes: ["email","openid","https://www.googleapis.com/auth/cloudplatformprojects.readonly","https://www.googleapis.com/auth/firebase","https://www.googleapis.com/auth/cloud-platform"]
[debug] [2026-10-05T06:12:36.199Z] > authorizing via signed-in user (nigerainprince@gmail.com)
[debug] [2026-10-05T06:12:36.204Z] Checked if tokens are valid: false, expires at: 1791165080793
[debug] [2026-10-05T06:12:36.204Z] Checked if tokens are valid: false, expires at: 1791165080793
[debug] [2026-10-05T06:12:36.204Z] > refreshing access token with scopes: []
[debug] [2026-10-05T06:12:36.206Z] >>> [apiv2][query] POST https://www.googleapis.com/oauth2/v3/token [none]
[debug] [2026-10-05T06:12:36.207Z] >>> [apiv2][body] POST https://www.googleapis.com/oauth2/v3/token [omitted]
[debug] [2026-10-05T06:12:36.221Z] [Firebase Plugin] VSCode notification server listening on port 40001
[info] [Firebase Plugin] Starting SQL Connect toolkit (version 3.4.16) on port 50001
[debug] [2026-10-05T06:12:36.765Z] 'fdc build' failed with error: Unable to build your SQL Connect schema and connectors (exit code 1): E1005 02:12:36.761978    6774 cmd.go:43] Error loading data connect config: could not find dataconnect.yaml in `/home/cs/Capstone/Capstone-layout/dataconnect`
 {"metadata":{"emulator":{"name":"dataconnect"},"message":"'fdc build' failed with error: Unable to build your SQL Connect schema and connectors (exit code 1): E1005 02:12:36.761978    6774 cmd.go:43] Error loading data connect config: could not find dataconnect.yaml in `/home/cs/Capstone/Capstone-layout/dataconnect`\n"}}
[debug] [2026-10-05T06:12:36.766Z] Ignoring unsupported arg: auto_download {"metadata":{"emulator":{"name":"dataconnect"},"message":"Ignoring unsupported arg: auto_download"}}
[debug] [2026-10-05T06:12:36.766Z] Ignoring unsupported arg: port {"metadata":{"emulator":{"name":"dataconnect"},"message":"Ignoring unsupported arg: port"}}
[debug] [2026-10-05T06:12:36.766Z] Starting SQL Connect Emulator with command {"binary":"/home/cs/.cache/firebase/emulators/dataconnect-emulator-3.4.16","args":["--logtostderr","-v=2","dev","--listen=localhost:50001","--config_dir=/home/cs/Capstone/Capstone-layout/dataconnect","--enable_output_schema_extensions=true","--enable_output_generated_sdk=true"],"optionalArgs":["listen","config_dir","enable_output_schema_extensions","enable_output_generated_sdk"],"joinArgs":true,"shell":false,"port":9399} {"metadata":{"emulator":{"name":"dataconnect"},"message":"Starting SQL Connect Emulator with command {\"binary\":\"/home/cs/.cache/firebase/emulators/dataconnect-emulator-3.4.16\",\"args\":[\"--logtostderr\",\"-v=2\",\"dev\",\"--listen=localhost:50001\",\"--config_dir=/home/cs/Capstone/Capstone-layout/dataconnect\",\"--enable_output_schema_extensions=true\",\"--enable_output_generated_sdk=true\"],\"optionalArgs\":[\"listen\",\"config_dir\",\"enable_output_schema_extensions\",\"enable_output_generated_sdk\"],\"joinArgs\":true,\"shell\":false,\"port\":9399}"}}
[info] i  dataconnect: SQL Connect Emulator logging to dataconnect-debug.log {"metadata":{"emulator":{"name":"dataconnect"},"message":"SQL Connect Emulator logging to dataconnect-debug.log"}}
[debug] [2026-10-05T06:12:36.811Z] E1005 02:12:36.790266    6785 dev.go:80] Failed to load initial config from "/home/cs/Capstone/Capstone-layout/dataconnect": could not find dataconnect.yaml in `/home/cs/Capstone/Capstone-layout/dataconnect`
E1005 02:12:36.790502    6785 watch.go:116] watchAllDir unable to walk dir `/home/cs/Capstone/Capstone-layout/dataconnect`: lstat /home/cs/Capstone/Capstone-layout/dataconnect: no such file or directory
I1005 02:12:36.790891    6785 dev.go:101] Listening on address (HTTP + gRPC): 127.0.0.1:50001
 {"metadata":{"emulator":{"name":"dataconnect"},"message":"E1005 02:12:36.790266    6785 dev.go:80] Failed to load initial config from \"/home/cs/Capstone/Capstone-layout/dataconnect\": could not find dataconnect.yaml in `/home/cs/Capstone/Capstone-layout/dataconnect`\nE1005 02:12:36.790502    6785 watch.go:116] watchAllDir unable to walk dir `/home/cs/Capstone/Capstone-layout/dataconnect`: lstat /home/cs/Capstone/Capstone-layout/dataconnect: no such file or directory\nI1005 02:12:36.790891    6785 dev.go:101] Listening on address (HTTP + gRPC): 127.0.0.1:50001\n"}}
[debug] [2026-10-05T06:12:36.980Z] <<< [apiv2][status] POST https://www.googleapis.com/oauth2/v3/token 200
[debug] [2026-10-05T06:12:36.981Z] <<< [apiv2][body] POST https://www.googleapis.com/oauth2/v3/token [omitted]
[debug] [2026-10-05T06:12:36.985Z] [Firebase Plugin] User found:  nigerainprince@gmail.com
[info] [Firebase Plugin] (Core:Project) New user detected, fetching projects
[debug] [2026-10-05T06:12:36.985Z] Checked if tokens are valid: true, expires at: 1791184355981
[debug] [2026-10-05T06:12:36.986Z] >>> [apiv2][query] GET https://firebase.googleapis.com/v1beta1/projects pageSize=1000
[error] [Firebase Plugin] error:  {}
[debug] [2026-10-05T06:12:37.033Z] *** [apiv2] error from fetch(https://firebase.googleapis.com/v1beta1/projects?pageSize=1000, {"headers":{},"method":"GET","signal":{}}): AggregateError
[debug] [2026-10-05T06:12:37.033Z] Failed to make request to https://firebase.googleapis.com/v1beta1/projects?pageSize=1000
[debug] [2026-10-05T06:12:46.794Z] E1005 02:12:46.794037    6785 watch.go:40] Failed to load config from "/home/cs/Capstone/Capstone-layout/dataconnect": could not find dataconnect.yaml in `/home/cs/Capstone/Capstone-layout/dataconnect`
 {"metadata":{"emulator":{"name":"dataconnect"},"message":"E1005 02:12:46.794037    6785 watch.go:40] Failed to load config from \"/home/cs/Capstone/Capstone-layout/dataconnect\": could not find dataconnect.yaml in `/home/cs/Capstone/Capstone-layout/dataconnect`\n"}}
[debug] [2026-10-05T06:12:56.800Z] E1005 02:12:56.800107    6785 watch.go:40] Failed to load config from "/home/cs/Capstone/Capstone-layout/dataconnect": could not find dataconnect.yaml in `/home/cs/Capstone/Capstone-layout/dataconnect`
 {"metadata":{"emulator":{"name":"dataconnect"},"message":"E1005 02:12:56.800107    6785 watch.go:40] Failed to load config from \"/home/cs/Capstone/Capstone-layout/dataconnect\": could not find dataconnect.yaml in `/home/cs/Capstone/Capstone-layout/dataconnect`\n"}}
[debug] [2026-10-05T06:13:06.833Z] E1005 02:13:06.832297    6785 watch.go:40] Failed to load config from "/home/cs/Capstone/Capstone-layout/dataconnect": could not find dataconnect.yaml in `/home/cs/Capstone/Capstone-layout/dataconnect`
 {"metadata":{"emulator":{"name":"dataconnect"},"message":"E1005 02:13:06.832297    6785 watch.go:40] Failed to load config from \"/home/cs/Capstone/Capstone-layout/dataconnect\": could not find dataconnect.yaml in `/home/cs/Capstone/Capstone-layout/dataconnect`\n"}}
[debug] [2026-10-05T06:13:16.812Z] E1005 02:13:16.812000    6785 watch.go:40] Failed to load config from "/home/cs/Capstone/Capstone-layout/dataconnect": could not find dataconnect.yaml in `/home/cs/Capstone/Capstone-layout/dataconnect`
 {"metadata":{"emulator":{"name":"dataconnect"},"message":"E1005 02:13:16.812000    6785 watch.go:40] Failed to load config from \"/home/cs/Capstone/Capstone-layout/dataconnect\": could not find dataconnect.yaml in `/home/cs/Capstone/Capstone-layout/dataconnect`\n"}}
[debug] [2026-10-05T06:13:26.824Z] E1005 02:13:26.823255    6785 watch.go:40] Failed to load config from "/home/cs/Capstone/Capstone-layout/dataconnect": could not find dataconnect.yaml in `/home/cs/Capstone/Capstone-layout/dataconnect`
 {"metadata":{"emulator":{"name":"dataconnect"},"message":"E1005 02:13:26.823255    6785 watch.go:40] Failed to load config from \"/home/cs/Capstone/Capstone-layout/dataconnect\": could not find dataconnect.yaml in `/home/cs/Capstone/Capstone-layout/dataconnect`\n"}}
[debug] [2026-10-05T06:13:36.805Z] E1005 02:13:36.804978    6785 watch.go:116] watchAllDir unable to walk dir `/home/cs/Capstone/Capstone-layout/dataconnect`: lstat /home/cs/Capstone/Capstone-layout/dataconnect: no such file or directory
E1005 02:13:36.805261    6785 watch.go:40] Failed to load config from "/home/cs/Capstone/Capstone-layout/dataconnect": could not find dataconnect.yaml in `/home/cs/Capstone/Capstone-layout/dataconnect`
 {"metadata":{"emulator":{"name":"dataconnect"},"message":"E1005 02:13:36.804978    6785 watch.go:116] watchAllDir unable to walk dir `/home/cs/Capstone/Capstone-layout/dataconnect`: lstat /home/cs/Capstone/Capstone-layout/dataconnect: no such file or directory\nE1005 02:13:36.805261    6785 watch.go:40] Failed to load config from \"/home/cs/Capstone/Capstone-layout/dataconnect\": could not find dataconnect.yaml in `/home/cs/Capstone/Capstone-layout/dataconnect`\n"}}
[debug] [2026-10-05T06:13:46.807Z] E1005 02:13:46.807429    6785 watch.go:40] Failed to load config from "/home/cs/Capstone/Capstone-layout/dataconnect": could not find dataconnect.yaml in `/home/cs/Capstone/Capstone-layout/dataconnect`
 {"metadata":{"emulator":{"name":"dataconnect"},"message":"E1005 02:13:46.807429    6785 watch.go:40] Failed to load config from \"/home/cs/Capstone/Capstone-layout/dataconnect\": could not find dataconnect.yaml in `/home/cs/Capstone/Capstone-layout/dataconnect`\n"}}
[debug] [2026-10-05T06:13:56.810Z] E1005 02:13:56.810259    6785 watch.go:40] Failed to load config from "/home/cs/Capstone/Capstone-layout/dataconnect": could not find dataconnect.yaml in `/home/cs/Capstone/Capstone-layout/dataconnect`
 {"metadata":{"emulator":{"name":"dataconnect"},"message":"E1005 02:13:56.810259    6785 watch.go:40] Failed to load config from \"/home/cs/Capstone/Capstone-layout/dataconnect\": could not find dataconnect.yaml in `/home/cs/Capstone/Capstone-layout/dataconnect`\n"}}
[debug] [2026-10-05T06:14:06.808Z] E1005 02:14:06.807769    6785 watch.go:40] Failed to load config from "/home/cs/Capstone/Capstone-layout/dataconnect": could not find dataconnect.yaml in `/home/cs/Capstone/Capstone-layout/dataconnect`
 {"metadata":{"emulator":{"name":"dataconnect"},"message":"E1005 02:14:06.807769    6785 watch.go:40] Failed to load config from \"/home/cs/Capstone/Capstone-layout/dataconnect\": could not find dataconnect.yaml in `/home/cs/Capstone/Capstone-layout/dataconnect`\n"}}
[debug] [2026-10-05T06:14:16.800Z] E1005 02:14:16.800191    6785 watch.go:40] Failed to load config from "/home/cs/Capstone/Capstone-layout/dataconnect": could not find dataconnect.yaml in `/home/cs/Capstone/Capstone-layout/dataconnect`
 {"metadata":{"emulator":{"name":"dataconnect"},"message":"E1005 02:14:16.800191    6785 watch.go:40] Failed to load config from \"/home/cs/Capstone/Capstone-layout/dataconnect\": could not find dataconnect.yaml in `/home/cs/Capstone/Capstone-layout/dataconnect`\n"}}
[debug] [2026-10-05T06:14:26.794Z] E1005 02:14:26.794192    6785 watch.go:40] Failed to load config from "/home/cs/Capstone/Capstone-layout/dataconnect": could not find dataconnect.yaml in `/home/cs/Capstone/Capstone-layout/dataconnect`
 {"metadata":{"emulator":{"name":"dataconnect"},"message":"E1005 02:14:26.794192    6785 watch.go:40] Failed to load config from \"/home/cs/Capstone/Capstone-layout/dataconnect\": could not find dataconnect.yaml in `/home/cs/Capstone/Capstone-layout/dataconnect`\n"}}
[debug] [2026-10-05T06:14:36.816Z] E1005 02:14:36.816327    6785 watch.go:116] watchAllDir unable to walk dir `/home/cs/Capstone/Capstone-layout/dataconnect`: lstat /home/cs/Capstone/Capstone-layout/dataconnect: no such file or directory
E1005 02:14:36.816446    6785 watch.go:40] Failed to load config from "/home/cs/Capstone/Capstone-layout/dataconnect": could not find dataconnect.yaml in `/home/cs/Capstone/Capstone-layout/dataconnect`
 {"metadata":{"emulator":{"name":"dataconnect"},"message":"E1005 02:14:36.816327    6785 watch.go:116] watchAllDir unable to walk dir `/home/cs/Capstone/Capstone-layout/dataconnect`: lstat /home/cs/Capstone/Capstone-layout/dataconnect: no such file or directory\nE1005 02:14:36.816446    6785 watch.go:40] Failed to load config from \"/home/cs/Capstone/Capstone-layout/dataconnect\": could not find dataconnect.yaml in `/home/cs/Capstone/Capstone-layout/dataconnect`\n"}}
[debug] [2026-10-05T06:14:46.798Z] E1005 02:14:46.797885    6785 watch.go:40] Failed to load config from "/home/cs/Capstone/Capstone-layout/dataconnect": could not find dataconnect.yaml in `/home/cs/Capstone/Capstone-layout/dataconnect`
 {"metadata":{"emulator":{"name":"dataconnect"},"message":"E1005 02:14:46.797885    6785 watch.go:40] Failed to load config from \"/home/cs/Capstone/Capstone-layout/dataconnect\": could not find dataconnect.yaml in `/home/cs/Capstone/Capstone-layout/dataconnect`\n"}}
[debug] [2026-10-05T06:14:56.828Z] E1005 02:14:56.828212    6785 watch.go:40] Failed to load config from "/home/cs/Capstone/Capstone-layout/dataconnect": could not find dataconnect.yaml in `/home/cs/Capstone/Capstone-layout/dataconnect`
 {"metadata":{"emulator":{"name":"dataconnect"},"message":"E1005 02:14:56.828212    6785 watch.go:40] Failed to load config from \"/home/cs/Capstone/Capstone-layout/dataconnect\": could not find dataconnect.yaml in `/home/cs/Capstone/Capstone-layout/dataconnect`\n"}}
[debug] [2026-10-05T06:15:06.791Z] E1005 02:15:06.791159    6785 watch.go:40] Failed to load config from "/home/cs/Capstone/Capstone-layout/dataconnect": could not find dataconnect.yaml in `/home/cs/Capstone/Capstone-layout/dataconnect`
 {"metadata":{"emulator":{"name":"dataconnect"},"message":"E1005 02:15:06.791159    6785 watch.go:40] Failed to load config from \"/home/cs/Capstone/Capstone-layout/dataconnect\": could not find dataconnect.yaml in `/home/cs/Capstone/Capstone-layout/dataconnect`\n"}}
[debug] [2026-10-05T06:15:16.804Z] E1005 02:15:16.803495    6785 watch.go:40] Failed to load config from "/home/cs/Capstone/Capstone-layout/dataconnect": could not find dataconnect.yaml in `/home/cs/Capstone/Capstone-layout/dataconnect`
 {"metadata":{"emulator":{"name":"dataconnect"},"message":"E1005 02:15:16.803495    6785 watch.go:40] Failed to load config from \"/home/cs/Capstone/Capstone-layout/dataconnect\": could not find dataconnect.yaml in `/home/cs/Capstone/Capstone-layout/dataconnect`\n"}}
[debug] [2026-10-05T06:15:27.192Z] E1005 02:15:27.191305    6785 watch.go:40] Failed to load config from "/home/cs/Capstone/Capstone-layout/dataconnect": could not find dataconnect.yaml in `/home/cs/Capstone/Capstone-layout/dataconnect`
 {"metadata":{"emulator":{"name":"dataconnect"},"message":"E1005 02:15:27.191305    6785 watch.go:40] Failed to load config from \"/home/cs/Capstone/Capstone-layout/dataconnect\": could not find dataconnect.yaml in `/home/cs/Capstone/Capstone-layout/dataconnect`\n"}}
[debug] [2026-10-05T06:15:36.795Z] E1005 02:15:36.794776    6785 watch.go:116] watchAllDir unable to walk dir `/home/cs/Capstone/Capstone-layout/dataconnect`: lstat /home/cs/Capstone/Capstone-layout/dataconnect: no such file or directory
E1005 02:15:36.794892    6785 watch.go:40] Failed to load config from "/home/cs/Capstone/Capstone-layout/dataconnect": could not find dataconnect.yaml in `/home/cs/Capstone/Capstone-layout/dataconnect`
 {"metadata":{"emulator":{"name":"dataconnect"},"message":"E1005 02:15:36.794776    6785 watch.go:116] watchAllDir unable to walk dir `/home/cs/Capstone/Capstone-layout/dataconnect`: lstat /home/cs/Capstone/Capstone-layout/dataconnect: no such file or directory\nE1005 02:15:36.794892    6785 watch.go:40] Failed to load config from \"/home/cs/Capstone/Capstone-layout/dataconnect\": could not find dataconnect.yaml in `/home/cs/Capstone/Capstone-layout/dataconnect`\n"}}
[debug] [2026-10-05T06:15:46.825Z] E1005 02:15:46.825192    6785 watch.go:40] Failed to load config from "/home/cs/Capstone/Capstone-layout/dataconnect": could not find dataconnect.yaml in `/home/cs/Capstone/Capstone-layout/dataconnect`
 {"metadata":{"emulator":{"name":"dataconnect"},"message":"E1005 02:15:46.825192    6785 watch.go:40] Failed to load config from \"/home/cs/Capstone/Capstone-layout/dataconnect\": could not find dataconnect.yaml in `/home/cs/Capstone/Capstone-layout/dataconnect`\n"}}
[debug] [2026-10-05T06:15:56.814Z] E1005 02:15:56.813914    6785 watch.go:40] Failed to load config from "/home/cs/Capstone/Capstone-layout/dataconnect": could not find dataconnect.yaml in `/home/cs/Capstone/Capstone-layout/dataconnect`
 {"metadata":{"emulator":{"name":"dataconnect"},"message":"E1005 02:15:56.813914    6785 watch.go:40] Failed to load config from \"/home/cs/Capstone/Capstone-layout/dataconnect\": could not find dataconnect.yaml in `/home/cs/Capstone/Capstone-layout/dataconnect`\n"}}
[debug] [2026-10-05T06:16:06.791Z] E1005 02:16:06.791223    6785 watch.go:40] Failed to load config from "/home/cs/Capstone/Capstone-layout/dataconnect": could not find dataconnect.yaml in `/home/cs/Capstone/Capstone-layout/dataconnect`
 {"metadata":{"emulator":{"name":"dataconnect"},"message":"E1005 02:16:06.791223    6785 watch.go:40] Failed to load config from \"/home/cs/Capstone/Capstone-layout/dataconnect\": could not find dataconnect.yaml in `/home/cs/Capstone/Capstone-layout/dataconnect`\n"}}
[debug] [2026-10-05T06:16:16.800Z] E1005 02:16:16.800832    6785 watch.go:40] Failed to load config from "/home/cs/Capstone/Capstone-layout/dataconnect": could not find dataconnect.yaml in `/home/cs/Capstone/Capstone-layout/dataconnect`
 {"metadata":{"emulator":{"name":"dataconnect"},"message":"E1005 02:16:16.800832    6785 watch.go:40] Failed to load config from \"/home/cs/Capstone/Capstone-layout/dataconnect\": could not find dataconnect.yaml in `/home/cs/Capstone/Capstone-layout/dataconnect`\n"}}
[debug] [2026-10-05T06:16:26.802Z] E1005 02:16:26.802564    6785 watch.go:40] Failed to load config from "/home/cs/Capstone/Capstone-layout/dataconnect": could not find dataconnect.yaml in `/home/cs/Capstone/Capstone-layout/dataconnect`
 {"metadata":{"emulator":{"name":"dataconnect"},"message":"E1005 02:16:26.802564    6785 watch.go:40] Failed to load config from \"/home/cs/Capstone/Capstone-layout/dataconnect\": could not find dataconnect.yaml in `/home/cs/Capstone/Capstone-layout/dataconnect`\n"}}
[debug] [2026-10-05T06:16:36.901Z] E1005 02:16:36.901185    6785 watch.go:116] watchAllDir unable to walk dir `/home/cs/Capstone/Capstone-layout/dataconnect`: lstat /home/cs/Capstone/Capstone-layout/dataconnect: no such file or directory
E1005 02:16:36.901240    6785 watch.go:40] Failed to load config from "/home/cs/Capstone/Capstone-layout/dataconnect": could not find dataconnect.yaml in `/home/cs/Capstone/Capstone-layout/dataconnect`
 {"metadata":{"emulator":{"name":"dataconnect"},"message":"E1005 02:16:36.901185    6785 watch.go:116] watchAllDir unable to walk dir `/home/cs/Capstone/Capstone-layout/dataconnect`: lstat /home/cs/Capstone/Capstone-layout/dataconnect: no such file or directory\nE1005 02:16:36.901240    6785 watch.go:40] Failed to load config from \"/home/cs/Capstone/Capstone-layout/dataconnect\": could not find dataconnect.yaml in `/home/cs/Capstone/Capstone-layout/dataconnect`\n"}}
[debug] [2026-10-05T06:16:46.800Z] E1005 02:16:46.800042    6785 watch.go:40] Failed to load config from "/home/cs/Capstone/Capstone-layout/dataconnect": could not find dataconnect.yaml in `/home/cs/Capstone/Capstone-layout/dataconnect`
 {"metadata":{"emulator":{"name":"dataconnect"},"message":"E1005 02:16:46.800042    6785 watch.go:40] Failed to load config from \"/home/cs/Capstone/Capstone-layout/dataconnect\": could not find dataconnect.yaml in `/home/cs/Capstone/Capstone-layout/dataconnect`\n"}}
[debug] [2026-10-05T06:16:56.791Z] E1005 02:16:56.790712    6785 watch.go:40] Failed to load config from "/home/cs/Capstone/Capstone-layout/dataconnect": could not find dataconnect.yaml in `/home/cs/Capstone/Capstone-layout/dataconnect`
 {"metadata":{"emulator":{"name":"dataconnect"},"message":"E1005 02:16:56.790712    6785 watch.go:40] Failed to load config from \"/home/cs/Capstone/Capstone-layout/dataconnect\": could not find dataconnect.yaml in `/home/cs/Capstone/Capstone-layout/dataconnect`\n"}}
[debug] [2026-10-05T06:17:06.791Z] E1005 02:17:06.791230    6785 watch.go:40] Failed to load config from "/home/cs/Capstone/Capstone-layout/dataconnect": could not find dataconnect.yaml in `/home/cs/Capstone/Capstone-layout/dataconnect`
 {"metadata":{"emulator":{"name":"dataconnect"},"message":"E1005 02:17:06.791230    6785 watch.go:40] Failed to load config from \"/home/cs/Capstone/Capstone-layout/dataconnect\": could not find dataconnect.yaml in `/home/cs/Capstone/Capstone-layout/dataconnect`\n"}}
[debug] [2026-10-05T06:17:16.793Z] E1005 02:17:16.793567    6785 watch.go:40] Failed to load config from "/home/cs/Capstone/Capstone-layout/dataconnect": could not find dataconnect.yaml in `/home/cs/Capstone/Capstone-layout/dataconnect`
 {"metadata":{"emulator":{"name":"dataconnect"},"message":"E1005 02:17:16.793567    6785 watch.go:40] Failed to load config from \"/home/cs/Capstone/Capstone-layout/dataconnect\": could not find dataconnect.yaml in `/home/cs/Capstone/Capstone-layout/dataconnect`\n"}}
[debug] [2026-10-05T06:17:26.805Z] E1005 02:17:26.804657    6785 watch.go:40] Failed to load config from "/home/cs/Capstone/Capstone-layout/dataconnect": could not find dataconnect.yaml in `/home/cs/Capstone/Capstone-layout/dataconnect`
 {"metadata":{"emulator":{"name":"dataconnect"},"message":"E1005 02:17:26.804657    6785 watch.go:40] Failed to load config from \"/home/cs/Capstone/Capstone-layout/dataconnect\": could not find dataconnect.yaml in `/home/cs/Capstone/Capstone-layout/dataconnect`\n"}}
[debug] [2026-10-05T06:17:36.792Z] E1005 02:17:36.791626    6785 watch.go:116] watchAllDir unable to walk dir `/home/cs/Capstone/Capstone-layout/dataconnect`: lstat /home/cs/Capstone/Capstone-layout/dataconnect: no such file or directory
E1005 02:17:36.791869    6785 watch.go:40] Failed to load config from "/home/cs/Capstone/Capstone-layout/dataconnect": could not find dataconnect.yaml in `/home/cs/Capstone/Capstone-layout/dataconnect`
 {"metadata":{"emulator":{"name":"dataconnect"},"message":"E1005 02:17:36.791626    6785 watch.go:116] watchAllDir unable to walk dir `/home/cs/Capstone/Capstone-layout/dataconnect`: lstat /home/cs/Capstone/Capstone-layout/dataconnect: no such file or directory\nE1005 02:17:36.791869    6785 watch.go:40] Failed to load config from \"/home/cs/Capstone/Capstone-layout/dataconnect\": could not find dataconnect.yaml in `/home/cs/Capstone/Capstone-layout/dataconnect`\n"}}
[debug] [2026-10-05T06:17:46.799Z] E1005 02:17:46.799375    6785 watch.go:40] Failed to load config from "/home/cs/Capstone/Capstone-layout/dataconnect": could not find dataconnect.yaml in `/home/cs/Capstone/Capstone-layout/dataconnect`
 {"metadata":{"emulator":{"name":"dataconnect"},"message":"E1005 02:17:46.799375    6785 watch.go:40] Failed to load config from \"/home/cs/Capstone/Capstone-layout/dataconnect\": could not find dataconnect.yaml in `/home/cs/Capstone/Capstone-layout/dataconnect`\n"}}
[debug] [2026-10-05T06:17:56.821Z] E1005 02:17:56.821198    6785 watch.go:40] Failed to load config from "/home/cs/Capstone/Capstone-layout/dataconnect": could not find dataconnect.yaml in `/home/cs/Capstone/Capstone-layout/dataconnect`
 {"metadata":{"emulator":{"name":"dataconnect"},"message":"E1005 02:17:56.821198    6785 watch.go:40] Failed to load config from \"/home/cs/Capstone/Capstone-layout/dataconnect\": could not find dataconnect.yaml in `/home/cs/Capstone/Capstone-layout/dataconnect`\n"}}
[debug] [2026-10-05T06:18:06.791Z] E1005 02:18:06.791435    6785 watch.go:40] Failed to load config from "/home/cs/Capstone/Capstone-layout/dataconnect": could not find dataconnect.yaml in `/home/cs/Capstone/Capstone-layout/dataconnect`
 {"metadata":{"emulator":{"name":"dataconnect"},"message":"E1005 02:18:06.791435    6785 watch.go:40] Failed to load config from \"/home/cs/Capstone/Capstone-layout/dataconnect\": could not find dataconnect.yaml in `/home/cs/Capstone/Capstone-layout/dataconnect`\n"}}
[debug] [2026-10-05T06:18:16.799Z] E1005 02:18:16.798815    6785 watch.go:40] Failed to load config from "/home/cs/Capstone/Capstone-layout/dataconnect": could not find dataconnect.yaml in `/home/cs/Capstone/Capstone-layout/dataconnect`
 {"metadata":{"emulator":{"name":"dataconnect"},"message":"E1005 02:18:16.798815    6785 watch.go:40] Failed to load config from \"/home/cs/Capstone/Capstone-layout/dataconnect\": could not find dataconnect.yaml in `/home/cs/Capstone/Capstone-layout/dataconnect`\n"}}
[debug] [2026-10-05T06:18:26.821Z] E1005 02:18:26.820751    6785 watch.go:40] Failed to load config from "/home/cs/Capstone/Capstone-layout/dataconnect": could not find dataconnect.yaml in `/home/cs/Capstone/Capstone-layout/dataconnect`
 {"metadata":{"emulator":{"name":"dataconnect"},"message":"E1005 02:18:26.820751    6785 watch.go:40] Failed to load config from \"/home/cs/Capstone/Capstone-layout/dataconnect\": could not find dataconnect.yaml in `/home/cs/Capstone/Capstone-layout/dataconnect`\n"}}
[debug] [2026-10-05T06:18:36.809Z] E1005 02:18:36.808570    6785 watch.go:116] watchAllDir unable to walk dir `/home/cs/Capstone/Capstone-layout/dataconnect`: lstat /home/cs/Capstone/Capstone-layout/dataconnect: no such file or directory
E1005 02:18:36.809017    6785 watch.go:40] Failed to load config from "/home/cs/Capstone/Capstone-layout/dataconnect": could not find dataconnect.yaml in `/home/cs/Capstone/Capstone-layout/dataconnect`
 {"metadata":{"emulator":{"name":"dataconnect"},"message":"E1005 02:18:36.808570    6785 watch.go:116] watchAllDir unable to walk dir `/home/cs/Capstone/Capstone-layout/dataconnect`: lstat /home/cs/Capstone/Capstone-layout/dataconnect: no such file or directory\nE1005 02:18:36.809017    6785 watch.go:40] Failed to load config from \"/home/cs/Capstone/Capstone-layout/dataconnect\": could not find dataconnect.yaml in `/home/cs/Capstone/Capstone-layout/dataconnect`\n"}}
[debug] [2026-10-05T06:18:46.791Z] E1005 02:18:46.791602    6785 watch.go:40] Failed to load config from "/home/cs/Capstone/Capstone-layout/dataconnect": could not find dataconnect.yaml in `/home/cs/Capstone/Capstone-layout/dataconnect`
 {"metadata":{"emulator":{"name":"dataconnect"},"message":"E1005 02:18:46.791602    6785 watch.go:40] Failed to load config from \"/home/cs/Capstone/Capstone-layout/dataconnect\": could not find dataconnect.yaml in `/home/cs/Capstone/Capstone-layout/dataconnect`\n"}}
[debug] [2026-10-05T06:18:56.793Z] E1005 02:18:56.793462    6785 watch.go:40] Failed to load config from "/home/cs/Capstone/Capstone-layout/dataconnect": could not find dataconnect.yaml in `/home/cs/Capstone/Capstone-layout/dataconnect`
 {"metadata":{"emulator":{"name":"dataconnect"},"message":"E1005 02:18:56.793462    6785 watch.go:40] Failed to load config from \"/home/cs/Capstone/Capstone-layout/dataconnect\": could not find dataconnect.yaml in `/home/cs/Capstone/Capstone-layout/dataconnect`\n"}}
[debug] [2026-10-05T06:19:06.796Z] E1005 02:19:06.796267    6785 watch.go:40] Failed to load config from "/home/cs/Capstone/Capstone-layout/dataconnect": could not find dataconnect.yaml in `/home/cs/Capstone/Capstone-layout/dataconnect`
 {"metadata":{"emulator":{"name":"dataconnect"},"message":"E1005 02:19:06.796267    6785 watch.go:40] Failed to load config from \"/home/cs/Capstone/Capstone-layout/dataconnect\": could not find dataconnect.yaml in `/home/cs/Capstone/Capstone-layout/dataconnect`\n"}}
[debug] [2026-10-05T06:19:16.794Z] E1005 02:19:16.793215    6785 watch.go:40] Failed to load config from "/home/cs/Capstone/Capstone-layout/dataconnect": could not find dataconnect.yaml in `/home/cs/Capstone/Capstone-layout/dataconnect`
 {"metadata":{"emulator":{"name":"dataconnect"},"message":"E1005 02:19:16.793215    6785 watch.go:40] Failed to load config from \"/home/cs/Capstone/Capstone-layout/dataconnect\": could not find dataconnect.yaml in `/home/cs/Capstone/Capstone-layout/dataconnect`\n"}}
[debug] [2026-10-05T06:19:26.808Z] E1005 02:19:26.807795    6785 watch.go:40] Failed to load config from "/home/cs/Capstone/Capstone-layout/dataconnect": could not find dataconnect.yaml in `/home/cs/Capstone/Capstone-layout/dataconnect`
 {"metadata":{"emulator":{"name":"dataconnect"},"message":"E1005 02:19:26.807795    6785 watch.go:40] Failed to load config from \"/home/cs/Capstone/Capstone-layout/dataconnect\": could not find dataconnect.yaml in `/home/cs/Capstone/Capstone-layout/dataconnect`\n"}}
[debug] [2026-10-05T06:19:36.791Z] E1005 02:19:36.791384    6785 watch.go:116] watchAllDir unable to walk dir `/home/cs/Capstone/Capstone-layout/dataconnect`: lstat /home/cs/Capstone/Capstone-layout/dataconnect: no such file or directory
E1005 02:19:36.791449    6785 watch.go:40] Failed to load config from "/home/cs/Capstone/Capstone-layout/dataconnect": could not find dataconnect.yaml in `/home/cs/Capstone/Capstone-layout/dataconnect`
 {"metadata":{"emulator":{"name":"dataconnect"},"message":"E1005 02:19:36.791384    6785 watch.go:116] watchAllDir unable to walk dir `/home/cs/Capstone/Capstone-layout/dataconnect`: lstat /home/cs/Capstone/Capstone-layout/dataconnect: no such file or directory\nE1005 02:19:36.791449    6785 watch.go:40] Failed to load config from \"/home/cs/Capstone/Capstone-layout/dataconnect\": could not find dataconnect.yaml in `/home/cs/Capstone/Capstone-layout/dataconnect`\n"}}
[debug] [2026-10-05T06:19:46.799Z] E1005 02:19:46.799373    6785 watch.go:40] Failed to load config from "/home/cs/Capstone/Capstone-layout/dataconnect": could not find dataconnect.yaml in `/home/cs/Capstone/Capstone-layout/dataconnect`
 {"metadata":{"emulator":{"name":"dataconnect"},"message":"E1005 02:19:46.799373    6785 watch.go:40] Failed to load config from \"/home/cs/Capstone/Capstone-layout/dataconnect\": could not find dataconnect.yaml in `/home/cs/Capstone/Capstone-layout/dataconnect`\n"}}
[debug] [2026-10-05T06:19:56.884Z] E1005 02:19:56.884248    6785 watch.go:40] Failed to load config from "/home/cs/Capstone/Capstone-layout/dataconnect": could not find dataconnect.yaml in `/home/cs/Capstone/Capstone-layout/dataconnect`
 {"metadata":{"emulator":{"name":"dataconnect"},"message":"E1005 02:19:56.884248    6785 watch.go:40] Failed to load config from \"/home/cs/Capstone/Capstone-layout/dataconnect\": could not find dataconnect.yaml in `/home/cs/Capstone/Capstone-layout/dataconnect`\n"}}
[debug] [2026-10-05T06:20:06.791Z] E1005 02:20:06.791086    6785 watch.go:40] Failed to load config from "/home/cs/Capstone/Capstone-layout/dataconnect": could not find dataconnect.yaml in `/home/cs/Capstone/Capstone-layout/dataconnect`
 {"metadata":{"emulator":{"name":"dataconnect"},"message":"E1005 02:20:06.791086    6785 watch.go:40] Failed to load config from \"/home/cs/Capstone/Capstone-layout/dataconnect\": could not find dataconnect.yaml in `/home/cs/Capstone/Capstone-layout/dataconnect`\n"}}
[debug] [2026-10-05T06:20:16.802Z] E1005 02:20:16.802362    6785 watch.go:40] Failed to load config from "/home/cs/Capstone/Capstone-layout/dataconnect": could not find dataconnect.yaml in `/home/cs/Capstone/Capstone-layout/dataconnect`
 {"metadata":{"emulator":{"name":"dataconnect"},"message":"E1005 02:20:16.802362    6785 watch.go:40] Failed to load config from \"/home/cs/Capstone/Capstone-layout/dataconnect\": could not find dataconnect.yaml in `/home/cs/Capstone/Capstone-layout/dataconnect`\n"}}
[debug] [2026-10-05T06:20:26.802Z] E1005 02:20:26.802010    6785 watch.go:40] Failed to load config from "/home/cs/Capstone/Capstone-layout/dataconnect": could not find dataconnect.yaml in `/home/cs/Capstone/Capstone-layout/dataconnect`
 {"metadata":{"emulator":{"name":"dataconnect"},"message":"E1005 02:20:26.802010    6785 watch.go:40] Failed to load config from \"/home/cs/Capstone/Capstone-layout/dataconnect\": could not find dataconnect.yaml in `/home/cs/Capstone/Capstone-layout/dataconnect`\n"}}
[debug] [2026-10-05T06:20:36.798Z] E1005 02:20:36.797632    6785 watch.go:116] watchAllDir unable to walk dir `/home/cs/Capstone/Capstone-layout/dataconnect`: lstat /home/cs/Capstone/Capstone-layout/dataconnect: no such file or directory
E1005 02:20:36.797782    6785 watch.go:40] Failed to load config from "/home/cs/Capstone/Capstone-layout/dataconnect": could not find dataconnect.yaml in `/home/cs/Capstone/Capstone-layout/dataconnect`
 {"metadata":{"emulator":{"name":"dataconnect"},"message":"E1005 02:20:36.797632    6785 watch.go:116] watchAllDir unable to walk dir `/home/cs/Capstone/Capstone-layout/dataconnect`: lstat /home/cs/Capstone/Capstone-layout/dataconnect: no such file or directory\nE1005 02:20:36.797782    6785 watch.go:40] Failed to load config from \"/home/cs/Capstone/Capstone-layout/dataconnect\": could not find dataconnect.yaml in `/home/cs/Capstone/Capstone-layout/dataconnect`\n"}}
[debug] [2026-10-05T06:20:46.816Z] E1005 02:20:46.816216    6785 watch.go:40] Failed to load config from "/home/cs/Capstone/Capstone-layout/dataconnect": could not find dataconnect.yaml in `/home/cs/Capstone/Capstone-layout/dataconnect`
 {"metadata":{"emulator":{"name":"dataconnect"},"message":"E1005 02:20:46.816216    6785 watch.go:40] Failed to load config from \"/home/cs/Capstone/Capstone-layout/dataconnect\": could not find dataconnect.yaml in `/home/cs/Capstone/Capstone-layout/dataconnect`\n"}}
[debug] [2026-10-05T06:20:56.799Z] E1005 02:20:56.799010    6785 watch.go:40] Failed to load config from "/home/cs/Capstone/Capstone-layout/dataconnect": could not find dataconnect.yaml in `/home/cs/Capstone/Capstone-layout/dataconnect`
 {"metadata":{"emulator":{"name":"dataconnect"},"message":"E1005 02:20:56.799010    6785 watch.go:40] Failed to load config from \"/home/cs/Capstone/Capstone-layout/dataconnect\": could not find dataconnect.yaml in `/home/cs/Capstone/Capstone-layout/dataconnect`\n"}}
[debug] [2026-10-05T06:21:06.792Z] E1005 02:21:06.792114    6785 watch.go:40] Failed to load config from "/home/cs/Capstone/Capstone-layout/dataconnect": could not find dataconnect.yaml in `/home/cs/Capstone/Capstone-layout/dataconnect`
 {"metadata":{"emulator":{"name":"dataconnect"},"message":"E1005 02:21:06.792114    6785 watch.go:40] Failed to load config from \"/home/cs/Capstone/Capstone-layout/dataconnect\": could not find dataconnect.yaml in `/home/cs/Capstone/Capstone-layout/dataconnect`\n"}}
[debug] [2026-10-05T06:21:16.800Z] E1005 02:21:16.800661    6785 watch.go:40] Failed to load config from "/home/cs/Capstone/Capstone-layout/dataconnect": could not find dataconnect.yaml in `/home/cs/Capstone/Capstone-layout/dataconnect`
 {"metadata":{"emulator":{"name":"dataconnect"},"message":"E1005 02:21:16.800661    6785 watch.go:40] Failed to load config from \"/home/cs/Capstone/Capstone-layout/dataconnect\": could not find dataconnect.yaml in `/home/cs/Capstone/Capstone-layout/dataconnect`\n"}}
[debug] [2026-10-05T06:21:26.795Z] E1005 02:21:26.795087    6785 watch.go:40] Failed to load config from "/home/cs/Capstone/Capstone-layout/dataconnect": could not find dataconnect.yaml in `/home/cs/Capstone/Capstone-layout/dataconnect`
 {"metadata":{"emulator":{"name":"dataconnect"},"message":"E1005 02:21:26.795087    6785 watch.go:40] Failed to load config from \"/home/cs/Capstone/Capstone-layout/dataconnect\": could not find dataconnect.yaml in `/home/cs/Capstone/Capstone-layout/dataconnect`\n"}}
[debug] [2026-10-05T06:21:36.791Z] E1005 02:21:36.791296    6785 watch.go:116] watchAllDir unable to walk dir `/home/cs/Capstone/Capstone-layout/dataconnect`: lstat /home/cs/Capstone/Capstone-layout/dataconnect: no such file or directory
E1005 02:21:36.791374    6785 watch.go:40] Failed to load config from "/home/cs/Capstone/Capstone-layout/dataconnect": could not find dataconnect.yaml in `/home/cs/Capstone/Capstone-layout/dataconnect`
 {"metadata":{"emulator":{"name":"dataconnect"},"message":"E1005 02:21:36.791296    6785 watch.go:116] watchAllDir unable to walk dir `/home/cs/Capstone/Capstone-layout/dataconnect`: lstat /home/cs/Capstone/Capstone-layout/dataconnect: no such file or directory\nE1005 02:21:36.791374    6785 watch.go:40] Failed to load config from \"/home/cs/Capstone/Capstone-layout/dataconnect\": could not find dataconnect.yaml in `/home/cs/Capstone/Capstone-layout/dataconnect`\n"}}
[debug] [2026-10-05T06:21:46.803Z] E1005 02:21:46.803680    6785 watch.go:40] Failed to load config from "/home/cs/Capstone/Capstone-layout/dataconnect": could not find dataconnect.yaml in `/home/cs/Capstone/Capstone-layout/dataconnect`
 {"metadata":{"emulator":{"name":"dataconnect"},"message":"E1005 02:21:46.803680    6785 watch.go:40] Failed to load config from \"/home/cs/Capstone/Capstone-layout/dataconnect\": could not find dataconnect.yaml in `/home/cs/Capstone/Capstone-layout/dataconnect`\n"}}
[debug] [2026-10-05T06:21:56.792Z] E1005 02:21:56.792158    6785 watch.go:40] Failed to load config from "/home/cs/Capstone/Capstone-layout/dataconnect": could not find dataconnect.yaml in `/home/cs/Capstone/Capstone-layout/dataconnect`
 {"metadata":{"emulator":{"name":"dataconnect"},"message":"E1005 02:21:56.792158    6785 watch.go:40] Failed to load config from \"/home/cs/Capstone/Capstone-layout/dataconnect\": could not find dataconnect.yaml in `/home/cs/Capstone/Capstone-layout/dataconnect`\n"}}
[debug] [2026-10-05T06:22:06.790Z] E1005 02:22:06.790665    6785 watch.go:40] Failed to load config from "/home/cs/Capstone/Capstone-layout/dataconnect": could not find dataconnect.yaml in `/home/cs/Capstone/Capstone-layout/dataconnect`
 {"metadata":{"emulator":{"name":"dataconnect"},"message":"E1005 02:22:06.790665    6785 watch.go:40] Failed to load config from \"/home/cs/Capstone/Capstone-layout/dataconnect\": could not find dataconnect.yaml in `/home/cs/Capstone/Capstone-layout/dataconnect`\n"}}
[debug] [2026-10-05T06:22:16.795Z] E1005 02:22:16.795533    6785 watch.go:40] Failed to load config from "/home/cs/Capstone/Capstone-layout/dataconnect": could not find dataconnect.yaml in `/home/cs/Capstone/Capstone-layout/dataconnect`
 {"metadata":{"emulator":{"name":"dataconnect"},"message":"E1005 02:22:16.795533    6785 watch.go:40] Failed to load config from \"/home/cs/Capstone/Capstone-layout/dataconnect\": could not find dataconnect.yaml in `/home/cs/Capstone/Capstone-layout/dataconnect`\n"}}
[debug] [2026-10-05T06:22:26.791Z] E1005 02:22:26.791480    6785 watch.go:40] Failed to load config from "/home/cs/Capstone/Capstone-layout/dataconnect": could not find dataconnect.yaml in `/home/cs/Capstone/Capstone-layout/dataconnect`
 {"metadata":{"emulator":{"name":"dataconnect"},"message":"E1005 02:22:26.791480    6785 watch.go:40] Failed to load config from \"/home/cs/Capstone/Capstone-layout/dataconnect\": could not find dataconnect.yaml in `/home/cs/Capstone/Capstone-layout/dataconnect`\n"}}
[debug] [2026-10-05T06:22:36.792Z] E1005 02:22:36.792088    6785 watch.go:116] watchAllDir unable to walk dir `/home/cs/Capstone/Capstone-layout/dataconnect`: lstat /home/cs/Capstone/Capstone-layout/dataconnect: no such file or directory
 {"metadata":{"emulator":{"name":"dataconnect"},"message":"E1005 02:22:36.792088    6785 watch.go:116] watchAllDir unable to walk dir `/home/cs/Capstone/Capstone-layout/dataconnect`: lstat /home/cs/Capstone/Capstone-layout/dataconnect: no such file or directory\n"}}
[debug] [2026-10-05T06:22:36.793Z] E1005 02:22:36.792400    6785 watch.go:40] Failed to load config from "/home/cs/Capstone/Capstone-layout/dataconnect": could not find dataconnect.yaml in `/home/cs/Capstone/Capstone-layout/dataconnect`
 {"metadata":{"emulator":{"name":"dataconnect"},"message":"E1005 02:22:36.792400    6785 watch.go:40] Failed to load config from \"/home/cs/Capstone/Capstone-layout/dataconnect\": could not find dataconnect.yaml in `/home/cs/Capstone/Capstone-layout/dataconnect`\n"}}
[debug] [2026-10-05T06:22:46.791Z] E1005 02:22:46.791341    6785 watch.go:40] Failed to load config from "/home/cs/Capstone/Capstone-layout/dataconnect": could not find dataconnect.yaml in `/home/cs/Capstone/Capstone-layout/dataconnect`
 {"metadata":{"emulator":{"name":"dataconnect"},"message":"E1005 02:22:46.791341    6785 watch.go:40] Failed to load config from \"/home/cs/Capstone/Capstone-layout/dataconnect\": could not find dataconnect.yaml in `/home/cs/Capstone/Capstone-layout/dataconnect`\n"}}
[debug] [2026-10-05T06:22:56.864Z] E1005 02:22:56.862706    6785 watch.go:40] Failed to load config from "/home/cs/Capstone/Capstone-layout/dataconnect": could not find dataconnect.yaml in `/home/cs/Capstone/Capstone-layout/dataconnect`
 {"metadata":{"emulator":{"name":"dataconnect"},"message":"E1005 02:22:56.862706    6785 watch.go:40] Failed to load config from \"/home/cs/Capstone/Capstone-layout/dataconnect\": could not find dataconnect.yaml in `/home/cs/Capstone/Capstone-layout/dataconnect`\n"}}
[debug] [2026-10-05T06:23:06.933Z] E1005 02:23:06.933273    6785 watch.go:40] Failed to load config from "/home/cs/Capstone/Capstone-layout/dataconnect": could not find dataconnect.yaml in `/home/cs/Capstone/Capstone-layout/dataconnect`
 {"metadata":{"emulator":{"name":"dataconnect"},"message":"E1005 02:23:06.933273    6785 watch.go:40] Failed to load config from \"/home/cs/Capstone/Capstone-layout/dataconnect\": could not find dataconnect.yaml in `/home/cs/Capstone/Capstone-layout/dataconnect`\n"}}
[debug] [2026-10-05T06:23:16.971Z] E1005 02:23:16.971087    6785 watch.go:40] Failed to load config from "/home/cs/Capstone/Capstone-layout/dataconnect": could not find dataconnect.yaml in `/home/cs/Capstone/Capstone-layout/dataconnect`
 {"metadata":{"emulator":{"name":"dataconnect"},"message":"E1005 02:23:16.971087    6785 watch.go:40] Failed to load config from \"/home/cs/Capstone/Capstone-layout/dataconnect\": could not find dataconnect.yaml in `/home/cs/Capstone/Capstone-layout/dataconnect`\n"}}
[debug] [2026-10-05T06:23:26.791Z] E1005 02:23:26.791380    6785 watch.go:40] Failed to load config from "/home/cs/Capstone/Capstone-layout/dataconnect": could not find dataconnect.yaml in `/home/cs/Capstone/Capstone-layout/dataconnect`
 {"metadata":{"emulator":{"name":"dataconnect"},"message":"E1005 02:23:26.791380    6785 watch.go:40] Failed to load config from \"/home/cs/Capstone/Capstone-layout/dataconnect\": could not find dataconnect.yaml in `/home/cs/Capstone/Capstone-layout/dataconnect`\n"}}
[debug] [2026-10-05T06:23:36.791Z] E1005 02:23:36.790703    6785 watch.go:116] watchAllDir unable to walk dir `/home/cs/Capstone/Capstone-layout/dataconnect`: lstat /home/cs/Capstone/Capstone-layout/dataconnect: no such file or directory
E1005 02:23:36.791062    6785 watch.go:40] Failed to load config from "/home/cs/Capstone/Capstone-layout/dataconnect": could not find dataconnect.yaml in `/home/cs/Capstone/Capstone-layout/dataconnect`
 {"metadata":{"emulator":{"name":"dataconnect"},"message":"E1005 02:23:36.790703    6785 watch.go:116] watchAllDir unable to walk dir `/home/cs/Capstone/Capstone-layout/dataconnect`: lstat /home/cs/Capstone/Capstone-layout/dataconnect: no such file or directory\nE1005 02:23:36.791062    6785 watch.go:40] Failed to load config from \"/home/cs/Capstone/Capstone-layout/dataconnect\": could not find dataconnect.yaml in `/home/cs/Capstone/Capstone-layout/dataconnect`\n"}}
[debug] [2026-10-05T06:23:46.996Z] E1005 02:23:46.996450    6785 watch.go:40] Failed to load config from "/home/cs/Capstone/Capstone-layout/dataconnect": could not find dataconnect.yaml in `/home/cs/Capstone/Capstone-layout/dataconnect`
 {"metadata":{"emulator":{"name":"dataconnect"},"message":"E1005 02:23:46.996450    6785 watch.go:40] Failed to load config from \"/home/cs/Capstone/Capstone-layout/dataconnect\": could not find dataconnect.yaml in `/home/cs/Capstone/Capstone-layout/dataconnect`\n"}}
[debug] [2026-10-05T06:23:56.792Z] E1005 02:23:56.792296    6785 watch.go:40] Failed to load config from "/home/cs/Capstone/Capstone-layout/dataconnect": could not find dataconnect.yaml in `/home/cs/Capstone/Capstone-layout/dataconnect`
 {"metadata":{"emulator":{"name":"dataconnect"},"message":"E1005 02:23:56.792296    6785 watch.go:40] Failed to load config from \"/home/cs/Capstone/Capstone-layout/dataconnect\": could not find dataconnect.yaml in `/home/cs/Capstone/Capstone-layout/dataconnect`\n"}}
[debug] [2026-10-05T06:24:06.803Z] E1005 02:24:06.803358    6785 watch.go:40] Failed to load config from "/home/cs/Capstone/Capstone-layout/dataconnect": could not find dataconnect.yaml in `/home/cs/Capstone/Capstone-layout/dataconnect`
 {"metadata":{"emulator":{"name":"dataconnect"},"message":"E1005 02:24:06.803358    6785 watch.go:40] Failed to load config from \"/home/cs/Capstone/Capstone-layout/dataconnect\": could not find dataconnect.yaml in `/home/cs/Capstone/Capstone-layout/dataconnect`\n"}}
[debug] [2026-10-05T06:24:16.810Z] E1005 02:24:16.810443    6785 watch.go:40] Failed to load config from "/home/cs/Capstone/Capstone-layout/dataconnect": could not find dataconnect.yaml in `/home/cs/Capstone/Capstone-layout/dataconnect`
 {"metadata":{"emulator":{"name":"dataconnect"},"message":"E1005 02:24:16.810443    6785 watch.go:40] Failed to load config from \"/home/cs/Capstone/Capstone-layout/dataconnect\": could not find dataconnect.yaml in `/home/cs/Capstone/Capstone-layout/dataconnect`\n"}}
[debug] [2026-10-05T06:24:26.793Z] E1005 02:24:26.793047    6785 watch.go:40] Failed to load config from "/home/cs/Capstone/Capstone-layout/dataconnect": could not find dataconnect.yaml in `/home/cs/Capstone/Capstone-layout/dataconnect`
 {"metadata":{"emulator":{"name":"dataconnect"},"message":"E1005 02:24:26.793047    6785 watch.go:40] Failed to load config from \"/home/cs/Capstone/Capstone-layout/dataconnect\": could not find dataconnect.yaml in `/home/cs/Capstone/Capstone-layout/dataconnect`\n"}}
[debug] [2026-10-05T06:24:36.809Z] E1005 02:24:36.808529    6785 watch.go:116] watchAllDir unable to walk dir `/home/cs/Capstone/Capstone-layout/dataconnect`: lstat /home/cs/Capstone/Capstone-layout/dataconnect: no such file or directory
E1005 02:24:36.808611    6785 watch.go:40] Failed to load config from "/home/cs/Capstone/Capstone-layout/dataconnect": could not find dataconnect.yaml in `/home/cs/Capstone/Capstone-layout/dataconnect`
 {"metadata":{"emulator":{"name":"dataconnect"},"message":"E1005 02:24:36.808529    6785 watch.go:116] watchAllDir unable to walk dir `/home/cs/Capstone/Capstone-layout/dataconnect`: lstat /home/cs/Capstone/Capstone-layout/dataconnect: no such file or directory\nE1005 02:24:36.808611    6785 watch.go:40] Failed to load config from \"/home/cs/Capstone/Capstone-layout/dataconnect\": could not find dataconnect.yaml in `/home/cs/Capstone/Capstone-layout/dataconnect`\n"}}
[debug] [2026-10-05T06:24:46.794Z] E1005 02:24:46.794819    6785 watch.go:40] Failed to load config from "/home/cs/Capstone/Capstone-layout/dataconnect": could not find dataconnect.yaml in `/home/cs/Capstone/Capstone-layout/dataconnect`
 {"metadata":{"emulator":{"name":"dataconnect"},"message":"E1005 02:24:46.794819    6785 watch.go:40] Failed to load config from \"/home/cs/Capstone/Capstone-layout/dataconnect\": could not find dataconnect.yaml in `/home/cs/Capstone/Capstone-layout/dataconnect`\n"}}
[debug] [2026-10-05T06:24:56.801Z] E1005 02:24:56.800806    6785 watch.go:40] Failed to load config from "/home/cs/Capstone/Capstone-layout/dataconnect": could not find dataconnect.yaml in `/home/cs/Capstone/Capstone-layout/dataconnect`
 {"metadata":{"emulator":{"name":"dataconnect"},"message":"E1005 02:24:56.800806    6785 watch.go:40] Failed to load config from \"/home/cs/Capstone/Capstone-layout/dataconnect\": could not find dataconnect.yaml in `/home/cs/Capstone/Capstone-layout/dataconnect`\n"}}
[debug] [2026-10-05T06:25:06.791Z] E1005 02:25:06.791353    6785 watch.go:40] Failed to load config from "/home/cs/Capstone/Capstone-layout/dataconnect": could not find dataconnect.yaml in `/home/cs/Capstone/Capstone-layout/dataconnect`
 {"metadata":{"emulator":{"name":"dataconnect"},"message":"E1005 02:25:06.791353    6785 watch.go:40] Failed to load config from \"/home/cs/Capstone/Capstone-layout/dataconnect\": could not find dataconnect.yaml in `/home/cs/Capstone/Capstone-layout/dataconnect`\n"}}
[debug] [2026-10-05T06:25:16.816Z] E1005 02:25:16.816167    6785 watch.go:40] Failed to load config from "/home/cs/Capstone/Capstone-layout/dataconnect": could not find dataconnect.yaml in `/home/cs/Capstone/Capstone-layout/dataconnect`
 {"metadata":{"emulator":{"name":"dataconnect"},"message":"E1005 02:25:16.816167    6785 watch.go:40] Failed to load config from \"/home/cs/Capstone/Capstone-layout/dataconnect\": could not find dataconnect.yaml in `/home/cs/Capstone/Capstone-layout/dataconnect`\n"}}
[debug] [2026-10-05T06:25:26.792Z] E1005 02:25:26.792850    6785 watch.go:40] Failed to load config from "/home/cs/Capstone/Capstone-layout/dataconnect": could not find dataconnect.yaml in `/home/cs/Capstone/Capstone-layout/dataconnect`
 {"metadata":{"emulator":{"name":"dataconnect"},"message":"E1005 02:25:26.792850    6785 watch.go:40] Failed to load config from \"/home/cs/Capstone/Capstone-layout/dataconnect\": could not find dataconnect.yaml in `/home/cs/Capstone/Capstone-layout/dataconnect`\n"}}
[debug] [2026-10-05T06:25:36.791Z] E1005 02:25:36.791599    6785 watch.go:116] watchAllDir unable to walk dir `/home/cs/Capstone/Capstone-layout/dataconnect`: lstat /home/cs/Capstone/Capstone-layout/dataconnect: no such file or directory
E1005 02:25:36.791718    6785 watch.go:40] Failed to load config from "/home/cs/Capstone/Capstone-layout/dataconnect": could not find dataconnect.yaml in `/home/cs/Capstone/Capstone-layout/dataconnect`
 {"metadata":{"emulator":{"name":"dataconnect"},"message":"E1005 02:25:36.791599    6785 watch.go:116] watchAllDir unable to walk dir `/home/cs/Capstone/Capstone-layout/dataconnect`: lstat /home/cs/Capstone/Capstone-layout/dataconnect: no such file or directory\nE1005 02:25:36.791718    6785 watch.go:40] Failed to load config from \"/home/cs/Capstone/Capstone-layout/dataconnect\": could not find dataconnect.yaml in `/home/cs/Capstone/Capstone-layout/dataconnect`\n"}}
[debug] [2026-10-05T06:25:46.802Z] E1005 02:25:46.802059    6785 watch.go:40] Failed to load config from "/home/cs/Capstone/Capstone-layout/dataconnect": could not find dataconnect.yaml in `/home/cs/Capstone/Capstone-layout/dataconnect`
 {"metadata":{"emulator":{"name":"dataconnect"},"message":"E1005 02:25:46.802059    6785 watch.go:40] Failed to load config from \"/home/cs/Capstone/Capstone-layout/dataconnect\": could not find dataconnect.yaml in `/home/cs/Capstone/Capstone-layout/dataconnect`\n"}}
[debug] [2026-10-05T06:25:56.796Z] E1005 02:25:56.795539    6785 watch.go:40] Failed to load config from "/home/cs/Capstone/Capstone-layout/dataconnect": could not find dataconnect.yaml in `/home/cs/Capstone/Capstone-layout/dataconnect`
 {"metadata":{"emulator":{"name":"dataconnect"},"message":"E1005 02:25:56.795539    6785 watch.go:40] Failed to load config from \"/home/cs/Capstone/Capstone-layout/dataconnect\": could not find dataconnect.yaml in `/home/cs/Capstone/Capstone-layout/dataconnect`\n"}}
[debug] [2026-10-05T06:26:07.007Z] E1005 02:26:07.007040    6785 watch.go:40] Failed to load config from "/home/cs/Capstone/Capstone-layout/dataconnect": could not find dataconnect.yaml in `/home/cs/Capstone/Capstone-layout/dataconnect`
 {"metadata":{"emulator":{"name":"dataconnect"},"message":"E1005 02:26:07.007040    6785 watch.go:40] Failed to load config from \"/home/cs/Capstone/Capstone-layout/dataconnect\": could not find dataconnect.yaml in `/home/cs/Capstone/Capstone-layout/dataconnect`\n"}}
[debug] [2026-10-05T06:26:17.065Z] E1005 02:26:17.064992    6785 watch.go:40] Failed to load config from "/home/cs/Capstone/Capstone-layout/dataconnect": could not find dataconnect.yaml in `/home/cs/Capstone/Capstone-layout/dataconnect`
 {"metadata":{"emulator":{"name":"dataconnect"},"message":"E1005 02:26:17.064992    6785 watch.go:40] Failed to load config from \"/home/cs/Capstone/Capstone-layout/dataconnect\": could not find dataconnect.yaml in `/home/cs/Capstone/Capstone-layout/dataconnect`\n"}}
[debug] [2026-10-05T06:26:26.799Z] E1005 02:26:26.799176    6785 watch.go:40] Failed to load config from "/home/cs/Capstone/Capstone-layout/dataconnect": could not find dataconnect.yaml in `/home/cs/Capstone/Capstone-layout/dataconnect`
 {"metadata":{"emulator":{"name":"dataconnect"},"message":"E1005 02:26:26.799176    6785 watch.go:40] Failed to load config from \"/home/cs/Capstone/Capstone-layout/dataconnect\": could not find dataconnect.yaml in `/home/cs/Capstone/Capstone-layout/dataconnect`\n"}}
[debug] [2026-10-05T06:26:36.800Z] E1005 02:26:36.799563    6785 watch.go:40] Failed to load config from "/home/cs/Capstone/Capstone-layout/dataconnect": could not find dataconnect.yaml in `/home/cs/Capstone/Capstone-layout/dataconnect`
 {"metadata":{"emulator":{"name":"dataconnect"},"message":"E1005 02:26:36.799563    6785 watch.go:40] Failed to load config from \"/home/cs/Capstone/Capstone-layout/dataconnect\": could not find dataconnect.yaml in `/home/cs/Capstone/Capstone-layout/dataconnect`\n"}}
[debug] [2026-10-05T06:26:36.800Z] E1005 02:26:36.799288    6785 watch.go:116] watchAllDir unable to walk dir `/home/cs/Capstone/Capstone-layout/dataconnect`: lstat /home/cs/Capstone/Capstone-layout/dataconnect: no such file or directory
 {"metadata":{"emulator":{"name":"dataconnect"},"message":"E1005 02:26:36.799288    6785 watch.go:116] watchAllDir unable to walk dir `/home/cs/Capstone/Capstone-layout/dataconnect`: lstat /home/cs/Capstone/Capstone-layout/dataconnect: no such file or directory\n"}}
[debug] [2026-10-05T06:26:46.796Z] E1005 02:26:46.796243    6785 watch.go:40] Failed to load config from "/home/cs/Capstone/Capstone-layout/dataconnect": could not find dataconnect.yaml in `/home/cs/Capstone/Capstone-layout/dataconnect`
 {"metadata":{"emulator":{"name":"dataconnect"},"message":"E1005 02:26:46.796243    6785 watch.go:40] Failed to load config from \"/home/cs/Capstone/Capstone-layout/dataconnect\": could not find dataconnect.yaml in `/home/cs/Capstone/Capstone-layout/dataconnect`\n"}}
[debug] [2026-10-05T06:26:56.802Z] E1005 02:26:56.802338    6785 watch.go:40] Failed to load config from "/home/cs/Capstone/Capstone-layout/dataconnect": could not find dataconnect.yaml in `/home/cs/Capstone/Capstone-layout/dataconnect`
 {"metadata":{"emulator":{"name":"dataconnect"},"message":"E1005 02:26:56.802338    6785 watch.go:40] Failed to load config from \"/home/cs/Capstone/Capstone-layout/dataconnect\": could not find dataconnect.yaml in `/home/cs/Capstone/Capstone-layout/dataconnect`\n"}}
[debug] [2026-10-05T06:27:06.791Z] E1005 02:27:06.791010    6785 watch.go:40] Failed to load config from "/home/cs/Capstone/Capstone-layout/dataconnect": could not find dataconnect.yaml in `/home/cs/Capstone/Capstone-layout/dataconnect`
 {"metadata":{"emulator":{"name":"dataconnect"},"message":"E1005 02:27:06.791010    6785 watch.go:40] Failed to load config from \"/home/cs/Capstone/Capstone-layout/dataconnect\": could not find dataconnect.yaml in `/home/cs/Capstone/Capstone-layout/dataconnect`\n"}}
[debug] [2026-10-05T06:27:16.792Z] E1005 02:27:16.792215    6785 watch.go:40] Failed to load config from "/home/cs/Capstone/Capstone-layout/dataconnect": could not find dataconnect.yaml in `/home/cs/Capstone/Capstone-layout/dataconnect`
 {"metadata":{"emulator":{"name":"dataconnect"},"message":"E1005 02:27:16.792215    6785 watch.go:40] Failed to load config from \"/home/cs/Capstone/Capstone-layout/dataconnect\": could not find dataconnect.yaml in `/home/cs/Capstone/Capstone-layout/dataconnect`\n"}}
[debug] [2026-10-05T06:27:26.824Z] E1005 02:27:26.823355    6785 watch.go:40] Failed to load config from "/home/cs/Capstone/Capstone-layout/dataconnect": could not find dataconnect.yaml in `/home/cs/Capstone/Capstone-layout/dataconnect`
 {"metadata":{"emulator":{"name":"dataconnect"},"message":"E1005 02:27:26.823355    6785 watch.go:40] Failed to load config from \"/home/cs/Capstone/Capstone-layout/dataconnect\": could not find dataconnect.yaml in `/home/cs/Capstone/Capstone-layout/dataconnect`\n"}}
[debug] [2026-10-05T06:27:36.790Z] E1005 02:27:36.790745    6785 watch.go:116] watchAllDir unable to walk dir `/home/cs/Capstone/Capstone-layout/dataconnect`: lstat /home/cs/Capstone/Capstone-layout/dataconnect: no such file or directory
E1005 02:27:36.790846    6785 watch.go:40] Failed to load config from "/home/cs/Capstone/Capstone-layout/dataconnect": could not find dataconnect.yaml in `/home/cs/Capstone/Capstone-layout/dataconnect`
 {"metadata":{"emulator":{"name":"dataconnect"},"message":"E1005 02:27:36.790745    6785 watch.go:116] watchAllDir unable to walk dir `/home/cs/Capstone/Capstone-layout/dataconnect`: lstat /home/cs/Capstone/Capstone-layout/dataconnect: no such file or directory\nE1005 02:27:36.790846    6785 watch.go:40] Failed to load config from \"/home/cs/Capstone/Capstone-layout/dataconnect\": could not find dataconnect.yaml in `/home/cs/Capstone/Capstone-layout/dataconnect`\n"}}
[debug] [2026-10-05T06:27:47.199Z] E1005 02:27:47.198375    6785 watch.go:40] Failed to load config from "/home/cs/Capstone/Capstone-layout/dataconnect": could not find dataconnect.yaml in `/home/cs/Capstone/Capstone-layout/dataconnect`
 {"metadata":{"emulator":{"name":"dataconnect"},"message":"E1005 02:27:47.198375    6785 watch.go:40] Failed to load config from \"/home/cs/Capstone/Capstone-layout/dataconnect\": could not find dataconnect.yaml in `/home/cs/Capstone/Capstone-layout/dataconnect`\n"}}
[debug] [2026-10-05T06:27:56.795Z] E1005 02:27:56.794971    6785 watch.go:40] Failed to load config from "/home/cs/Capstone/Capstone-layout/dataconnect": could not find dataconnect.yaml in `/home/cs/Capstone/Capstone-layout/dataconnect`
 {"metadata":{"emulator":{"name":"dataconnect"},"message":"E1005 02:27:56.794971    6785 watch.go:40] Failed to load config from \"/home/cs/Capstone/Capstone-layout/dataconnect\": could not find dataconnect.yaml in `/home/cs/Capstone/Capstone-layout/dataconnect`\n"}}
[debug] [2026-10-05T06:28:06.798Z] E1005 02:28:06.797997    6785 watch.go:40] Failed to load config from "/home/cs/Capstone/Capstone-layout/dataconnect": could not find dataconnect.yaml in `/home/cs/Capstone/Capstone-layout/dataconnect`
 {"metadata":{"emulator":{"name":"dataconnect"},"message":"E1005 02:28:06.797997    6785 watch.go:40] Failed to load config from \"/home/cs/Capstone/Capstone-layout/dataconnect\": could not find dataconnect.yaml in `/home/cs/Capstone/Capstone-layout/dataconnect`\n"}}
[debug] [2026-10-05T06:28:16.796Z] E1005 02:28:16.796634    6785 watch.go:40] Failed to load config from "/home/cs/Capstone/Capstone-layout/dataconnect": could not find dataconnect.yaml in `/home/cs/Capstone/Capstone-layout/dataconnect`
 {"metadata":{"emulator":{"name":"dataconnect"},"message":"E1005 02:28:16.796634    6785 watch.go:40] Failed to load config from \"/home/cs/Capstone/Capstone-layout/dataconnect\": could not find dataconnect.yaml in `/home/cs/Capstone/Capstone-layout/dataconnect`\n"}}
[debug] [2026-10-05T06:28:26.792Z] E1005 02:28:26.792432    6785 watch.go:40] Failed to load config from "/home/cs/Capstone/Capstone-layout/dataconnect": could not find dataconnect.yaml in `/home/cs/Capstone/Capstone-layout/dataconnect`
 {"metadata":{"emulator":{"name":"dataconnect"},"message":"E1005 02:28:26.792432    6785 watch.go:40] Failed to load config from \"/home/cs/Capstone/Capstone-layout/dataconnect\": could not find dataconnect.yaml in `/home/cs/Capstone/Capstone-layout/dataconnect`\n"}}
[debug] [2026-10-05T06:28:36.815Z] E1005 02:28:36.815392    6785 watch.go:40] Failed to load config from "/home/cs/Capstone/Capstone-layout/dataconnect": could not find dataconnect.yaml in `/home/cs/Capstone/Capstone-layout/dataconnect`
 {"metadata":{"emulator":{"name":"dataconnect"},"message":"E1005 02:28:36.815392    6785 watch.go:40] Failed to load config from \"/home/cs/Capstone/Capstone-layout/dataconnect\": could not find dataconnect.yaml in `/home/cs/Capstone/Capstone-layout/dataconnect`\n"}}
[debug] [2026-10-05T06:28:36.816Z] E1005 02:28:36.815387    6785 watch.go:116] watchAllDir unable to walk dir `/home/cs/Capstone/Capstone-layout/dataconnect`: lstat /home/cs/Capstone/Capstone-layout/dataconnect: no such file or directory
 {"metadata":{"emulator":{"name":"dataconnect"},"message":"E1005 02:28:36.815387    6785 watch.go:116] watchAllDir unable to walk dir `/home/cs/Capstone/Capstone-layout/dataconnect`: lstat /home/cs/Capstone/Capstone-layout/dataconnect: no such file or directory\n"}}
[debug] [2026-10-05T06:28:46.855Z] E1005 02:28:46.855350    6785 watch.go:40] Failed to load config from "/home/cs/Capstone/Capstone-layout/dataconnect": could not find dataconnect.yaml in `/home/cs/Capstone/Capstone-layout/dataconnect`
 {"metadata":{"emulator":{"name":"dataconnect"},"message":"E1005 02:28:46.855350    6785 watch.go:40] Failed to load config from \"/home/cs/Capstone/Capstone-layout/dataconnect\": could not find dataconnect.yaml in `/home/cs/Capstone/Capstone-layout/dataconnect`\n"}}
[debug] [2026-10-05T06:28:56.805Z] E1005 02:28:56.804706    6785 watch.go:40] Failed to load config from "/home/cs/Capstone/Capstone-layout/dataconnect": could not find dataconnect.yaml in `/home/cs/Capstone/Capstone-layout/dataconnect`
 {"metadata":{"emulator":{"name":"dataconnect"},"message":"E1005 02:28:56.804706    6785 watch.go:40] Failed to load config from \"/home/cs/Capstone/Capstone-layout/dataconnect\": could not find dataconnect.yaml in `/home/cs/Capstone/Capstone-layout/dataconnect`\n"}}
[debug] [2026-10-05T06:29:06.792Z] E1005 02:29:06.792512    6785 watch.go:40] Failed to load config from "/home/cs/Capstone/Capstone-layout/dataconnect": could not find dataconnect.yaml in `/home/cs/Capstone/Capstone-layout/dataconnect`
 {"metadata":{"emulator":{"name":"dataconnect"},"message":"E1005 02:29:06.792512    6785 watch.go:40] Failed to load config from \"/home/cs/Capstone/Capstone-layout/dataconnect\": could not find dataconnect.yaml in `/home/cs/Capstone/Capstone-layout/dataconnect`\n"}}
[debug] [2026-10-05T06:29:16.795Z] E1005 02:29:16.795575    6785 watch.go:40] Failed to load config from "/home/cs/Capstone/Capstone-layout/dataconnect": could not find dataconnect.yaml in `/home/cs/Capstone/Capstone-layout/dataconnect`
 {"metadata":{"emulator":{"name":"dataconnect"},"message":"E1005 02:29:16.795575    6785 watch.go:40] Failed to load config from \"/home/cs/Capstone/Capstone-layout/dataconnect\": could not find dataconnect.yaml in `/home/cs/Capstone/Capstone-layout/dataconnect`\n"}}
[debug] [2026-10-05T06:29:26.805Z] E1005 02:29:26.805030    6785 watch.go:40] Failed to load config from "/home/cs/Capstone/Capstone-layout/dataconnect": could not find dataconnect.yaml in `/home/cs/Capstone/Capstone-layout/dataconnect`
 {"metadata":{"emulator":{"name":"dataconnect"},"message":"E1005 02:29:26.805030    6785 watch.go:40] Failed to load config from \"/home/cs/Capstone/Capstone-layout/dataconnect\": could not find dataconnect.yaml in `/home/cs/Capstone/Capstone-layout/dataconnect`\n"}}
[debug] [2026-10-05T06:29:37.123Z] E1005 02:29:37.123620    6785 watch.go:40] Failed to load config from "/home/cs/Capstone/Capstone-layout/dataconnect": could not find dataconnect.yaml in `/home/cs/Capstone/Capstone-layout/dataconnect`
E1005 02:29:37.123593    6785 watch.go:116] watchAllDir unable to walk dir `/home/cs/Capstone/Capstone-layout/dataconnect`: lstat /home/cs/Capstone/Capstone-layout/dataconnect: no such file or directory
 {"metadata":{"emulator":{"name":"dataconnect"},"message":"E1005 02:29:37.123620    6785 watch.go:40] Failed to load config from \"/home/cs/Capstone/Capstone-layout/dataconnect\": could not find dataconnect.yaml in `/home/cs/Capstone/Capstone-layout/dataconnect`\nE1005 02:29:37.123593    6785 watch.go:116] watchAllDir unable to walk dir `/home/cs/Capstone/Capstone-layout/dataconnect`: lstat /home/cs/Capstone/Capstone-layout/dataconnect: no such file or directory\n"}}
[debug] [2026-10-05T06:29:46.810Z] E1005 02:29:46.810431    6785 watch.go:40] Failed to load config from "/home/cs/Capstone/Capstone-layout/dataconnect": could not find dataconnect.yaml in `/home/cs/Capstone/Capstone-layout/dataconnect`
 {"metadata":{"emulator":{"name":"dataconnect"},"message":"E1005 02:29:46.810431    6785 watch.go:40] Failed to load config from \"/home/cs/Capstone/Capstone-layout/dataconnect\": could not find dataconnect.yaml in `/home/cs/Capstone/Capstone-layout/dataconnect`\n"}}
[debug] [2026-10-05T06:29:56.801Z] E1005 02:29:56.801015    6785 watch.go:40] Failed to load config from "/home/cs/Capstone/Capstone-layout/dataconnect": could not find dataconnect.yaml in `/home/cs/Capstone/Capstone-layout/dataconnect`
 {"metadata":{"emulator":{"name":"dataconnect"},"message":"E1005 02:29:56.801015    6785 watch.go:40] Failed to load config from \"/home/cs/Capstone/Capstone-layout/dataconnect\": could not find dataconnect.yaml in `/home/cs/Capstone/Capstone-layout/dataconnect`\n"}}
[debug] [2026-10-05T06:30:06.792Z] E1005 02:30:06.791578    6785 watch.go:40] Failed to load config from "/home/cs/Capstone/Capstone-layout/dataconnect": could not find dataconnect.yaml in `/home/cs/Capstone/Capstone-layout/dataconnect`
 {"metadata":{"emulator":{"name":"dataconnect"},"message":"E1005 02:30:06.791578    6785 watch.go:40] Failed to load config from \"/home/cs/Capstone/Capstone-layout/dataconnect\": could not find dataconnect.yaml in `/home/cs/Capstone/Capstone-layout/dataconnect`\n"}}
[debug] [2026-10-05T06:30:16.795Z] E1005 02:30:16.794744    6785 watch.go:40] Failed to load config from "/home/cs/Capstone/Capstone-layout/dataconnect": could not find dataconnect.yaml in `/home/cs/Capstone/Capstone-layout/dataconnect`
 {"metadata":{"emulator":{"name":"dataconnect"},"message":"E1005 02:30:16.794744    6785 watch.go:40] Failed to load config from \"/home/cs/Capstone/Capstone-layout/dataconnect\": could not find dataconnect.yaml in `/home/cs/Capstone/Capstone-layout/dataconnect`\n"}}
[debug] [2026-10-05T06:30:26.837Z] E1005 02:30:26.836630    6785 watch.go:40] Failed to load config from "/home/cs/Capstone/Capstone-layout/dataconnect": could not find dataconnect.yaml in `/home/cs/Capstone/Capstone-layout/dataconnect`
 {"metadata":{"emulator":{"name":"dataconnect"},"message":"E1005 02:30:26.836630    6785 watch.go:40] Failed to load config from \"/home/cs/Capstone/Capstone-layout/dataconnect\": could not find dataconnect.yaml in `/home/cs/Capstone/Capstone-layout/dataconnect`\n"}}
[debug] [2026-10-05T06:30:36.808Z] E1005 02:30:36.808683    6785 watch.go:116] watchAllDir unable to walk dir `/home/cs/Capstone/Capstone-layout/dataconnect`: lstat /home/cs/Capstone/Capstone-layout/dataconnect: no such file or directory
E1005 02:30:36.808735    6785 watch.go:40] Failed to load config from "/home/cs/Capstone/Capstone-layout/dataconnect": could not find dataconnect.yaml in `/home/cs/Capstone/Capstone-layout/dataconnect`
 {"metadata":{"emulator":{"name":"dataconnect"},"message":"E1005 02:30:36.808683    6785 watch.go:116] watchAllDir unable to walk dir `/home/cs/Capstone/Capstone-layout/dataconnect`: lstat /home/cs/Capstone/Capstone-layout/dataconnect: no such file or directory\nE1005 02:30:36.808735    6785 watch.go:40] Failed to load config from \"/home/cs/Capstone/Capstone-layout/dataconnect\": could not find dataconnect.yaml in `/home/cs/Capstone/Capstone-layout/dataconnect`\n"}}
[debug] [2026-10-05T06:30:46.795Z] E1005 02:30:46.795468    6785 watch.go:40] Failed to load config from "/home/cs/Capstone/Capstone-layout/dataconnect": could not find dataconnect.yaml in `/home/cs/Capstone/Capstone-layout/dataconnect`
 {"metadata":{"emulator":{"name":"dataconnect"},"message":"E1005 02:30:46.795468    6785 watch.go:40] Failed to load config from \"/home/cs/Capstone/Capstone-layout/dataconnect\": could not find dataconnect.yaml in `/home/cs/Capstone/Capstone-layout/dataconnect`\n"}}
[debug] [2026-10-05T06:30:56.800Z] E1005 02:30:56.800541    6785 watch.go:40] Failed to load config from "/home/cs/Capstone/Capstone-layout/dataconnect": could not find dataconnect.yaml in `/home/cs/Capstone/Capstone-layout/dataconnect`
 {"metadata":{"emulator":{"name":"dataconnect"},"message":"E1005 02:30:56.800541    6785 watch.go:40] Failed to load config from \"/home/cs/Capstone/Capstone-layout/dataconnect\": could not find dataconnect.yaml in `/home/cs/Capstone/Capstone-layout/dataconnect`\n"}}
[debug] [2026-10-05T06:31:06.791Z] E1005 02:31:06.790804    6785 watch.go:40] Failed to load config from "/home/cs/Capstone/Capstone-layout/dataconnect": could not find dataconnect.yaml in `/home/cs/Capstone/Capstone-layout/dataconnect`
 {"metadata":{"emulator":{"name":"dataconnect"},"message":"E1005 02:31:06.790804    6785 watch.go:40] Failed to load config from \"/home/cs/Capstone/Capstone-layout/dataconnect\": could not find dataconnect.yaml in `/home/cs/Capstone/Capstone-layout/dataconnect`\n"}}
[debug] [2026-10-05T06:31:16.826Z] E1005 02:31:16.825290    6785 watch.go:40] Failed to load config from "/home/cs/Capstone/Capstone-layout/dataconnect": could not find dataconnect.yaml in `/home/cs/Capstone/Capstone-layout/dataconnect`
 {"metadata":{"emulator":{"name":"dataconnect"},"message":"E1005 02:31:16.825290    6785 watch.go:40] Failed to load config from \"/home/cs/Capstone/Capstone-layout/dataconnect\": could not find dataconnect.yaml in `/home/cs/Capstone/Capstone-layout/dataconnect`\n"}}
[debug] [2026-10-05T06:31:26.792Z] E1005 02:31:26.792069    6785 watch.go:40] Failed to load config from "/home/cs/Capstone/Capstone-layout/dataconnect": could not find dataconnect.yaml in `/home/cs/Capstone/Capstone-layout/dataconnect`
 {"metadata":{"emulator":{"name":"dataconnect"},"message":"E1005 02:31:26.792069    6785 watch.go:40] Failed to load config from \"/home/cs/Capstone/Capstone-layout/dataconnect\": could not find dataconnect.yaml in `/home/cs/Capstone/Capstone-layout/dataconnect`\n"}}
[debug] [2026-10-05T06:31:36.930Z] E1005 02:31:36.930454    6785 watch.go:40] Failed to load config from "/home/cs/Capstone/Capstone-layout/dataconnect": could not find dataconnect.yaml in `/home/cs/Capstone/Capstone-layout/dataconnect`
E1005 02:31:36.930429    6785 watch.go:116] watchAllDir unable to walk dir `/home/cs/Capstone/Capstone-layout/dataconnect`: lstat /home/cs/Capstone/Capstone-layout/dataconnect: no such file or directory
 {"metadata":{"emulator":{"name":"dataconnect"},"message":"E1005 02:31:36.930454    6785 watch.go:40] Failed to load config from \"/home/cs/Capstone/Capstone-layout/dataconnect\": could not find dataconnect.yaml in `/home/cs/Capstone/Capstone-layout/dataconnect`\nE1005 02:31:36.930429    6785 watch.go:116] watchAllDir unable to walk dir `/home/cs/Capstone/Capstone-layout/dataconnect`: lstat /home/cs/Capstone/Capstone-layout/dataconnect: no such file or directory\n"}}
[debug] [2026-10-05T06:31:46.820Z] E1005 02:31:46.820268    6785 watch.go:40] Failed to load config from "/home/cs/Capstone/Capstone-layout/dataconnect": could not find dataconnect.yaml in `/home/cs/Capstone/Capstone-layout/dataconnect`
 {"metadata":{"emulator":{"name":"dataconnect"},"message":"E1005 02:31:46.820268    6785 watch.go:40] Failed to load config from \"/home/cs/Capstone/Capstone-layout/dataconnect\": could not find dataconnect.yaml in `/home/cs/Capstone/Capstone-layout/dataconnect`\n"}}
[debug] [2026-10-05T06:31:56.801Z] E1005 02:31:56.800828    6785 watch.go:40] Failed to load config from "/home/cs/Capstone/Capstone-layout/dataconnect": could not find dataconnect.yaml in `/home/cs/Capstone/Capstone-layout/dataconnect`
 {"metadata":{"emulator":{"name":"dataconnect"},"message":"E1005 02:31:56.800828    6785 watch.go:40] Failed to load config from \"/home/cs/Capstone/Capstone-layout/dataconnect\": could not find dataconnect.yaml in `/home/cs/Capstone/Capstone-layout/dataconnect`\n"}}
[debug] [2026-10-05T06:32:06.791Z] E1005 02:32:06.791408    6785 watch.go:40] Failed to load config from "/home/cs/Capstone/Capstone-layout/dataconnect": could not find dataconnect.yaml in `/home/cs/Capstone/Capstone-layout/dataconnect`
 {"metadata":{"emulator":{"name":"dataconnect"},"message":"E1005 02:32:06.791408    6785 watch.go:40] Failed to load config from \"/home/cs/Capstone/Capstone-layout/dataconnect\": could not find dataconnect.yaml in `/home/cs/Capstone/Capstone-layout/dataconnect`\n"}}
[debug] [2026-10-05T06:32:16.800Z] E1005 02:32:16.800387    6785 watch.go:40] Failed to load config from "/home/cs/Capstone/Capstone-layout/dataconnect": could not find dataconnect.yaml in `/home/cs/Capstone/Capstone-layout/dataconnect`
 {"metadata":{"emulator":{"name":"dataconnect"},"message":"E1005 02:32:16.800387    6785 watch.go:40] Failed to load config from \"/home/cs/Capstone/Capstone-layout/dataconnect\": could not find dataconnect.yaml in `/home/cs/Capstone/Capstone-layout/dataconnect`\n"}}
[debug] [2026-10-05T06:32:26.809Z] E1005 02:32:26.809209    6785 watch.go:40] Failed to load config from "/home/cs/Capstone/Capstone-layout/dataconnect": could not find dataconnect.yaml in `/home/cs/Capstone/Capstone-layout/dataconnect`
 {"metadata":{"emulator":{"name":"dataconnect"},"message":"E1005 02:32:26.809209    6785 watch.go:40] Failed to load config from \"/home/cs/Capstone/Capstone-layout/dataconnect\": could not find dataconnect.yaml in `/home/cs/Capstone/Capstone-layout/dataconnect`\n"}}
[debug] [2026-10-05T06:32:36.793Z] E1005 02:32:36.792573    6785 watch.go:116] watchAllDir unable to walk dir `/home/cs/Capstone/Capstone-layout/dataconnect`: lstat /home/cs/Capstone/Capstone-layout/dataconnect: no such file or directory
E1005 02:32:36.792628    6785 watch.go:40] Failed to load config from "/home/cs/Capstone/Capstone-layout/dataconnect": could not find dataconnect.yaml in `/home/cs/Capstone/Capstone-layout/dataconnect`
 {"metadata":{"emulator":{"name":"dataconnect"},"message":"E1005 02:32:36.792573    6785 watch.go:116] watchAllDir unable to walk dir `/home/cs/Capstone/Capstone-layout/dataconnect`: lstat /home/cs/Capstone/Capstone-layout/dataconnect: no such file or directory\nE1005 02:32:36.792628    6785 watch.go:40] Failed to load config from \"/home/cs/Capstone/Capstone-layout/dataconnect\": could not find dataconnect.yaml in `/home/cs/Capstone/Capstone-layout/dataconnect`\n"}}
[debug] [2026-10-05T06:32:46.792Z] E1005 02:32:46.792379    6785 watch.go:40] Failed to load config from "/home/cs/Capstone/Capstone-layout/dataconnect": could not find dataconnect.yaml in `/home/cs/Capstone/Capstone-layout/dataconnect`
 {"metadata":{"emulator":{"name":"dataconnect"},"message":"E1005 02:32:46.792379    6785 watch.go:40] Failed to load config from \"/home/cs/Capstone/Capstone-layout/dataconnect\": could not find dataconnect.yaml in `/home/cs/Capstone/Capstone-layout/dataconnect`\n"}}
[debug] [2026-10-05T06:32:57.027Z] E1005 02:32:57.026743    6785 watch.go:40] Failed to load config from "/home/cs/Capstone/Capstone-layout/dataconnect": could not find dataconnect.yaml in `/home/cs/Capstone/Capstone-layout/dataconnect`
 {"metadata":{"emulator":{"name":"dataconnect"},"message":"E1005 02:32:57.026743    6785 watch.go:40] Failed to load config from \"/home/cs/Capstone/Capstone-layout/dataconnect\": could not find dataconnect.yaml in `/home/cs/Capstone/Capstone-layout/dataconnect`\n"}}
[debug] [2026-10-05T06:33:06.792Z] E1005 02:33:06.792442    6785 watch.go:40] Failed to load config from "/home/cs/Capstone/Capstone-layout/dataconnect": could not find dataconnect.yaml in `/home/cs/Capstone/Capstone-layout/dataconnect`
 {"metadata":{"emulator":{"name":"dataconnect"},"message":"E1005 02:33:06.792442    6785 watch.go:40] Failed to load config from \"/home/cs/Capstone/Capstone-layout/dataconnect\": could not find dataconnect.yaml in `/home/cs/Capstone/Capstone-layout/dataconnect`\n"}}
[debug] [2026-10-05T06:33:16.807Z] E1005 02:33:16.807016    6785 watch.go:40] Failed to load config from "/home/cs/Capstone/Capstone-layout/dataconnect": could not find dataconnect.yaml in `/home/cs/Capstone/Capstone-layout/dataconnect`
 {"metadata":{"emulator":{"name":"dataconnect"},"message":"E1005 02:33:16.807016    6785 watch.go:40] Failed to load config from \"/home/cs/Capstone/Capstone-layout/dataconnect\": could not find dataconnect.yaml in `/home/cs/Capstone/Capstone-layout/dataconnect`\n"}}
[debug] [2026-10-05T06:33:26.791Z] E1005 02:33:26.791320    6785 watch.go:40] Failed to load config from "/home/cs/Capstone/Capstone-layout/dataconnect": could not find dataconnect.yaml in `/home/cs/Capstone/Capstone-layout/dataconnect`
 {"metadata":{"emulator":{"name":"dataconnect"},"message":"E1005 02:33:26.791320    6785 watch.go:40] Failed to load config from \"/home/cs/Capstone/Capstone-layout/dataconnect\": could not find dataconnect.yaml in `/home/cs/Capstone/Capstone-layout/dataconnect`\n"}}
[debug] [2026-10-05T06:33:36.800Z] E1005 02:33:36.800248    6785 watch.go:116] watchAllDir unable to walk dir `/home/cs/Capstone/Capstone-layout/dataconnect`: lstat /home/cs/Capstone/Capstone-layout/dataconnect: no such file or directory
E1005 02:33:36.800316    6785 watch.go:40] Failed to load config from "/home/cs/Capstone/Capstone-layout/dataconnect": could not find dataconnect.yaml in `/home/cs/Capstone/Capstone-layout/dataconnect`
 {"metadata":{"emulator":{"name":"dataconnect"},"message":"E1005 02:33:36.800248    6785 watch.go:116] watchAllDir unable to walk dir `/home/cs/Capstone/Capstone-layout/dataconnect`: lstat /home/cs/Capstone/Capstone-layout/dataconnect: no such file or directory\nE1005 02:33:36.800316    6785 watch.go:40] Failed to load config from \"/home/cs/Capstone/Capstone-layout/dataconnect\": could not find dataconnect.yaml in `/home/cs/Capstone/Capstone-layout/dataconnect`\n"}}
[debug] [2026-10-05T06:33:46.814Z] E1005 02:33:46.814400    6785 watch.go:40] Failed to load config from "/home/cs/Capstone/Capstone-layout/dataconnect": could not find dataconnect.yaml in `/home/cs/Capstone/Capstone-layout/dataconnect`
 {"metadata":{"emulator":{"name":"dataconnect"},"message":"E1005 02:33:46.814400    6785 watch.go:40] Failed to load config from \"/home/cs/Capstone/Capstone-layout/dataconnect\": could not find dataconnect.yaml in `/home/cs/Capstone/Capstone-layout/dataconnect`\n"}}
[debug] [2026-10-05T06:33:57.184Z] E1005 02:33:57.183842    6785 watch.go:40] Failed to load config from "/home/cs/Capstone/Capstone-layout/dataconnect": could not find dataconnect.yaml in `/home/cs/Capstone/Capstone-layout/dataconnect`
 {"metadata":{"emulator":{"name":"dataconnect"},"message":"E1005 02:33:57.183842    6785 watch.go:40] Failed to load config from \"/home/cs/Capstone/Capstone-layout/dataconnect\": could not find dataconnect.yaml in `/home/cs/Capstone/Capstone-layout/dataconnect`\n"}}
[debug] [2026-10-05T06:34:06.841Z] E1005 02:34:06.841595    6785 watch.go:40] Failed to load config from "/home/cs/Capstone/Capstone-layout/dataconnect": could not find dataconnect.yaml in `/home/cs/Capstone/Capstone-layout/dataconnect`
 {"metadata":{"emulator":{"name":"dataconnect"},"message":"E1005 02:34:06.841595    6785 watch.go:40] Failed to load config from \"/home/cs/Capstone/Capstone-layout/dataconnect\": could not find dataconnect.yaml in `/home/cs/Capstone/Capstone-layout/dataconnect`\n"}}
[debug] [2026-10-05T06:34:16.799Z] E1005 02:34:16.799104    6785 watch.go:40] Failed to load config from "/home/cs/Capstone/Capstone-layout/dataconnect": could not find dataconnect.yaml in `/home/cs/Capstone/Capstone-layout/dataconnect`
 {"metadata":{"emulator":{"name":"dataconnect"},"message":"E1005 02:34:16.799104    6785 watch.go:40] Failed to load config from \"/home/cs/Capstone/Capstone-layout/dataconnect\": could not find dataconnect.yaml in `/home/cs/Capstone/Capstone-layout/dataconnect`\n"}}
[debug] [2026-10-05T06:34:26.837Z] E1005 02:34:26.836823    6785 watch.go:40] Failed to load config from "/home/cs/Capstone/Capstone-layout/dataconnect": could not find dataconnect.yaml in `/home/cs/Capstone/Capstone-layout/dataconnect`
 {"metadata":{"emulator":{"name":"dataconnect"},"message":"E1005 02:34:26.836823    6785 watch.go:40] Failed to load config from \"/home/cs/Capstone/Capstone-layout/dataconnect\": could not find dataconnect.yaml in `/home/cs/Capstone/Capstone-layout/dataconnect`\n"}}
[debug] [2026-10-05T06:34:36.809Z] E1005 02:34:36.808967    6785 watch.go:116] watchAllDir unable to walk dir `/home/cs/Capstone/Capstone-layout/dataconnect`: lstat /home/cs/Capstone/Capstone-layout/dataconnect: no such file or directory
E1005 02:34:36.809106    6785 watch.go:40] Failed to load config from "/home/cs/Capstone/Capstone-layout/dataconnect": could not find dataconnect.yaml in `/home/cs/Capstone/Capstone-layout/dataconnect`
 {"metadata":{"emulator":{"name":"dataconnect"},"message":"E1005 02:34:36.808967    6785 watch.go:116] watchAllDir unable to walk dir `/home/cs/Capstone/Capstone-layout/dataconnect`: lstat /home/cs/Capstone/Capstone-layout/dataconnect: no such file or directory\nE1005 02:34:36.809106    6785 watch.go:40] Failed to load config from \"/home/cs/Capstone/Capstone-layout/dataconnect\": could not find dataconnect.yaml in `/home/cs/Capstone/Capstone-layout/dataconnect`\n"}}
[debug] [2026-10-05T06:34:46.807Z] E1005 02:34:46.806607    6785 watch.go:40] Failed to load config from "/home/cs/Capstone/Capstone-layout/dataconnect": could not find dataconnect.yaml in `/home/cs/Capstone/Capstone-layout/dataconnect`
 {"metadata":{"emulator":{"name":"dataconnect"},"message":"E1005 02:34:46.806607    6785 watch.go:40] Failed to load config from \"/home/cs/Capstone/Capstone-layout/dataconnect\": could not find dataconnect.yaml in `/home/cs/Capstone/Capstone-layout/dataconnect`\n"}}
[debug] [2026-10-05T06:34:56.865Z] E1005 02:34:56.864697    6785 watch.go:40] Failed to load config from "/home/cs/Capstone/Capstone-layout/dataconnect": could not find dataconnect.yaml in `/home/cs/Capstone/Capstone-layout/dataconnect`
 {"metadata":{"emulator":{"name":"dataconnect"},"message":"E1005 02:34:56.864697    6785 watch.go:40] Failed to load config from \"/home/cs/Capstone/Capstone-layout/dataconnect\": could not find dataconnect.yaml in `/home/cs/Capstone/Capstone-layout/dataconnect`\n"}}
[debug] [2026-10-05T06:35:07.057Z] E1005 02:35:07.056537    6785 watch.go:40] Failed to load config from "/home/cs/Capstone/Capstone-layout/dataconnect": could not find dataconnect.yaml in `/home/cs/Capstone/Capstone-layout/dataconnect`
 {"metadata":{"emulator":{"name":"dataconnect"},"message":"E1005 02:35:07.056537    6785 watch.go:40] Failed to load config from \"/home/cs/Capstone/Capstone-layout/dataconnect\": could not find dataconnect.yaml in `/home/cs/Capstone/Capstone-layout/dataconnect`\n"}}
[debug] [2026-10-05T06:35:16.819Z] E1005 02:35:16.818422    6785 watch.go:40] Failed to load config from "/home/cs/Capstone/Capstone-layout/dataconnect": could not find dataconnect.yaml in `/home/cs/Capstone/Capstone-layout/dataconnect`
 {"metadata":{"emulator":{"name":"dataconnect"},"message":"E1005 02:35:16.818422    6785 watch.go:40] Failed to load config from \"/home/cs/Capstone/Capstone-layout/dataconnect\": could not find dataconnect.yaml in `/home/cs/Capstone/Capstone-layout/dataconnect`\n"}}
[debug] [2026-10-05T06:35:26.832Z] E1005 02:35:26.830889    6785 watch.go:40] Failed to load config from "/home/cs/Capstone/Capstone-layout/dataconnect": could not find dataconnect.yaml in `/home/cs/Capstone/Capstone-layout/dataconnect`
 {"metadata":{"emulator":{"name":"dataconnect"},"message":"E1005 02:35:26.830889    6785 watch.go:40] Failed to load config from \"/home/cs/Capstone/Capstone-layout/dataconnect\": could not find dataconnect.yaml in `/home/cs/Capstone/Capstone-layout/dataconnect`\n"}}
[debug] [2026-10-05T06:35:36.792Z] E1005 02:35:36.791964    6785 watch.go:40] Failed to load config from "/home/cs/Capstone/Capstone-layout/dataconnect": could not find dataconnect.yaml in `/home/cs/Capstone/Capstone-layout/dataconnect`
E1005 02:35:36.791881    6785 watch.go:116] watchAllDir unable to walk dir `/home/cs/Capstone/Capstone-layout/dataconnect`: lstat /home/cs/Capstone/Capstone-layout/dataconnect: no such file or directory
 {"metadata":{"emulator":{"name":"dataconnect"},"message":"E1005 02:35:36.791964    6785 watch.go:40] Failed to load config from \"/home/cs/Capstone/Capstone-layout/dataconnect\": could not find dataconnect.yaml in `/home/cs/Capstone/Capstone-layout/dataconnect`\nE1005 02:35:36.791881    6785 watch.go:116] watchAllDir unable to walk dir `/home/cs/Capstone/Capstone-layout/dataconnect`: lstat /home/cs/Capstone/Capstone-layout/dataconnect: no such file or directory\n"}}
[debug] [2026-10-05T06:35:46.857Z] E1005 02:35:46.856141    6785 watch.go:40] Failed to load config from "/home/cs/Capstone/Capstone-layout/dataconnect": could not find dataconnect.yaml in `/home/cs/Capstone/Capstone-layout/dataconnect`
 {"metadata":{"emulator":{"name":"dataconnect"},"message":"E1005 02:35:46.856141    6785 watch.go:40] Failed to load config from \"/home/cs/Capstone/Capstone-layout/dataconnect\": could not find dataconnect.yaml in `/home/cs/Capstone/Capstone-layout/dataconnect`\n"}}
[debug] [2026-10-05T06:35:56.794Z] E1005 02:35:56.794259    6785 watch.go:40] Failed to load config from "/home/cs/Capstone/Capstone-layout/dataconnect": could not find dataconnect.yaml in `/home/cs/Capstone/Capstone-layout/dataconnect`
 {"metadata":{"emulator":{"name":"dataconnect"},"message":"E1005 02:35:56.794259    6785 watch.go:40] Failed to load config from \"/home/cs/Capstone/Capstone-layout/dataconnect\": could not find dataconnect.yaml in `/home/cs/Capstone/Capstone-layout/dataconnect`\n"}}
[debug] [2026-10-05T06:36:06.791Z] E1005 02:36:06.791159    6785 watch.go:40] Failed to load config from "/home/cs/Capstone/Capstone-layout/dataconnect": could not find dataconnect.yaml in `/home/cs/Capstone/Capstone-layout/dataconnect`
 {"metadata":{"emulator":{"name":"dataconnect"},"message":"E1005 02:36:06.791159    6785 watch.go:40] Failed to load config from \"/home/cs/Capstone/Capstone-layout/dataconnect\": could not find dataconnect.yaml in `/home/cs/Capstone/Capstone-layout/dataconnect`\n"}}
[debug] [2026-10-05T06:36:16.833Z] E1005 02:36:16.832081    6785 watch.go:40] Failed to load config from "/home/cs/Capstone/Capstone-layout/dataconnect": could not find dataconnect.yaml in `/home/cs/Capstone/Capstone-layout/dataconnect`
 {"metadata":{"emulator":{"name":"dataconnect"},"message":"E1005 02:36:16.832081    6785 watch.go:40] Failed to load config from \"/home/cs/Capstone/Capstone-layout/dataconnect\": could not find dataconnect.yaml in `/home/cs/Capstone/Capstone-layout/dataconnect`\n"}}
[debug] [2026-10-05T06:36:26.990Z] E1005 02:36:26.989585    6785 watch.go:40] Failed to load config from "/home/cs/Capstone/Capstone-layout/dataconnect": could not find dataconnect.yaml in `/home/cs/Capstone/Capstone-layout/dataconnect`
 {"metadata":{"emulator":{"name":"dataconnect"},"message":"E1005 02:36:26.989585    6785 watch.go:40] Failed to load config from \"/home/cs/Capstone/Capstone-layout/dataconnect\": could not find dataconnect.yaml in `/home/cs/Capstone/Capstone-layout/dataconnect`\n"}}
[debug] [2026-10-05T06:36:37.077Z] E1005 02:36:37.076764    6785 watch.go:116] watchAllDir unable to walk dir `/home/cs/Capstone/Capstone-layout/dataconnect`: lstat /home/cs/Capstone/Capstone-layout/dataconnect: no such file or directory
E1005 02:36:37.077003    6785 watch.go:40] Failed to load config from "/home/cs/Capstone/Capstone-layout/dataconnect": could not find dataconnect.yaml in `/home/cs/Capstone/Capstone-layout/dataconnect`
 {"metadata":{"emulator":{"name":"dataconnect"},"message":"E1005 02:36:37.076764    6785 watch.go:116] watchAllDir unable to walk dir `/home/cs/Capstone/Capstone-layout/dataconnect`: lstat /home/cs/Capstone/Capstone-layout/dataconnect: no such file or directory\nE1005 02:36:37.077003    6785 watch.go:40] Failed to load config from \"/home/cs/Capstone/Capstone-layout/dataconnect\": could not find dataconnect.yaml in `/home/cs/Capstone/Capstone-layout/dataconnect`\n"}}
[debug] [2026-10-05T06:36:46.794Z] E1005 02:36:46.794224    6785 watch.go:40] Failed to load config from "/home/cs/Capstone/Capstone-layout/dataconnect": could not find dataconnect.yaml in `/home/cs/Capstone/Capstone-layout/dataconnect`
 {"metadata":{"emulator":{"name":"dataconnect"},"message":"E1005 02:36:46.794224    6785 watch.go:40] Failed to load config from \"/home/cs/Capstone/Capstone-layout/dataconnect\": could not find dataconnect.yaml in `/home/cs/Capstone/Capstone-layout/dataconnect`\n"}}
[debug] [2026-10-05T06:36:56.791Z] E1005 02:36:56.791060    6785 watch.go:40] Failed to load config from "/home/cs/Capstone/Capstone-layout/dataconnect": could not find dataconnect.yaml in `/home/cs/Capstone/Capstone-layout/dataconnect`
 {"metadata":{"emulator":{"name":"dataconnect"},"message":"E1005 02:36:56.791060    6785 watch.go:40] Failed to load config from \"/home/cs/Capstone/Capstone-layout/dataconnect\": could not find dataconnect.yaml in `/home/cs/Capstone/Capstone-layout/dataconnect`\n"}}
[debug] [2026-10-05T06:37:06.795Z] E1005 02:37:06.795529    6785 watch.go:40] Failed to load config from "/home/cs/Capstone/Capstone-layout/dataconnect": could not find dataconnect.yaml in `/home/cs/Capstone/Capstone-layout/dataconnect`
 {"metadata":{"emulator":{"name":"dataconnect"},"message":"E1005 02:37:06.795529    6785 watch.go:40] Failed to load config from \"/home/cs/Capstone/Capstone-layout/dataconnect\": could not find dataconnect.yaml in `/home/cs/Capstone/Capstone-layout/dataconnect`\n"}}
[debug] [2026-10-05T06:37:16.804Z] E1005 02:37:16.804449    6785 watch.go:40] Failed to load config from "/home/cs/Capstone/Capstone-layout/dataconnect": could not find dataconnect.yaml in `/home/cs/Capstone/Capstone-layout/dataconnect`
 {"metadata":{"emulator":{"name":"dataconnect"},"message":"E1005 02:37:16.804449    6785 watch.go:40] Failed to load config from \"/home/cs/Capstone/Capstone-layout/dataconnect\": could not find dataconnect.yaml in `/home/cs/Capstone/Capstone-layout/dataconnect`\n"}}
[debug] [2026-10-05T06:37:26.839Z] E1005 02:37:26.839315    6785 watch.go:40] Failed to load config from "/home/cs/Capstone/Capstone-layout/dataconnect": could not find dataconnect.yaml in `/home/cs/Capstone/Capstone-layout/dataconnect`
 {"metadata":{"emulator":{"name":"dataconnect"},"message":"E1005 02:37:26.839315    6785 watch.go:40] Failed to load config from \"/home/cs/Capstone/Capstone-layout/dataconnect\": could not find dataconnect.yaml in `/home/cs/Capstone/Capstone-layout/dataconnect`\n"}}
[debug] [2026-10-05T06:37:36.791Z] E1005 02:37:36.791069    6785 watch.go:116] watchAllDir unable to walk dir `/home/cs/Capstone/Capstone-layout/dataconnect`: lstat /home/cs/Capstone/Capstone-layout/dataconnect: no such file or directory
E1005 02:37:36.791123    6785 watch.go:40] Failed to load config from "/home/cs/Capstone/Capstone-layout/dataconnect": could not find dataconnect.yaml in `/home/cs/Capstone/Capstone-layout/dataconnect`
 {"metadata":{"emulator":{"name":"dataconnect"},"message":"E1005 02:37:36.791069    6785 watch.go:116] watchAllDir unable to walk dir `/home/cs/Capstone/Capstone-layout/dataconnect`: lstat /home/cs/Capstone/Capstone-layout/dataconnect: no such file or directory\nE1005 02:37:36.791123    6785 watch.go:40] Failed to load config from \"/home/cs/Capstone/Capstone-layout/dataconnect\": could not find dataconnect.yaml in `/home/cs/Capstone/Capstone-layout/dataconnect`\n"}}
[debug] [2026-10-05T06:37:46.809Z] E1005 02:37:46.809056    6785 watch.go:40] Failed to load config from "/home/cs/Capstone/Capstone-layout/dataconnect": could not find dataconnect.yaml in `/home/cs/Capstone/Capstone-layout/dataconnect`
 {"metadata":{"emulator":{"name":"dataconnect"},"message":"E1005 02:37:46.809056    6785 watch.go:40] Failed to load config from \"/home/cs/Capstone/Capstone-layout/dataconnect\": could not find dataconnect.yaml in `/home/cs/Capstone/Capstone-layout/dataconnect`\n"}}
[debug] [2026-10-05T06:37:56.813Z] E1005 02:37:56.812973    6785 watch.go:40] Failed to load config from "/home/cs/Capstone/Capstone-layout/dataconnect": could not find dataconnect.yaml in `/home/cs/Capstone/Capstone-layout/dataconnect`
 {"metadata":{"emulator":{"name":"dataconnect"},"message":"E1005 02:37:56.812973    6785 watch.go:40] Failed to load config from \"/home/cs/Capstone/Capstone-layout/dataconnect\": could not find dataconnect.yaml in `/home/cs/Capstone/Capstone-layout/dataconnect`\n"}}
[debug] [2026-10-05T06:38:06.791Z] E1005 02:38:06.791386    6785 watch.go:40] Failed to load config from "/home/cs/Capstone/Capstone-layout/dataconnect": could not find dataconnect.yaml in `/home/cs/Capstone/Capstone-layout/dataconnect`
 {"metadata":{"emulator":{"name":"dataconnect"},"message":"E1005 02:38:06.791386    6785 watch.go:40] Failed to load config from \"/home/cs/Capstone/Capstone-layout/dataconnect\": could not find dataconnect.yaml in `/home/cs/Capstone/Capstone-layout/dataconnect`\n"}}
[debug] [2026-10-05T06:38:16.813Z] E1005 02:38:16.813351    6785 watch.go:40] Failed to load config from "/home/cs/Capstone/Capstone-layout/dataconnect": could not find dataconnect.yaml in `/home/cs/Capstone/Capstone-layout/dataconnect`
 {"metadata":{"emulator":{"name":"dataconnect"},"message":"E1005 02:38:16.813351    6785 watch.go:40] Failed to load config from \"/home/cs/Capstone/Capstone-layout/dataconnect\": could not find dataconnect.yaml in `/home/cs/Capstone/Capstone-layout/dataconnect`\n"}}
[debug] [2026-10-05T06:38:26.804Z] E1005 02:38:26.804533    6785 watch.go:40] Failed to load config from "/home/cs/Capstone/Capstone-layout/dataconnect": could not find dataconnect.yaml in `/home/cs/Capstone/Capstone-layout/dataconnect`
 {"metadata":{"emulator":{"name":"dataconnect"},"message":"E1005 02:38:26.804533    6785 watch.go:40] Failed to load config from \"/home/cs/Capstone/Capstone-layout/dataconnect\": could not find dataconnect.yaml in `/home/cs/Capstone/Capstone-layout/dataconnect`\n"}}
[debug] [2026-10-05T06:38:36.791Z] E1005 02:38:36.791090    6785 watch.go:116] watchAllDir unable to walk dir `/home/cs/Capstone/Capstone-layout/dataconnect`: lstat /home/cs/Capstone/Capstone-layout/dataconnect: no such file or directory
E1005 02:38:36.791141    6785 watch.go:40] Failed to load config from "/home/cs/Capstone/Capstone-layout/dataconnect": could not find dataconnect.yaml in `/home/cs/Capstone/Capstone-layout/dataconnect`
 {"metadata":{"emulator":{"name":"dataconnect"},"message":"E1005 02:38:36.791090    6785 watch.go:116] watchAllDir unable to walk dir `/home/cs/Capstone/Capstone-layout/dataconnect`: lstat /home/cs/Capstone/Capstone-layout/dataconnect: no such file or directory\nE1005 02:38:36.791141    6785 watch.go:40] Failed to load config from \"/home/cs/Capstone/Capstone-layout/dataconnect\": could not find dataconnect.yaml in `/home/cs/Capstone/Capstone-layout/dataconnect`\n"}}
[debug] [2026-10-05T06:38:46.794Z] E1005 02:38:46.794356    6785 watch.go:40] Failed to load config from "/home/cs/Capstone/Capstone-layout/dataconnect": could not find dataconnect.yaml in `/home/cs/Capstone/Capstone-layout/dataconnect`
 {"metadata":{"emulator":{"name":"dataconnect"},"message":"E1005 02:38:46.794356    6785 watch.go:40] Failed to load config from \"/home/cs/Capstone/Capstone-layout/dataconnect\": could not find dataconnect.yaml in `/home/cs/Capstone/Capstone-layout/dataconnect`\n"}}
[debug] [2026-10-05T06:38:57.105Z] E1005 02:38:57.105229    6785 watch.go:40] Failed to load config from "/home/cs/Capstone/Capstone-layout/dataconnect": could not find dataconnect.yaml in `/home/cs/Capstone/Capstone-layout/dataconnect`
 {"metadata":{"emulator":{"name":"dataconnect"},"message":"E1005 02:38:57.105229    6785 watch.go:40] Failed to load config from \"/home/cs/Capstone/Capstone-layout/dataconnect\": could not find dataconnect.yaml in `/home/cs/Capstone/Capstone-layout/dataconnect`\n"}}
[debug] [2026-10-05T06:39:06.791Z] E1005 02:39:06.791626    6785 watch.go:40] Failed to load config from "/home/cs/Capstone/Capstone-layout/dataconnect": could not find dataconnect.yaml in `/home/cs/Capstone/Capstone-layout/dataconnect`
 {"metadata":{"emulator":{"name":"dataconnect"},"message":"E1005 02:39:06.791626    6785 watch.go:40] Failed to load config from \"/home/cs/Capstone/Capstone-layout/dataconnect\": could not find dataconnect.yaml in `/home/cs/Capstone/Capstone-layout/dataconnect`\n"}}
[debug] [2026-10-05T06:39:16.796Z] E1005 02:39:16.795914    6785 watch.go:40] Failed to load config from "/home/cs/Capstone/Capstone-layout/dataconnect": could not find dataconnect.yaml in `/home/cs/Capstone/Capstone-layout/dataconnect`
 {"metadata":{"emulator":{"name":"dataconnect"},"message":"E1005 02:39:16.795914    6785 watch.go:40] Failed to load config from \"/home/cs/Capstone/Capstone-layout/dataconnect\": could not find dataconnect.yaml in `/home/cs/Capstone/Capstone-layout/dataconnect`\n"}}
[debug] [2026-10-05T06:39:26.926Z] E1005 02:39:26.925896    6785 watch.go:40] Failed to load config from "/home/cs/Capstone/Capstone-layout/dataconnect": could not find dataconnect.yaml in `/home/cs/Capstone/Capstone-layout/dataconnect`
 {"metadata":{"emulator":{"name":"dataconnect"},"message":"E1005 02:39:26.925896    6785 watch.go:40] Failed to load config from \"/home/cs/Capstone/Capstone-layout/dataconnect\": could not find dataconnect.yaml in `/home/cs/Capstone/Capstone-layout/dataconnect`\n"}}
[debug] [2026-10-05T06:39:36.796Z] E1005 02:39:36.796014    6785 watch.go:116] watchAllDir unable to walk dir `/home/cs/Capstone/Capstone-layout/dataconnect`: lstat /home/cs/Capstone/Capstone-layout/dataconnect: no such file or directory
E1005 02:39:36.796109    6785 watch.go:40] Failed to load config from "/home/cs/Capstone/Capstone-layout/dataconnect": could not find dataconnect.yaml in `/home/cs/Capstone/Capstone-layout/dataconnect`
 {"metadata":{"emulator":{"name":"dataconnect"},"message":"E1005 02:39:36.796014    6785 watch.go:116] watchAllDir unable to walk dir `/home/cs/Capstone/Capstone-layout/dataconnect`: lstat /home/cs/Capstone/Capstone-layout/dataconnect: no such file or directory\nE1005 02:39:36.796109    6785 watch.go:40] Failed to load config from \"/home/cs/Capstone/Capstone-layout/dataconnect\": could not find dataconnect.yaml in `/home/cs/Capstone/Capstone-layout/dataconnect`\n"}}
[debug] [2026-10-05T06:39:46.801Z] E1005 02:39:46.801128    6785 watch.go:40] Failed to load config from "/home/cs/Capstone/Capstone-layout/dataconnect": could not find dataconnect.yaml in `/home/cs/Capstone/Capstone-layout/dataconnect`
 {"metadata":{"emulator":{"name":"dataconnect"},"message":"E1005 02:39:46.801128    6785 watch.go:40] Failed to load config from \"/home/cs/Capstone/Capstone-layout/dataconnect\": could not find dataconnect.yaml in `/home/cs/Capstone/Capstone-layout/dataconnect`\n"}}
[debug] [2026-10-05T06:39:56.985Z] E1005 02:39:56.984921    6785 watch.go:40] Failed to load config from "/home/cs/Capstone/Capstone-layout/dataconnect": could not find dataconnect.yaml in `/home/cs/Capstone/Capstone-layout/dataconnect`
 {"metadata":{"emulator":{"name":"dataconnect"},"message":"E1005 02:39:56.984921    6785 watch.go:40] Failed to load config from \"/home/cs/Capstone/Capstone-layout/dataconnect\": could not find dataconnect.yaml in `/home/cs/Capstone/Capstone-layout/dataconnect`\n"}}
[debug] [2026-10-05T06:40:06.791Z] E1005 02:40:06.791425    6785 watch.go:40] Failed to load config from "/home/cs/Capstone/Capstone-layout/dataconnect": could not find dataconnect.yaml in `/home/cs/Capstone/Capstone-layout/dataconnect`
 {"metadata":{"emulator":{"name":"dataconnect"},"message":"E1005 02:40:06.791425    6785 watch.go:40] Failed to load config from \"/home/cs/Capstone/Capstone-layout/dataconnect\": could not find dataconnect.yaml in `/home/cs/Capstone/Capstone-layout/dataconnect`\n"}}
[debug] [2026-10-05T06:40:16.831Z] E1005 02:40:16.831001    6785 watch.go:40] Failed to load config from "/home/cs/Capstone/Capstone-layout/dataconnect": could not find dataconnect.yaml in `/home/cs/Capstone/Capstone-layout/dataconnect`
 {"metadata":{"emulator":{"name":"dataconnect"},"message":"E1005 02:40:16.831001    6785 watch.go:40] Failed to load config from \"/home/cs/Capstone/Capstone-layout/dataconnect\": could not find dataconnect.yaml in `/home/cs/Capstone/Capstone-layout/dataconnect`\n"}}
[debug] [2026-10-05T06:40:26.801Z] E1005 02:40:26.801256    6785 watch.go:40] Failed to load config from "/home/cs/Capstone/Capstone-layout/dataconnect": could not find dataconnect.yaml in `/home/cs/Capstone/Capstone-layout/dataconnect`
 {"metadata":{"emulator":{"name":"dataconnect"},"message":"E1005 02:40:26.801256    6785 watch.go:40] Failed to load config from \"/home/cs/Capstone/Capstone-layout/dataconnect\": could not find dataconnect.yaml in `/home/cs/Capstone/Capstone-layout/dataconnect`\n"}}
